ID,pollutant,tissue,concentration,status,outlier,prediction,residual,model_anomaly,final_anomaly_flag
49_14_muscle,Metal_A,muscle,14.51,Detected,no,4.712542126361265,-95.82482766522617,False,False
49_14_liver,Metal_A,liver,70.5,Detected,no,4.712542126361265,-39.83482766522617,False,False
49_14_inksac,Metal_A,inksac,6.95,Detected,no,4.712542126361265,-103.38482766522617,False,False
49_14_stomach,Metal_A,stomach,6235.04,Detected,no,4.712542126361265,6124.705172334774,False,False
49_07_muscle,Metal_A,muscle,14.99,Detected,no,4.712542126361265,-95.34482766522618,False,False
49_07_liver,Metal_A,liver,87.69,Detected,no,4.712542126361265,-22.644827665226174,False,False
49_07_inksac,Metal_A,inksac,60.96,Detected,no,4.712542126361265,-49.37482766522617,False,False
49_07_stomach,Metal_A,stomach,3709.4,Detected,no,4.712542126361265,3599.0651723347737,False,False
49_11_muscle,Metal_A,muscle,16.4,Detected,no,4.712542126361265,-93.93482766522618,False,False
49_11_liver,Metal_A,liver,81.7,Detected,no,4.712542126361265,-28.63482766522617,False,False
49_11_inksac,Metal_A,inksac,74.86,Detected,no,4.712542126361265,-35.47482766522617,False,False
49_11_stomach,Metal_A,stomach,8378.81,Detected,no,4.712542126361265,8268.475172334773,True,True
49_12_muscle,Metal_A,muscle,10.54,Detected,no,4.712542126361265,-99.79482766522617,False,False
49_12_liver,Metal_A,liver,67.66,Detected,no,4.712542126361265,-42.674827665226175,False,False
49_12_inksac,Metal_A,inksac,27.01,Detected,no,4.712542126361265,-83.32482766522617,False,False
49_12_stomach,Metal_A,stomach,7074.96,Detected,no,4.712542126361265,6964.625172334774,False,False
49_15_muscle,Metal_A,muscle,18.51,Detected,no,4.712542126361265,-91.82482766522617,False,False
49_15_liver,Metal_A,liver,92.21,Detected,no,4.712542126361265,-18.124827665226178,False,False
49_15_inksac,Metal_A,inksac,64.92,Detected,no,4.712542126361265,-45.41482766522617,False,False
49_15_stomach,Metal_A,stomach,5934.23,Detected,no,4.712542126361265,5823.895172334774,False,False
49_10_muscle,Metal_A,muscle,8.86,Detected,no,4.712542126361265,-101.47482766522617,False,False
49_13_muscle,Metal_A,muscle,10.29,Detected,no,4.712542126361265,-100.04482766522617,False,False
49_10_liver,Metal_A,liver,65.87,Detected,no,4.712542126361265,-44.46482766522617,False,False
49_13_liver,Metal_A,liver,70.05,Detected,no,4.712542126361265,-40.284827665226175,False,False
49_10_inksac,Metal_A,inksac,16.0,Detected,no,4.712542126361265,-94.33482766522617,False,False
49_13_inksac,Metal_A,inksac,29.74,Detected,no,4.712542126361265,-80.59482766522618,False,False
49_10_stomach,Metal_A,stomach,1296.54,Detected,no,4.712542126361265,1186.2051723347738,False,False
49_13_stomach,Metal_A,stomach,2953.64,Detected,no,4.712542126361265,2843.3051723347735,False,False
49_08_muscle,Metal_A,muscle,18.87,Detected,no,4.712542126361265,-91.46482766522617,False,False
49_08_liver,Metal_A,liver,56.63,Detected,no,4.712542126361265,-53.70482766522617,False,False
49_08_inksac,Metal_A,inksac,64.31,Detected,no,4.712542126361265,-46.02482766522617,False,False
49_08_stomach,Metal_A,stomach,2573.67,Detected,no,4.712542126361265,2463.3351723347737,False,False
60_10_muscle,Metal_A,muscle,0.8,BLOD,no,3.691352529514493,-38.29904543896059,False,False
60_10_liver,Metal_A,liver,3.67,Detected,no,3.691352529514493,-35.429045438960586,False,False
60_10_stomach,Metal_A,stomach,1540.66,Detected,no,3.691352529514493,1501.5609545610396,False,False
49_06_muscle,Metal_A,muscle,11.19,Detected,no,4.712542126361265,-99.14482766522617,False,False
49_06_liver,Metal_A,liver,96.71,Detected,no,4.712542126361265,-13.624827665226178,False,False
49_06_inksac,Metal_A,inksac,69.71,Detected,no,4.712542126361265,-40.62482766522618,False,False
49_06_stomach,Metal_A,stomach,5996.68,Detected,no,4.712542126361265,5886.345172334774,False,False
60_09_muscle,Metal_A,muscle,0.82,BLOD,no,3.691352529514493,-38.27904543896059,False,False
60_09_liver,Metal_A,liver,0.43,Detected,no,3.691352529514493,-38.66904543896059,False,False
60_09_inksac,Metal_A,inksac,53.7,Detected,no,3.691352529514493,14.600954561039416,False,False
60_09_stomach,Metal_A,stomach,3813.94,Detected,no,3.691352529514493,3774.8409545610393,False,False
49_09_muscle,Metal_A,muscle,16.59,Detected,no,4.712542126361265,-93.74482766522617,False,False
49_09_liver,Metal_A,liver,111.33,Detected,no,4.712542126361265,0.9951723347738266,False,False
49_09_inksac,Metal_A,inksac,45.58,Detected,no,4.712542126361265,-64.75482766522617,False,False
49_09_stomach,Metal_A,stomach,3000.45,Detected,no,4.712542126361265,2890.1151723347734,False,False
65_07_muscle,Metal_A,muscle,0.81,BLOD,no,3.516789704622431,-31.8661443742723,False,False
65_07_liver,Metal_A,liver,1.78,Detected,no,3.516789704622431,-30.896144374272296,False,False
65_07_inksac,Metal_A,inksac,64.59,Detected,no,3.516789704622431,31.913855625727706,False,False
65_07_stomach,Metal_A,stomach,3759.7,Detected,no,3.516789704622431,3727.0238556257277,False,False
65_06_muscle,Metal_A,muscle,0.78,BLOD,no,3.516789704622431,-31.896144374272296,False,False
65_06_liver,Metal_A,liver,2.15,Detected,no,3.516789704622431,-30.5261443742723,False,False
65_06_inksac,Metal_A,inksac,8.12,Detected,no,3.516789704622431,-24.5561443742723,False,False
65_06_stomach,Metal_A,stomach,1538.23,Detected,no,3.516789704622431,1505.5538556257277,False,False
65_08_muscle,Metal_A,muscle,0.72,BLOD,no,3.516789704622431,-31.9561443742723,False,False
65_08_liver,Metal_A,liver,2.03,Detected,no,3.516789704622431,-30.646144374272296,False,False
65_08_stomach,Metal_A,stomach,4532.01,Detected,no,3.516789704622431,4499.333855625728,False,False
60_08_muscle,Metal_A,muscle,0.82,BLOD,no,3.691352529514493,-38.27904543896059,False,False
60_08_liver,Metal_A,liver,0.04,Detected,no,3.691352529514493,-39.05904543896059,False,False
60_08_inksac,Metal_A,inksac,212.5,Detected,yes,3.691352529514493,173.4009545610394,False,True
60_08_stomach,Metal_A,stomach,3591.76,Detected,no,3.691352529514493,3552.6609545610395,False,False
60_12_muscle,Metal_A,muscle,0.82,BLOD,no,3.691352529514493,-38.27904543896059,False,False
60_12_liver,Metal_A,liver,1.32,Detected,no,3.691352529514493,-37.77904543896059,False,False
60_12_inksac,Metal_A,inksac,56.82,Detected,no,3.691352529514493,17.720954561039413,False,False
60_12_stomach,Metal_A,stomach,6443.75,Detected,no,3.691352529514493,6404.65095456104,False,False
60_01_muscle,Metal_A,muscle,0.83,BLOD,no,3.691352529514493,-38.26904543896059,False,False
60_01_liver,Metal_A,liver,4.89,Detected,no,3.691352529514493,-34.20904543896059,False,False
60_01_inksac,Metal_A,inksac,58.43,Detected,no,3.691352529514493,19.330954561039412,False,False
60_01_stomach,Metal_A,stomach,1589.72,Detected,no,3.691352529514493,1550.6209545610395,False,False
65_01_muscle,Metal_A,muscle,0.78,BLOD,no,3.516789704622431,-31.896144374272296,False,False
65_01_liver,Metal_A,liver,4.61,Detected,no,3.516789704622431,-28.066144374272298,False,False
65_01_stomach,Metal_A,stomach,1582.34,Detected,no,3.516789704622431,1549.6638556257276,False,False
28_12_muscle,Metal_A,muscle,7.26,Detected,no,5.27518968323683,-187.1675423258521,False,False
28_12_liver,Metal_A,liver,86.43,Detected,no,5.27518968323683,-107.9975423258521,False,False
28_12_stomach,Metal_A,stomach,11396.88,Detected,no,5.27518968323683,11202.452457674148,True,True
65_15_muscle,Metal_A,muscle,0.87,BLOD,no,3.516789704622431,-31.806144374272296,False,False
65_15_liver,Metal_A,liver,0.23,Detected,no,3.516789704622431,-32.4461443742723,False,False
65_15_inksac,Metal_A,inksac,28.09,Detected,no,3.516789704622431,-4.586144374272298,False,False
65_15_stomach,Metal_A,stomach,1695.69,Detected,no,3.516789704622431,1663.0138556257277,False,False
65_09_muscle,Metal_A,muscle,0.76,BLOD,no,3.516789704622431,-31.916144374272296,False,False
65_09_liver,Metal_A,liver,4.6,Detected,no,3.516789704622431,-28.076144374272296,False,False
65_09_inksac,Metal_A,inksac,102.29,Detected,no,3.516789704622431,69.61385562572771,False,False
65_09_stomach,Metal_A,stomach,2131.87,Detected,no,3.516789704622431,2099.193855625728,False,False
65_02_muscle,Metal_A,muscle,0.85,BLOD,no,3.516789704622431,-31.826144374272296,False,False
65_12_muscle,Metal_A,muscle,0.76,BLOD,no,3.516789704622431,-31.916144374272296,False,False
65_02_liver,Metal_A,liver,3.28,Detected,no,3.516789704622431,-29.396144374272296,False,False
65_12_liver,Metal_A,liver,2.64,Detected,no,3.516789704622431,-30.036144374272297,False,False
65_02_inksac,Metal_A,inksac,56.37,Detected,no,3.516789704622431,23.6938556257277,False,False
65_12_inksac,Metal_A,inksac,9.02,Detected,no,3.516789704622431,-23.656144374272298,False,False
65_02_stomach,Metal_A,stomach,6237.51,Detected,no,3.516789704622431,6204.833855625728,False,False
65_12_stomach,Metal_A,stomach,4669.97,Detected,no,3.516789704622431,4637.293855625728,False,False
60_11_muscle,Metal_A,muscle,0.79,BLOD,no,3.691352529514493,-38.30904543896059,False,False
60_11_liver,Metal_A,liver,0.8,BLOD,no,3.691352529514493,-38.29904543896059,False,False
60_11_inksac,Metal_A,inksac,64.63,Detected,no,3.691352529514493,25.530954561039408,False,False
60_11_stomach,Metal_A,stomach,7530.67,Detected,no,3.691352529514493,7491.57095456104,False,False
60_14_muscle,Metal_A,muscle,0.78,BLOD,no,3.691352529514493,-38.319045438960586,False,False
60_14_liver,Metal_A,liver,2.43,Detected,no,3.691352529514493,-36.66904543896059,False,False
60_14_inksac,Metal_A,inksac,39.46,Detected,no,3.691352529514493,0.3609545610394136,False,False
60_14_stomach,Metal_A,stomach,7413.39,Detected,no,3.691352529514493,7374.29095456104,False,False
60_05_muscle,Metal_A,muscle,0.84,BLOD,no,3.691352529514493,-38.259045438960584,False,False
60_05_liver,Metal_A,liver,1.2,Detected,no,3.691352529514493,-37.899045438960584,False,False
60_05_inksac,Metal_A,inksac,68.98,Detected,no,3.691352529514493,29.880954561039417,False,False
60_05_stomach,Metal_A,stomach,6561.83,Detected,no,3.691352529514493,6522.73095456104,False,False
65_11_muscle,Metal_A,muscle,0.83,BLOD,no,3.516789704622431,-31.8461443742723,False,False
65_11_liver,Metal_A,liver,0.31,Detected,no,3.516789704622431,-32.366144374272295,False,False
65_11_inksac,Metal_A,inksac,10.91,Detected,no,3.516789704622431,-21.766144374272297,False,False
65_11_stomach,Metal_A,stomach,3202.86,Detected,no,3.516789704622431,3170.183855625728,False,False
60_13_muscle,Metal_A,muscle,0.83,BLOD,no,3.691352529514493,-38.26904543896059,False,False
65_10_muscle,Metal_A,muscle,0.84,BLOD,no,3.516789704622431,-31.836144374272298,False,False
60_13_liver,Metal_A,liver,4.2,Detected,no,3.691352529514493,-34.899045438960584,False,False
65_10_liver,Metal_A,liver,2.19,Detected,no,3.516789704622431,-30.486144374272296,False,False
60_13_inksac,Metal_A,inksac,79.13,Detected,no,3.691352529514493,40.03095456103941,False,False
65_10_inksac,Metal_A,inksac,79.97,Detected,no,3.516789704622431,47.2938556257277,False,False
60_13_stomach,Metal_A,stomach,1729.81,Detected,no,3.691352529514493,1690.7109545610394,False,False
65_10_stomach,Metal_A,stomach,3418.73,Detected,no,3.516789704622431,3386.053855625728,False,False
60_07_muscle,Metal_A,muscle,0.78,BLOD,no,3.691352529514493,-38.319045438960586,False,False
60_07_liver,Metal_A,liver,2.72,Detected,no,3.691352529514493,-36.37904543896059,False,False
60_07_stomach,Metal_A,stomach,4197.81,Detected,no,3.691352529514493,4158.71095456104,False,False
65_14_muscle,Metal_A,muscle,0.84,BLOD,no,3.516789704622431,-31.836144374272298,False,False
65_14_liver,Metal_A,liver,1.87,Detected,no,3.516789704622431,-30.806144374272296,False,False
65_14_stomach,Metal_A,stomach,1206.27,Detected,no,3.516789704622431,1173.5938556257277,False,False
28_04_muscle,Metal_A,muscle,2.37,Detected,no,5.27518968323683,-192.0575423258521,False,False
28_04_liver,Metal_A,liver,124.66,Detected,no,5.27518968323683,-69.7675423258521,False,False
28_04_stomach,Metal_A,stomach,575.0,Detected,no,5.27518968323683,380.5724576741479,False,False
60_02_muscle,Metal_A,muscle,0.85,BLOD,no,3.691352529514493,-38.249045438960586,False,False
60_02_liver,Metal_A,liver,5.14,Detected,no,3.691352529514493,-33.95904543896059,False,False
60_02_inksac,Metal_A,inksac,57.57,Detected,no,3.691352529514493,18.470954561039413,False,False
60_02_stomach,Metal_A,stomach,2448.64,Detected,no,3.691352529514493,2409.540954561039,False,False
60_03_muscle,Metal_A,muscle,0.77,BLOD,no,3.691352529514493,-38.329045438960584,False,False
60_04_muscle,Metal_A,muscle,0.83,BLOD,no,3.691352529514493,-38.26904543896059,False,False
60_03_liver,Metal_A,liver,0.72,Detected,no,3.691352529514493,-38.37904543896059,False,False
60_04_liver,Metal_A,liver,0.78,Detected,no,3.691352529514493,-38.319045438960586,False,False
60_04_inksac,Metal_A,inksac,59.13,Detected,no,3.691352529514493,20.030954561039415,False,False
60_03_stomach,Metal_A,stomach,1510.36,Detected,no,3.691352529514493,1471.2609545610394,False,False
60_04_stomach,Metal_A,stomach,6457.85,Detected,no,3.691352529514493,6418.75095456104,False,False
47_12_muscle,Metal_A,muscle,20.1,Detected,no,4.591518163860535,-77.54407440978471,False,False
47_12_liver,Metal_A,liver,87.71,Detected,no,4.591518163860535,-9.934074409784714,False,False
47_12_inksac,Metal_A,inksac,62.13,Detected,no,4.591518163860535,-35.514074409784705,False,False
47_12_stomach,Metal_A,stomach,3229.31,Detected,no,4.591518163860535,3131.665925590215,False,False
65_13_muscle,Metal_A,muscle,0.8,BLOD,no,3.516789704622431,-31.876144374272297,False,False
65_13_liver,Metal_A,liver,1.97,Detected,no,3.516789704622431,-30.7061443742723,False,False
65_13_inksac,Metal_A,inksac,95.83,Detected,no,3.516789704622431,63.1538556257277,False,False
65_13_stomach,Metal_A,stomach,5768.68,Detected,no,3.516789704622431,5736.003855625728,False,False
60_06_muscle,Metal_A,muscle,0.83,BLOD,no,3.691352529514493,-38.26904543896059,False,False
60_06_liver,Metal_A,liver,6.13,Detected,no,3.691352529514493,-32.969045438960585,False,False
60_06_inksac,Metal_A,inksac,34.08,Detected,no,3.691352529514493,-5.019045438960589,False,False
60_06_stomach,Metal_A,stomach,4745.3,Detected,no,3.691352529514493,4706.20095456104,False,False
49_01_muscle,Metal_A,muscle,9.29,Detected,no,4.712542126361265,-101.04482766522617,False,False
49_01_liver,Metal_A,liver,73.2,Detected,no,4.712542126361265,-37.13482766522617,False,False
49_01_stomach,Metal_A,stomach,7051.11,Detected,no,4.712542126361265,6940.775172334774,False,False
26_15_muscle,Metal_A,muscle,4.95,Detected,no,4.601846264165487,-93.71815962899188,False,False
26_15_liver,Metal_A,liver,79.6,Detected,no,4.601846264165487,-19.068159628991893,False,False
26_15_stomach,Metal_A,stomach,5334.46,Detected,no,4.601846264165487,5235.791840371008,False,False
28_10_muscle,Metal_A,muscle,14.23,Detected,no,5.27518968323683,-180.1975423258521,False,False
28_10_liver,Metal_A,liver,83.99,Detected,no,5.27518968323683,-110.4375423258521,False,False
28_10_stomach,Metal_A,stomach,1992.34,Detected,no,5.27518968323683,1797.9124576741478,False,False
60_15_muscle,Metal_A,muscle,0.8,BLOD,no,3.691352529514493,-38.29904543896059,False,False
60_15_liver,Metal_A,liver,0.67,Detected,no,3.691352529514493,-38.429045438960586,False,False
60_15_stomach,Metal_A,stomach,7148.43,Detected,no,3.691352529514493,7109.33095456104,False,False
47_03_muscle,Metal_A,muscle,4.42,Detected,no,4.591518163860535,-93.2240744097847,False,False
47_03_liver,Metal_A,liver,124.19,Detected,no,4.591518163860535,26.54592559021529,False,False
47_03_inksac,Metal_A,inksac,20.63,Detected,no,4.591518163860535,-77.01407440978471,False,False
47_03_stomach,Metal_A,stomach,7267.24,Detected,no,4.591518163860535,7169.595925590215,False,False
28_08_muscle,Metal_A,muscle,1.75,Detected,no,5.27518968323683,-192.6775423258521,False,False
28_08_liver,Metal_A,liver,115.32,Detected,no,5.27518968323683,-79.10754232585211,False,False
28_08_stomach,Metal_A,stomach,3878.2,Detected,no,5.27518968323683,3683.7724576741475,False,False
26_07_muscle,Metal_A,muscle,14.52,Detected,no,4.601846264165487,-84.14815962899189,False,False
26_07_liver,Metal_A,liver,135.45,Detected,no,4.601846264165487,36.7818403710081,False,False
26_07_stomach,Metal_A,stomach,4823.76,Detected,no,4.601846264165487,4725.091840371008,False,False
65_03_muscle,Metal_A,muscle,0.86,BLOD,no,3.516789704622431,-31.816144374272298,False,False
65_03_liver,Metal_A,liver,1.55,Detected,no,3.516789704622431,-31.126144374272297,False,False
65_03_inksac,Metal_A,inksac,42.02,Detected,no,3.516789704622431,9.343855625727706,False,False
65_03_stomach,Metal_A,stomach,4304.52,Detected,no,3.516789704622431,4271.843855625728,False,False
65_04_muscle,Metal_A,muscle,0.79,BLOD,no,3.516789704622431,-31.8861443742723,False,False
65_04_liver,Metal_A,liver,1.22,Detected,no,3.516789704622431,-31.4561443742723,False,False
65_04_inksac,Metal_A,inksac,64.66,Detected,no,3.516789704622431,31.9838556257277,False,False
65_04_stomach,Metal_A,stomach,3809.88,Detected,no,3.516789704622431,3777.203855625728,False,False
26_03_muscle,Metal_A,muscle,19.4,Detected,no,4.601846264165487,-79.2681596289919,False,False
26_03_liver,Metal_A,liver,83.17,Detected,no,4.601846264165487,-15.498159628991885,False,False
26_03_stomach,Metal_A,stomach,10651.56,Detected,no,4.601846264165487,10552.891840371007,True,True
28_11_muscle,Metal_A,muscle,6.6,Detected,no,5.27518968323683,-187.8275423258521,False,False
28_11_liver,Metal_A,liver,97.57,Detected,no,5.27518968323683,-96.85754232585211,False,False
28_11_stomach,Metal_A,stomach,12336.14,Detected,no,5.27518968323683,12141.712457674148,True,True
47_07_muscle,Metal_A,muscle,14.79,Detected,no,4.591518163860535,-82.85407440978472,False,False
47_07_liver,Metal_A,liver,97.11,Detected,no,4.591518163860535,-0.5340744097847079,False,False
47_07_inksac,Metal_A,inksac,85.89,Detected,no,4.591518163860535,-11.754074409784707,False,False
47_07_stomach,Metal_A,stomach,3034.13,Detected,no,4.591518163860535,2936.4859255902156,False,False
26_09_muscle,Metal_A,muscle,4.05,Detected,no,4.601846264165487,-94.61815962899189,False,False
26_09_liver,Metal_A,liver,122.12,Detected,no,4.601846264165487,23.451840371008117,False,False
26_09_stomach,Metal_A,stomach,4669.83,Detected,no,4.601846264165487,4571.161840371008,False,False
65_05_muscle,Metal_A,muscle,0.76,BLOD,no,3.516789704622431,-31.916144374272296,False,False
65_05_liver,Metal_A,liver,3.48,Detected,no,3.516789704622431,-29.196144374272297,False,False
65_05_stomach,Metal_A,stomach,4196.57,Detected,no,3.516789704622431,4163.893855625727,False,False
26_08_muscle,Metal_A,muscle,5.38,Detected,no,4.601846264165487,-93.28815962899189,False,False
26_08_liver,Metal_A,liver,134.72,Detected,no,4.601846264165487,36.05184037100811,False,False
26_08_stomach,Metal_A,stomach,6971.94,Detected,no,4.601846264165487,6873.271840371008,False,False
47_02_muscle,Metal_A,muscle,13.56,Detected,no,4.591518163860535,-84.0840744097847,False,False
47_02_liver,Metal_A,liver,85.45,Detected,no,4.591518163860535,-12.194074409784704,False,False
47_02_inksac,Metal_A,inksac,64.63,Detected,no,4.591518163860535,-33.01407440978471,False,False
47_02_stomach,Metal_A,stomach,1683.29,Detected,no,4.591518163860535,1585.6459255902153,False,False
28_05_muscle,Metal_A,muscle,18.43,Detected,no,5.27518968323683,-175.9975423258521,False,False
28_05_liver,Metal_A,liver,128.26,Detected,no,5.27518968323683,-66.16754232585211,False,False
28_05_stomach,Metal_A,stomach,6424.76,Detected,no,5.27518968323683,6230.332457674148,False,False
26_04_muscle,Metal_A,muscle,13.43,Detected,no,4.601846264165487,-85.2381596289919,False,False
26_04_liver,Metal_A,liver,74.17,Detected,no,4.601846264165487,-24.498159628991885,False,False
26_04_stomach,Metal_A,stomach,259.46,Detected,no,4.601846264165487,160.7918403710081,False,False
47_13_muscle,Metal_A,muscle,1.38,Detected,no,4.591518163860535,-96.26407440978471,False,False
47_14_muscle,Metal_A,muscle,13.6,Detected,no,4.591518163860535,-84.04407440978471,False,False
47_13_liver,Metal_A,liver,114.63,Detected,no,4.591518163860535,16.985925590215288,False,False
47_14_liver,Metal_A,liver,76.5,Detected,no,4.591518163860535,-21.144074409784707,False,False
47_13_inksac,Metal_A,inksac,76.92,Detected,no,4.591518163860535,-20.724074409784706,False,False
47_14_inksac,Metal_A,inksac,107.81,Detected,no,4.591518163860535,10.165925590215295,False,False
47_13_stomach,Metal_A,stomach,8296.4,Detected,no,4.591518163860535,8198.755925590214,False,False
47_14_stomach,Metal_A,stomach,7799.52,Detected,no,4.591518163860535,7701.875925590216,False,False
28_03_muscle,Metal_A,muscle,11.35,Detected,no,5.27518968323683,-183.0775423258521,False,False
28_03_liver,Metal_A,liver,119.11,Detected,no,5.27518968323683,-75.3175423258521,False,False
28_03_stomach,Metal_A,stomach,3928.39,Detected,no,5.27518968323683,3733.9624576741476,False,False
28_02_muscle,Metal_A,muscle,4.22,BLOD,no,5.27518968323683,-190.2075423258521,False,False
28_02_liver,Metal_A,liver,110.93,Detected,no,5.27518968323683,-83.4975423258521,False,False
28_02_stomach,Metal_A,stomach,10819.08,Detected,no,5.27518968323683,10624.652457674149,True,True
49_05_muscle,Metal_A,muscle,13.68,Detected,no,4.712542126361265,-96.65482766522618,False,False
49_05_liver,Metal_A,liver,73.13,Detected,no,4.712542126361265,-37.204827665226176,False,False
49_05_inksac,Metal_A,inksac,71.61,Detected,no,4.712542126361265,-38.72482766522617,False,False
49_05_stomach,Metal_A,stomach,4228.47,Detected,no,4.712542126361265,4118.135172334774,False,False
28_06_muscle,Metal_A,muscle,7.22,Detected,no,5.27518968323683,-187.2075423258521,False,False
28_06_liver,Metal_A,liver,114.22,Detected,no,5.27518968323683,-80.2075423258521,False,False
28_06_stomach,Metal_A,stomach,9470.32,Detected,no,5.27518968323683,9275.892457674148,True,True
28_09_muscle,Metal_A,muscle,2.52,Detected,no,5.27518968323683,-191.9075423258521,False,False
28_09_liver,Metal_A,liver,94.97,Detected,no,5.27518968323683,-99.4575423258521,False,False
28_09_stomach,Metal_A,stomach,4716.11,Detected,no,5.27518968323683,4521.682457674147,False,False
49_02_muscle,Metal_A,muscle,6.34,Detected,no,4.712542126361265,-103.99482766522617,False,False
49_02_liver,Metal_A,liver,114.76,Detected,no,4.712542126361265,4.425172334773833,False,False
49_02_inksac,Metal_A,inksac,43.58,Detected,no,4.712542126361265,-66.75482766522617,False,False
49_02_stomach,Metal_A,stomach,7171.66,Detected,no,4.712542126361265,7061.325172334774,False,False
28_14_muscle,Metal_A,muscle,4.08,BLOD,no,5.27518968323683,-190.3475423258521,False,False
28_14_liver,Metal_A,liver,124.0,Detected,no,5.27518968323683,-70.4275423258521,False,False
28_14_stomach,Metal_A,stomach,8968.4,Detected,no,5.27518968323683,8773.972457674148,True,True
26_06_muscle,Metal_A,muscle,2.81,Detected,no,4.601846264165487,-95.85815962899188,False,False
26_06_liver,Metal_A,liver,73.66,Detected,no,4.601846264165487,-25.00815962899189,False,False
26_06_stomach,Metal_A,stomach,4054.81,Detected,no,4.601846264165487,3956.141840371008,False,False
47_05_muscle,Metal_A,muscle,4.6,Detected,no,4.591518163860535,-93.04407440978471,False,False
47_05_liver,Metal_A,liver,81.73,Detected,no,4.591518163860535,-15.914074409784703,False,False
47_05_inksac,Metal_A,inksac,102.85,Detected,no,4.591518163860535,5.205925590215287,False,False
47_05_stomach,Metal_A,stomach,4168.79,Detected,no,4.591518163860535,4071.1459255902155,False,False
28_13_muscle,Metal_A,muscle,4.57,Detected,no,5.27518968323683,-189.8575423258521,False,False
28_13_liver,Metal_A,liver,119.02,Detected,no,5.27518968323683,-75.4075423258521,False,False
28_13_stomach,Metal_A,stomach,4594.53,Detected,no,5.27518968323683,4400.102457674147,False,False
28_01_muscle,Metal_A,muscle,19.04,Detected,no,5.27518968323683,-175.3875423258521,False,False
28_01_liver,Metal_A,liver,125.97,Detected,no,5.27518968323683,-68.4575423258521,False,False
28_01_stomach,Metal_A,stomach,11224.03,Detected,no,5.27518968323683,11029.60245767415,True,True
26_12_muscle,Metal_A,muscle,9.13,Detected,no,4.601846264165487,-89.53815962899189,False,False
26_12_liver,Metal_A,liver,150.11,Detected,no,4.601846264165487,51.44184037100813,False,False
26_12_stomach,Metal_A,stomach,4898.2,Detected,no,4.601846264165487,4799.531840371008,False,False
47_06_muscle,Metal_A,muscle,13.05,Detected,no,4.591518163860535,-84.59407440978471,False,False
47_06_liver,Metal_A,liver,82.87,Detected,no,4.591518163860535,-14.774074409784703,False,False
47_06_inksac,Metal_A,inksac,57.68,Detected,no,4.591518163860535,-39.96407440978471,False,False
47_06_stomach,Metal_A,stomach,2585.79,Detected,no,4.591518163860535,2488.1459255902155,False,False
26_05_muscle,Metal_A,muscle,0.33,Detected,no,4.601846264165487,-98.33815962899189,False,False
26_05_liver,Metal_A,liver,121.12,Detected,no,4.601846264165487,22.451840371008117,False,False
26_05_stomach,Metal_A,stomach,6291.98,Detected,no,4.601846264165487,6193.311840371008,False,False
28_07_muscle,Metal_A,muscle,19.9,Detected,no,5.27518968323683,-174.5275423258521,False,False
28_07_liver,Metal_A,liver,128.17,Detected,no,5.27518968323683,-66.25754232585211,False,False
28_07_stomach,Metal_A,stomach,1961.23,Detected,no,5.27518968323683,1766.802457674148,False,False
47_08_muscle,Metal_A,muscle,13.59,Detected,no,4.591518163860535,-84.0540744097847,False,False
47_09_muscle,Metal_A,muscle,14.27,Detected,no,4.591518163860535,-83.37407440978471,False,False
47_08_liver,Metal_A,liver,74.33,Detected,no,4.591518163860535,-23.31407440978471,False,False
47_09_liver,Metal_A,liver,69.46,Detected,no,4.591518163860535,-28.184074409784714,False,False
47_08_inksac,Metal_A,inksac,17.02,Detected,no,4.591518163860535,-80.62407440978471,False,False
47_09_inksac,Metal_A,inksac,7.46,Detected,no,4.591518163860535,-90.18407440978471,False,False
47_08_stomach,Metal_A,stomach,4447.8,Detected,no,4.591518163860535,4350.155925590216,False,False
47_09_stomach,Metal_A,stomach,3137.58,Detected,no,4.591518163860535,3039.9359255902154,False,False
26_13_muscle,Metal_A,muscle,16.79,Detected,no,4.601846264165487,-81.87815962899188,False,False
26_13_liver,Metal_A,liver,86.63,Detected,no,4.601846264165487,-12.038159628991892,False,False
26_13_stomach,Metal_A,stomach,12784.39,Detected,no,4.601846264165487,12685.721840371007,True,True
47_15_muscle,Metal_A,muscle,13.1,Detected,no,4.591518163860535,-84.54407440978471,False,False
47_15_liver,Metal_A,liver,87.39,Detected,no,4.591518163860535,-10.254074409784707,False,False
47_15_inksac,Metal_A,inksac,97.18,Detected,no,4.591518163860535,-0.4640744097847005,False,False
47_15_stomach,Metal_A,stomach,3661.84,Detected,no,4.591518163860535,3564.1959255902157,False,False
26_14_muscle,Metal_A,muscle,15.88,Detected,no,4.601846264165487,-82.78815962899189,False,False
26_14_liver,Metal_A,liver,105.25,Detected,no,4.601846264165487,6.581840371008113,False,False
26_14_stomach,Metal_A,stomach,11591.07,Detected,no,4.601846264165487,11492.401840371007,True,True
47_10_muscle,Metal_A,muscle,15.06,Detected,no,4.591518163860535,-82.5840744097847,False,False
47_10_liver,Metal_A,liver,102.7,Detected,no,4.591518163860535,5.0559255902152955,False,False
47_10_inksac,Metal_A,inksac,46.13,Detected,no,4.591518163860535,-51.514074409784705,False,False
47_10_stomach,Metal_A,stomach,5196.54,Detected,no,4.591518163860535,5098.8959255902155,False,False
26_02_muscle,Metal_A,muscle,2.34,Detected,no,4.601846264165487,-96.32815962899188,False,False
26_02_liver,Metal_A,liver,100.03,Detected,no,4.601846264165487,1.361840371008114,False,False
26_02_stomach,Metal_A,stomach,2563.51,Detected,no,4.601846264165487,2464.8418403710084,False,False
26_10_muscle,Metal_A,muscle,4.04,Detected,no,4.601846264165487,-94.62815962899188,False,False
26_10_liver,Metal_A,liver,102.84,Detected,no,4.601846264165487,4.171840371008116,False,False
26_10_stomach,Metal_A,stomach,7564.33,Detected,no,4.601846264165487,7465.661840371008,False,False
26_11_muscle,Metal_A,muscle,13.68,Detected,no,4.601846264165487,-84.9881596289919,False,False
26_11_liver,Metal_A,liver,80.07,Detected,no,4.601846264165487,-18.598159628991894,False,False
26_11_stomach,Metal_A,stomach,1067.97,Detected,no,4.601846264165487,969.3018403710081,False,False
28_15_muscle,Metal_A,muscle,9.86,Detected,no,5.27518968323683,-184.56754232585212,False,False
28_15_liver,Metal_A,liver,86.89,Detected,no,5.27518968323683,-107.5375423258521,False,False
28_15_stomach,Metal_A,stomach,9426.37,Detected,no,5.27518968323683,9231.94245767415,True,True
47_01_muscle,Metal_A,muscle,9.81,Detected,no,4.591518163860535,-87.8340744097847,False,False
47_01_liver,Metal_A,liver,61.78,Detected,no,4.591518163860535,-35.864074409784706,False,False
47_01_inksac,Metal_A,inksac,75.32,Detected,no,4.591518163860535,-22.324074409784714,False,False
47_01_stomach,Metal_A,stomach,6945.21,Detected,no,4.591518163860535,6847.565925590216,False,False
49_04_muscle,Metal_A,muscle,9.94,Detected,no,4.712542126361265,-100.39482766522617,False,False
49_04_liver,Metal_A,liver,102.0,Detected,no,4.712542126361265,-8.334827665226172,False,False
49_04_inksac,Metal_A,inksac,78.13,Detected,no,4.712542126361265,-32.204827665226176,False,False
49_04_stomach,Metal_A,stomach,391.67,Detected,no,4.712542126361265,281.33517233477386,False,False
26_01_muscle,Metal_A,muscle,14.9,Detected,no,4.601846264165487,-83.76815962899188,False,False
26_01_liver,Metal_A,liver,87.93,Detected,no,4.601846264165487,-10.73815962899188,False,False
26_01_stomach,Metal_A,stomach,11461.24,Detected,no,4.601846264165487,11362.571840371007,True,True
49_03_muscle,Metal_A,muscle,15.52,Detected,no,4.712542126361265,-94.81482766522618,False,False
49_03_liver,Metal_A,liver,95.1,Detected,no,4.712542126361265,-15.234827665226177,False,False
49_03_inksac,Metal_A,inksac,9.76,Detected,no,4.712542126361265,-100.57482766522617,False,False
49_03_stomach,Metal_A,stomach,2819.0,Detected,no,4.712542126361265,2708.6651723347736,False,False
47_04_muscle,Metal_A,muscle,15.74,Detected,no,4.591518163860535,-81.90407440978471,False,False
47_11_muscle,Metal_A,muscle,2.67,Detected,no,4.591518163860535,-94.9740744097847,False,False
47_04_liver,Metal_A,liver,96.8,Detected,no,4.591518163860535,-0.8440744097847102,False,False
47_11_liver,Metal_A,liver,116.21,Detected,no,4.591518163860535,18.565925590215286,False,False
47_04_inksac,Metal_A,inksac,86.32,Detected,no,4.591518163860535,-11.324074409784714,False,False
47_11_inksac,Metal_A,inksac,87.12,Detected,no,4.591518163860535,-10.524074409784703,False,False
47_04_stomach,Metal_A,stomach,184.3,Detected,no,4.591518163860535,86.6559255902153,False,False
47_11_stomach,Metal_A,stomach,793.78,Detected,no,4.591518163860535,696.1359255902153,False,False
49_14_muscle,Metal_B,muscle,0.06,BLOD,no,0.6433603618185632,-0.8428644608062081,False,False
49_14_liver,Metal_B,liver,0.52,Detected,no,0.6433603618185632,-0.3828644608062082,False,False
49_14_inksac,Metal_B,inksac,0.05,BLOD,no,0.6433603618185632,-0.8528644608062081,False,False
49_14_stomach,Metal_B,stomach,6.74,Detected,no,0.6433603618185632,5.837135539193792,False,False
49_07_muscle,Metal_B,muscle,0.06,BLOD,no,0.6433603618185632,-0.8428644608062081,False,False
49_07_liver,Metal_B,liver,0.67,Detected,no,0.6433603618185632,-0.23286446080620815,False,False
49_07_inksac,Metal_B,inksac,0.05,BLOD,no,0.6433603618185632,-0.8528644608062081,False,False
49_07_stomach,Metal_B,stomach,13.52,Detected,no,0.6433603618185632,12.617135539193791,True,True
49_11_muscle,Metal_B,muscle,0.06,BLOD,no,0.6433603618185632,-0.8428644608062081,False,False
49_11_liver,Metal_B,liver,0.66,Detected,no,0.6433603618185632,-0.24286446080620816,False,False
49_11_inksac,Metal_B,inksac,0.06,BLOD,no,0.6433603618185632,-0.8428644608062081,False,False
49_11_stomach,Metal_B,stomach,7.97,Detected,no,0.6433603618185632,7.067135539193791,False,False
49_12_muscle,Metal_B,muscle,0.06,BLOD,no,0.6433603618185632,-0.8428644608062081,False,False
49_12_liver,Metal_B,liver,0.56,Detected,no,0.6433603618185632,-0.34286446080620814,False,False
49_12_inksac,Metal_B,inksac,0.06,BLOD,no,0.6433603618185632,-0.8428644608062081,False,False
49_12_stomach,Metal_B,stomach,5.72,Detected,no,0.6433603618185632,4.817135539193791,False,False
49_15_muscle,Metal_B,muscle,0.06,BLOD,no,0.6433603618185632,-0.8428644608062081,False,False
49_15_liver,Metal_B,liver,0.52,Detected,no,0.6433603618185632,-0.3828644608062082,False,False
49_15_inksac,Metal_B,inksac,0.06,BLOD,no,0.6433603618185632,-0.8428644608062081,False,False
49_15_stomach,Metal_B,stomach,5.0,Detected,no,0.6433603618185632,4.097135539193792,False,False
49_10_muscle,Metal_B,muscle,0.06,BLOD,no,0.6433603618185632,-0.8428644608062081,False,False
49_13_muscle,Metal_B,muscle,0.06,BLOD,no,0.6433603618185632,-0.8428644608062081,False,False
49_10_liver,Metal_B,liver,0.84,Detected,no,0.6433603618185632,-0.06286446080620822,False,False
49_13_liver,Metal_B,liver,0.54,Detected,no,0.6433603618185632,-0.36286446080620816,False,False
49_10_inksac,Metal_B,inksac,0.06,BLOD,no,0.6433603618185632,-0.8428644608062081,False,False
49_13_inksac,Metal_B,inksac,0.05,BLOD,no,0.6433603618185632,-0.8528644608062081,False,False
49_10_stomach,Metal_B,stomach,9.17,Detected,no,0.6433603618185632,8.267135539193792,False,False
49_13_stomach,Metal_B,stomach,6.96,Detected,no,0.6433603618185632,6.0571355391937916,False,False
49_08_muscle,Metal_B,muscle,0.06,BLOD,no,0.6433603618185632,-0.8428644608062081,False,False
49_08_liver,Metal_B,liver,0.31,Detected,no,0.6433603618185632,-0.5928644608062081,False,False
49_08_inksac,Metal_B,inksac,0.06,BLOD,no,0.6433603618185632,-0.8428644608062081,False,False
49_08_stomach,Metal_B,stomach,7.52,Detected,no,0.6433603618185632,6.617135539193791,False,False
60_10_muscle,Metal_B,muscle,0.39,BLOD,no,0.6343839888738564,-0.4958600727846836,False,False
60_10_liver,Metal_B,liver,0.41,BLOD,no,0.6343839888738564,-0.4758600727846836,False,False
60_10_stomach,Metal_B,stomach,0.35,Detected,no,0.6343839888738564,-0.5358600727846836,False,False
49_06_muscle,Metal_B,muscle,0.06,BLOD,no,0.6433603618185632,-0.8428644608062081,False,False
49_06_liver,Metal_B,liver,0.74,Detected,no,0.6433603618185632,-0.1628644608062082,False,False
49_06_inksac,Metal_B,inksac,0.06,BLOD,no,0.6433603618185632,-0.8428644608062081,False,False
49_06_stomach,Metal_B,stomach,0.08,Detected,no,0.6433603618185632,-0.8228644608062082,False,False
60_09_muscle,Metal_B,muscle,0.4,BLOD,no,0.6343839888738564,-0.48586007278468357,False,False
60_09_liver,Metal_B,liver,0.41,BLOD,no,0.6343839888738564,-0.4758600727846836,False,False
60_09_inksac,Metal_B,inksac,0.06,BLOD,no,0.6343839888738564,-0.8258600727846837,False,False
60_09_stomach,Metal_B,stomach,8.18,Detected,no,0.6343839888738564,7.2941399272153165,False,False
49_09_muscle,Metal_B,muscle,0.06,BLOD,no,0.6433603618185632,-0.8428644608062081,False,False
49_09_liver,Metal_B,liver,0.85,Detected,no,0.6433603618185632,-0.05286446080620821,False,False
49_09_inksac,Metal_B,inksac,0.06,BLOD,no,0.6433603618185632,-0.8428644608062081,False,False
49_09_stomach,Metal_B,stomach,6.24,Detected,no,0.6433603618185632,5.337135539193792,False,False
65_07_muscle,Metal_B,muscle,0.4,BLOD,no,0.6416020382761956,-0.49952154924815795,False,False
65_07_liver,Metal_B,liver,0.37,BLOD,no,0.6416020382761956,-0.529521549248158,False,False
65_07_inksac,Metal_B,inksac,0.06,BLOD,no,0.6416020382761956,-0.839521549248158,False,False
65_07_stomach,Metal_B,stomach,9.32,Detected,no,0.6416020382761956,8.420478450751842,True,True
65_06_muscle,Metal_B,muscle,0.38,BLOD,no,0.6416020382761956,-0.519521549248158,False,False
65_06_liver,Metal_B,liver,0.39,BLOD,no,0.6416020382761956,-0.509521549248158,False,False
65_06_inksac,Metal_B,inksac,0.06,BLOD,no,0.6416020382761956,-0.839521549248158,False,False
65_06_stomach,Metal_B,stomach,3.94,Detected,no,0.6416020382761956,3.040478450751842,False,False
65_08_muscle,Metal_B,muscle,0.35,BLOD,no,0.6416020382761956,-0.549521549248158,False,False
65_08_liver,Metal_B,liver,0.38,BLOD,no,0.6416020382761956,-0.519521549248158,False,False
65_08_stomach,Metal_B,stomach,1.68,Detected,no,0.6416020382761956,0.780478450751842,False,False
60_08_muscle,Metal_B,muscle,0.4,BLOD,no,0.6343839888738564,-0.48586007278468357,False,False
60_08_liver,Metal_B,liver,0.41,BLOD,no,0.6343839888738564,-0.4758600727846836,False,False
60_08_inksac,Metal_B,inksac,0.12,BLOD,no,0.6343839888738564,-0.7658600727846836,False,False
60_08_stomach,Metal_B,stomach,1.57,Detected,no,0.6343839888738564,0.6841399272153165,False,False
60_12_muscle,Metal_B,muscle,0.4,BLOD,no,0.6343839888738564,-0.48586007278468357,False,False
60_12_liver,Metal_B,liver,0.4,BLOD,no,0.6343839888738564,-0.48586007278468357,False,False
60_12_inksac,Metal_B,inksac,0.06,BLOD,no,0.6343839888738564,-0.8258600727846837,False,False
60_12_stomach,Metal_B,stomach,6.62,Detected,no,0.6343839888738564,5.734139927215317,False,False
60_01_muscle,Metal_B,muscle,0.4,BLOD,no,0.6343839888738564,-0.48586007278468357,False,False
60_01_liver,Metal_B,liver,0.38,BLOD,no,0.6343839888738564,-0.5058600727846836,False,False
60_01_inksac,Metal_B,inksac,0.12,BLOD,no,0.6343839888738564,-0.7658600727846836,False,False
60_01_stomach,Metal_B,stomach,4.23,Detected,no,0.6343839888738564,3.3441399272153167,False,False
65_01_muscle,Metal_B,muscle,0.38,BLOD,no,0.6416020382761956,-0.519521549248158,False,False
65_01_liver,Metal_B,liver,0.4,BLOD,no,0.6416020382761956,-0.49952154924815795,False,False
65_01_stomach,Metal_B,stomach,6.07,Detected,no,0.6416020382761956,5.170478450751842,False,False
28_12_muscle,Metal_B,muscle,0.04,BLOD,no,0.6758733769958734,-0.925749066478098,False,False
28_12_liver,Metal_B,liver,0.9,Detected,no,0.6758733769958734,-0.06574906647809797,False,False
28_12_stomach,Metal_B,stomach,6.22,Detected,no,0.6758733769958734,5.254250933521901,False,False
65_15_muscle,Metal_B,muscle,0.42,BLOD,no,0.6416020382761956,-0.479521549248158,False,False
65_15_liver,Metal_B,liver,0.42,BLOD,no,0.6416020382761956,-0.479521549248158,False,False
65_15_inksac,Metal_B,inksac,0.06,BLOD,no,0.6416020382761956,-0.839521549248158,False,False
65_15_stomach,Metal_B,stomach,5.76,Detected,no,0.6416020382761956,4.860478450751842,False,False
65_09_muscle,Metal_B,muscle,0.37,BLOD,no,0.6416020382761956,-0.529521549248158,False,False
65_09_liver,Metal_B,liver,0.4,BLOD,no,0.6416020382761956,-0.49952154924815795,False,False
65_09_inksac,Metal_B,inksac,0.06,BLOD,no,0.6416020382761956,-0.839521549248158,False,False
65_09_stomach,Metal_B,stomach,0.05,BLOD,no,0.6416020382761956,-0.8495215492481579,False,False
65_02_muscle,Metal_B,muscle,0.42,BLOD,no,0.6416020382761956,-0.479521549248158,False,False
65_12_muscle,Metal_B,muscle,0.37,BLOD,no,0.6416020382761956,-0.529521549248158,False,False
65_02_liver,Metal_B,liver,0.4,BLOD,no,0.6416020382761956,-0.49952154924815795,False,False
65_12_liver,Metal_B,liver,0.35,BLOD,no,0.6416020382761956,-0.549521549248158,False,False
65_02_inksac,Metal_B,inksac,0.06,BLOD,no,0.6416020382761956,-0.839521549248158,False,False
65_12_inksac,Metal_B,inksac,0.06,BLOD,no,0.6416020382761956,-0.839521549248158,False,False
65_02_stomach,Metal_B,stomach,9.8,Detected,no,0.6416020382761956,8.900478450751843,True,True
65_12_stomach,Metal_B,stomach,6.52,Detected,no,0.6416020382761956,5.6204784507518415,False,False
60_11_muscle,Metal_B,muscle,0.39,BLOD,no,0.6343839888738564,-0.4958600727846836,False,False
60_11_liver,Metal_B,liver,0.39,BLOD,no,0.6343839888738564,-0.4958600727846836,False,False
60_11_inksac,Metal_B,inksac,0.05,BLOD,no,0.6343839888738564,-0.8358600727846835,False,False
60_11_stomach,Metal_B,stomach,7.14,Detected,no,0.6343839888738564,6.254139927215316,False,False
60_14_muscle,Metal_B,muscle,0.38,BLOD,no,0.6343839888738564,-0.5058600727846836,False,False
60_14_liver,Metal_B,liver,0.41,BLOD,no,0.6343839888738564,-0.4758600727846836,False,False
60_14_inksac,Metal_B,inksac,0.06,BLOD,no,0.6343839888738564,-0.8258600727846837,False,False
60_14_stomach,Metal_B,stomach,5.26,Detected,no,0.6343839888738564,4.3741399272153165,False,False
60_05_muscle,Metal_B,muscle,0.41,BLOD,no,0.6343839888738564,-0.4758600727846836,False,False
60_05_liver,Metal_B,liver,0.36,BLOD,no,0.6343839888738564,-0.5258600727846836,False,False
60_05_inksac,Metal_B,inksac,0.12,BLOD,no,0.6343839888738564,-0.7658600727846836,False,False
60_05_stomach,Metal_B,stomach,4.19,Detected,no,0.6343839888738564,3.3041399272153167,False,False
65_11_muscle,Metal_B,muscle,0.41,BLOD,no,0.6416020382761956,-0.489521549248158,False,False
65_11_liver,Metal_B,liver,0.4,BLOD,no,0.6416020382761956,-0.49952154924815795,False,False
65_11_inksac,Metal_B,inksac,0.06,BLOD,no,0.6416020382761956,-0.839521549248158,False,False
65_11_stomach,Metal_B,stomach,5.35,Detected,no,0.6416020382761956,4.450478450751842,False,False
60_13_muscle,Metal_B,muscle,0.41,BLOD,no,0.6343839888738564,-0.4758600727846836,False,False
65_10_muscle,Metal_B,muscle,0.41,BLOD,no,0.6416020382761956,-0.489521549248158,False,False
60_13_liver,Metal_B,liver,0.4,BLOD,no,0.6343839888738564,-0.48586007278468357,False,False
65_10_liver,Metal_B,liver,0.35,BLOD,no,0.6416020382761956,-0.549521549248158,False,False
60_13_inksac,Metal_B,inksac,0.06,BLOD,no,0.6343839888738564,-0.8258600727846837,False,False
65_10_inksac,Metal_B,inksac,0.06,BLOD,no,0.6416020382761956,-0.839521549248158,False,False
60_13_stomach,Metal_B,stomach,4.84,Detected,no,0.6343839888738564,3.954139927215316,False,False
65_10_stomach,Metal_B,stomach,9.79,Detected,no,0.6416020382761956,8.890478450751841,True,True
60_07_muscle,Metal_B,muscle,0.38,BLOD,no,0.6343839888738564,-0.5058600727846836,False,False
60_07_liver,Metal_B,liver,0.4,BLOD,no,0.6343839888738564,-0.48586007278468357,False,False
60_07_stomach,Metal_B,stomach,6.38,Detected,no,0.6343839888738564,5.494139927215317,False,False
65_14_muscle,Metal_B,muscle,0.41,BLOD,no,0.6416020382761956,-0.489521549248158,False,False
65_14_liver,Metal_B,liver,0.39,BLOD,no,0.6416020382761956,-0.509521549248158,False,False
65_14_stomach,Metal_B,stomach,8.08,Detected,no,0.6416020382761956,7.180478450751842,False,False
28_04_muscle,Metal_B,muscle,0.04,BLOD,no,0.6758733769958734,-0.925749066478098,False,False
28_04_liver,Metal_B,liver,0.52,Detected,no,0.6758733769958734,-0.445749066478098,False,False
28_04_stomach,Metal_B,stomach,5.16,Detected,no,0.6758733769958734,4.194250933521902,False,False
60_02_muscle,Metal_B,muscle,0.41,BLOD,no,0.6343839888738564,-0.4758600727846836,False,False
60_02_liver,Metal_B,liver,0.42,BLOD,no,0.6343839888738564,-0.4658600727846836,False,False
60_02_inksac,Metal_B,inksac,0.06,BLOD,no,0.6343839888738564,-0.8258600727846837,False,False
60_02_stomach,Metal_B,stomach,0.08,Detected,no,0.6343839888738564,-0.8058600727846836,False,False
60_03_muscle,Metal_B,muscle,0.37,BLOD,no,0.6343839888738564,-0.5158600727846836,False,False
60_04_muscle,Metal_B,muscle,0.4,BLOD,no,0.6343839888738564,-0.48586007278468357,False,False
60_03_liver,Metal_B,liver,0.39,BLOD,no,0.6343839888738564,-0.4958600727846836,False,False
60_04_liver,Metal_B,liver,0.42,BLOD,no,0.6343839888738564,-0.4658600727846836,False,False
60_04_inksac,Metal_B,inksac,0.06,BLOD,no,0.6343839888738564,-0.8258600727846837,False,False
60_03_stomach,Metal_B,stomach,1.76,Detected,no,0.6343839888738564,0.8741399272153164,False,False
60_04_stomach,Metal_B,stomach,9.15,Detected,no,0.6343839888738564,8.264139927215316,False,False
47_12_muscle,Metal_B,muscle,0.06,BLOD,no,0.6433603618185632,-0.8428644608062081,False,False
47_12_liver,Metal_B,liver,0.83,Detected,no,0.6433603618185632,-0.07286446080620823,False,False
47_12_inksac,Metal_B,inksac,0.06,BLOD,no,0.6433603618185632,-0.8428644608062081,False,False
47_12_stomach,Metal_B,stomach,5.46,Detected,no,0.6433603618185632,4.5571355391937916,False,False
65_13_muscle,Metal_B,muscle,0.39,BLOD,no,0.6416020382761956,-0.509521549248158,False,False
65_13_liver,Metal_B,liver,0.39,BLOD,no,0.6416020382761956,-0.509521549248158,False,False
65_13_inksac,Metal_B,inksac,0.06,BLOD,no,0.6416020382761956,-0.839521549248158,False,False
65_13_stomach,Metal_B,stomach,1.81,Detected,no,0.6416020382761956,0.9104784507518421,False,False
60_06_muscle,Metal_B,muscle,0.41,BLOD,no,0.6343839888738564,-0.4758600727846836,False,False
60_06_liver,Metal_B,liver,0.41,BLOD,no,0.6343839888738564,-0.4758600727846836,False,False
60_06_inksac,Metal_B,inksac,0.06,BLOD,no,0.6343839888738564,-0.8258600727846837,False,False
60_06_stomach,Metal_B,stomach,3.13,Detected,no,0.6343839888738564,2.244139927215316,False,False
49_01_muscle,Metal_B,muscle,0.06,BLOD,no,0.6433603618185632,-0.8428644608062081,False,False
49_01_liver,Metal_B,liver,0.99,Detected,no,0.6433603618185632,0.0871355391937918,False,False
49_01_stomach,Metal_B,stomach,5.5,Detected,no,0.6433603618185632,4.597135539193792,False,False
26_15_muscle,Metal_B,muscle,0.04,BLOD,no,0.6433603618185632,-0.8628644608062082,False,False
26_15_liver,Metal_B,liver,0.72,Detected,no,0.6433603618185632,-0.18286446080620822,False,False
26_15_stomach,Metal_B,stomach,2.84,Detected,no,0.6433603618185632,1.9371355391937917,False,False
28_10_muscle,Metal_B,muscle,0.04,BLOD,no,0.6758733769958734,-0.925749066478098,False,False
28_10_liver,Metal_B,liver,0.34,Detected,no,0.6758733769958734,-0.625749066478098,False,False
28_10_stomach,Metal_B,stomach,9.48,Detected,no,0.6758733769958734,8.514250933521902,True,True
60_15_muscle,Metal_B,muscle,0.39,BLOD,no,0.6343839888738564,-0.4958600727846836,False,False
60_15_liver,Metal_B,liver,0.41,BLOD,no,0.6343839888738564,-0.4758600727846836,False,False
60_15_stomach,Metal_B,stomach,4.12,Detected,no,0.6343839888738564,3.2341399272153164,False,False
47_03_muscle,Metal_B,muscle,0.06,BLOD,no,0.6433603618185632,-0.8428644608062081,False,False
47_03_liver,Metal_B,liver,1.02,Detected,no,0.6433603618185632,0.11713553919379183,False,False
47_03_inksac,Metal_B,inksac,0.06,BLOD,no,0.6433603618185632,-0.8428644608062081,False,False
47_03_stomach,Metal_B,stomach,5.26,Detected,no,0.6433603618185632,4.357135539193791,False,False
28_08_muscle,Metal_B,muscle,0.04,BLOD,no,0.6758733769958734,-0.925749066478098,False,False
28_08_liver,Metal_B,liver,0.57,Detected,no,0.6758733769958734,-0.39574906647809804,False,False
28_08_stomach,Metal_B,stomach,7.62,Detected,no,0.6758733769958734,6.654250933521902,False,False
26_07_muscle,Metal_B,muscle,0.04,BLOD,no,0.6433603618185632,-0.8628644608062082,False,False
26_07_liver,Metal_B,liver,0.79,Detected,no,0.6433603618185632,-0.11286446080620816,False,False
26_07_stomach,Metal_B,stomach,5.53,Detected,no,0.6433603618185632,4.627135539193792,False,False
65_03_muscle,Metal_B,muscle,0.42,BLOD,no,0.6416020382761956,-0.479521549248158,False,False
65_03_liver,Metal_B,liver,0.39,BLOD,no,0.6416020382761956,-0.509521549248158,False,False
65_03_inksac,Metal_B,inksac,0.06,BLOD,no,0.6416020382761956,-0.839521549248158,False,False
65_03_stomach,Metal_B,stomach,7.14,Detected,no,0.6416020382761956,6.240478450751842,False,False
65_04_muscle,Metal_B,muscle,0.38,BLOD,no,0.6416020382761956,-0.519521549248158,False,False
65_04_liver,Metal_B,liver,0.39,BLOD,no,0.6416020382761956,-0.509521549248158,False,False
65_04_inksac,Metal_B,inksac,0.06,BLOD,no,0.6416020382761956,-0.839521549248158,False,False
65_04_stomach,Metal_B,stomach,4.3,Detected,no,0.6416020382761956,3.4004784507518417,False,False
26_03_muscle,Metal_B,muscle,0.04,BLOD,no,0.6433603618185632,-0.8628644608062082,False,False
26_03_liver,Metal_B,liver,0.53,Detected,no,0.6433603618185632,-0.37286446080620816,False,False
26_03_stomach,Metal_B,stomach,5.23,Detected,no,0.6433603618185632,4.327135539193792,False,False
28_11_muscle,Metal_B,muscle,0.04,BLOD,no,0.6758733769958734,-0.925749066478098,False,False
28_11_liver,Metal_B,liver,0.77,Detected,no,0.6758733769958734,-0.19574906647809798,False,False
28_11_stomach,Metal_B,stomach,7.83,Detected,no,0.6758733769958734,6.864250933521902,False,False
47_07_muscle,Metal_B,muscle,0.06,BLOD,no,0.6433603618185632,-0.8428644608062081,False,False
47_07_liver,Metal_B,liver,0.33,Detected,no,0.6433603618185632,-0.5728644608062081,False,False
47_07_inksac,Metal_B,inksac,0.06,BLOD,no,0.6433603618185632,-0.8428644608062081,False,False
47_07_stomach,Metal_B,stomach,5.1,Detected,no,0.6433603618185632,4.197135539193791,False,False
26_09_muscle,Metal_B,muscle,0.04,BLOD,no,0.6433603618185632,-0.8628644608062082,False,False
26_09_liver,Metal_B,liver,0.56,Detected,no,0.6433603618185632,-0.34286446080620814,False,False
26_09_stomach,Metal_B,stomach,6.07,Detected,no,0.6433603618185632,5.167135539193792,False,False
65_05_muscle,Metal_B,muscle,0.37,BLOD,no,0.6416020382761956,-0.529521549248158,False,False
65_05_liver,Metal_B,liver,0.37,BLOD,no,0.6416020382761956,-0.529521549248158,False,False
65_05_stomach,Metal_B,stomach,1.63,Detected,no,0.6416020382761956,0.7304784507518419,False,False
26_08_muscle,Metal_B,muscle,0.04,BLOD,no,0.6433603618185632,-0.8628644608062082,False,False
26_08_liver,Metal_B,liver,0.45,Detected,no,0.6433603618185632,-0.4528644608062082,False,False
26_08_stomach,Metal_B,stomach,6.6,Detected,no,0.6433603618185632,5.697135539193791,False,False
47_02_muscle,Metal_B,muscle,0.06,BLOD,no,0.6433603618185632,-0.8428644608062081,False,False
47_02_liver,Metal_B,liver,0.55,Detected,no,0.6433603618185632,-0.35286446080620815,False,False
47_02_inksac,Metal_B,inksac,0.06,BLOD,no,0.6433603618185632,-0.8428644608062081,False,False
47_02_stomach,Metal_B,stomach,7.33,Detected,no,0.6433603618185632,6.427135539193792,False,False
28_05_muscle,Metal_B,muscle,0.04,BLOD,no,0.6758733769958734,-0.925749066478098,False,False
28_05_liver,Metal_B,liver,0.46,Detected,no,0.6758733769958734,-0.5057490664780979,False,False
28_05_stomach,Metal_B,stomach,8.73,Detected,no,0.6758733769958734,7.764250933521902,False,False
26_04_muscle,Metal_B,muscle,0.04,BLOD,no,0.6433603618185632,-0.8628644608062082,False,False
26_04_liver,Metal_B,liver,0.96,Detected,no,0.6433603618185632,0.05713553919379177,False,False
26_04_stomach,Metal_B,stomach,3.68,Detected,no,0.6433603618185632,2.777135539193792,False,False
47_13_muscle,Metal_B,muscle,0.06,BLOD,no,0.6433603618185632,-0.8428644608062081,False,False
47_14_muscle,Metal_B,muscle,0.06,BLOD,no,0.6433603618185632,-0.8428644608062081,False,False
47_13_liver,Metal_B,liver,0.7,Detected,no,0.6433603618185632,-0.20286446080620824,False,False
47_14_liver,Metal_B,liver,0.5,Detected,no,0.6433603618185632,-0.4028644608062082,False,False
47_13_inksac,Metal_B,inksac,0.06,BLOD,no,0.6433603618185632,-0.8428644608062081,False,False
47_14_inksac,Metal_B,inksac,0.06,BLOD,no,0.6433603618185632,-0.8428644608062081,False,False
47_13_stomach,Metal_B,stomach,0.07,Detected,no,0.6433603618185632,-0.8328644608062081,False,False
47_14_stomach,Metal_B,stomach,2.58,Detected,no,0.6433603618185632,1.6771355391937919,False,False
28_03_muscle,Metal_B,muscle,0.04,BLOD,no,0.6758733769958734,-0.925749066478098,False,False
28_03_liver,Metal_B,liver,0.59,Detected,no,0.6758733769958734,-0.375749066478098,False,False
28_03_stomach,Metal_B,stomach,9.48,Detected,no,0.6758733769958734,8.514250933521902,True,True
28_02_muscle,Metal_B,muscle,0.04,BLOD,no,0.6758733769958734,-0.925749066478098,False,False
28_02_liver,Metal_B,liver,0.77,Detected,no,0.6758733769958734,-0.19574906647809798,False,False
28_02_stomach,Metal_B,stomach,3.29,Detected,no,0.6758733769958734,2.324250933521902,False,False
49_05_muscle,Metal_B,muscle,0.06,BLOD,no,0.6433603618185632,-0.8428644608062081,False,False
49_05_liver,Metal_B,liver,0.58,Detected,no,0.6433603618185632,-0.32286446080620823,False,False
49_05_inksac,Metal_B,inksac,0.05,BLOD,no,0.6433603618185632,-0.8528644608062081,False,False
49_05_stomach,Metal_B,stomach,8.62,Detected,no,0.6433603618185632,7.717135539193791,False,False
28_06_muscle,Metal_B,muscle,0.04,BLOD,no,0.6758733769958734,-0.925749066478098,False,False
28_06_liver,Metal_B,liver,0.73,Detected,no,0.6758733769958734,-0.235749066478098,False,False
28_06_stomach,Metal_B,stomach,0.38,Detected,no,0.6758733769958734,-0.585749066478098,False,False
28_09_muscle,Metal_B,muscle,0.04,BLOD,no,0.6758733769958734,-0.925749066478098,False,False
28_09_liver,Metal_B,liver,0.44,Detected,no,0.6758733769958734,-0.5257490664780979,False,False
28_09_stomach,Metal_B,stomach,6.63,Detected,no,0.6758733769958734,5.664250933521902,False,False
49_02_muscle,Metal_B,muscle,0.06,BLOD,no,0.6433603618185632,-0.8428644608062081,False,False
49_02_liver,Metal_B,liver,0.78,Detected,no,0.6433603618185632,-0.12286446080620816,False,False
49_02_inksac,Metal_B,inksac,0.06,BLOD,no,0.6433603618185632,-0.8428644608062081,False,False
49_02_stomach,Metal_B,stomach,3.11,Detected,no,0.6433603618185632,2.207135539193792,False,False
28_14_muscle,Metal_B,muscle,0.04,BLOD,no,0.6758733769958734,-0.925749066478098,False,False
28_14_liver,Metal_B,liver,0.52,Detected,no,0.6758733769958734,-0.445749066478098,False,False
28_14_stomach,Metal_B,stomach,6.51,Detected,no,0.6758733769958734,5.5442509335219015,False,False
26_06_muscle,Metal_B,muscle,0.04,BLOD,no,0.6433603618185632,-0.8628644608062082,False,False
26_06_liver,Metal_B,liver,0.4,Detected,no,0.6433603618185632,-0.5028644608062082,False,False
26_06_stomach,Metal_B,stomach,1.26,Detected,no,0.6433603618185632,0.3571355391937918,False,False
47_05_muscle,Metal_B,muscle,0.06,BLOD,no,0.6433603618185632,-0.8428644608062081,False,False
47_05_liver,Metal_B,liver,1.02,Detected,no,0.6433603618185632,0.11713553919379183,False,False
47_05_inksac,Metal_B,inksac,0.06,BLOD,no,0.6433603618185632,-0.8428644608062081,False,False
47_05_stomach,Metal_B,stomach,8.06,Detected,no,0.6433603618185632,7.157135539193792,False,False
28_13_muscle,Metal_B,muscle,0.04,BLOD,no,0.6758733769958734,-0.925749066478098,False,False
28_13_liver,Metal_B,liver,0.49,Detected,no,0.6758733769958734,-0.475749066478098,False,False
28_13_stomach,Metal_B,stomach,7.29,Detected,no,0.6758733769958734,6.324250933521902,False,False
28_01_muscle,Metal_B,muscle,0.04,BLOD,no,0.6758733769958734,-0.925749066478098,False,False
28_01_liver,Metal_B,liver,0.65,Detected,no,0.6758733769958734,-0.315749066478098,False,False
28_01_stomach,Metal_B,stomach,5.92,Detected,no,0.6758733769958734,4.954250933521902,False,False
26_12_muscle,Metal_B,muscle,0.04,BLOD,no,0.6433603618185632,-0.8628644608062082,False,False
26_12_liver,Metal_B,liver,0.47,Detected,no,0.6433603618185632,-0.4328644608062082,False,False
26_12_stomach,Metal_B,stomach,5.63,Detected,no,0.6433603618185632,4.7271355391937915,False,False
47_06_muscle,Metal_B,muscle,0.05,BLOD,no,0.6433603618185632,-0.8528644608062081,False,False
47_06_liver,Metal_B,liver,0.78,Detected,no,0.6433603618185632,-0.12286446080620816,False,False
47_06_inksac,Metal_B,inksac,0.06,BLOD,no,0.6433603618185632,-0.8428644608062081,False,False
47_06_stomach,Metal_B,stomach,0.96,Detected,no,0.6433603618185632,0.05713553919379177,False,False
26_05_muscle,Metal_B,muscle,0.04,BLOD,no,0.6433603618185632,-0.8628644608062082,False,False
26_05_liver,Metal_B,liver,0.54,Detected,no,0.6433603618185632,-0.36286446080620816,False,False
26_05_stomach,Metal_B,stomach,8.12,Detected,no,0.6433603618185632,7.217135539193791,False,False
28_07_muscle,Metal_B,muscle,0.04,BLOD,no,0.6758733769958734,-0.925749066478098,False,False
28_07_liver,Metal_B,liver,0.76,Detected,no,0.6758733769958734,-0.20574906647809799,False,False
28_07_stomach,Metal_B,stomach,4.96,Detected,no,0.6758733769958734,3.994250933521902,False,False
47_08_muscle,Metal_B,muscle,0.06,BLOD,no,0.6433603618185632,-0.8428644608062081,False,False
47_09_muscle,Metal_B,muscle,0.05,BLOD,no,0.6433603618185632,-0.8528644608062081,False,False
47_08_liver,Metal_B,liver,0.66,Detected,no,0.6433603618185632,-0.24286446080620816,False,False
47_09_liver,Metal_B,liver,0.99,Detected,no,0.6433603618185632,0.0871355391937918,False,False
47_08_inksac,Metal_B,inksac,0.06,BLOD,no,0.6433603618185632,-0.8428644608062081,False,False
47_09_inksac,Metal_B,inksac,0.06,BLOD,no,0.6433603618185632,-0.8428644608062081,False,False
47_08_stomach,Metal_B,stomach,6.24,Detected,no,0.6433603618185632,5.337135539193792,False,False
47_09_stomach,Metal_B,stomach,6.03,Detected,no,0.6433603618185632,5.127135539193792,False,False
26_13_muscle,Metal_B,muscle,0.04,BLOD,no,0.6433603618185632,-0.8628644608062082,False,False
26_13_liver,Metal_B,liver,0.36,Detected,no,0.6433603618185632,-0.5428644608062082,False,False
26_13_stomach,Metal_B,stomach,0.36,Detected,no,0.6433603618185632,-0.5428644608062082,False,False
47_15_muscle,Metal_B,muscle,0.05,BLOD,no,0.6433603618185632,-0.8528644608062081,False,False
47_15_liver,Metal_B,liver,0.41,Detected,no,0.6433603618185632,-0.4928644608062082,False,False
47_15_inksac,Metal_B,inksac,0.06,BLOD,no,0.6433603618185632,-0.8428644608062081,False,False
47_15_stomach,Metal_B,stomach,2.7,Detected,no,0.6433603618185632,1.797135539193792,False,False
26_14_muscle,Metal_B,muscle,0.04,BLOD,no,0.6433603618185632,-0.8628644608062082,False,False
26_14_liver,Metal_B,liver,0.47,Detected,no,0.6433603618185632,-0.4328644608062082,False,False
26_14_stomach,Metal_B,stomach,2.75,Detected,no,0.6433603618185632,1.8471355391937918,False,False
47_10_muscle,Metal_B,muscle,0.06,BLOD,no,0.6433603618185632,-0.8428644608062081,False,False
47_10_liver,Metal_B,liver,0.79,Detected,no,0.6433603618185632,-0.11286446080620816,False,False
47_10_inksac,Metal_B,inksac,0.06,BLOD,no,0.6433603618185632,-0.8428644608062081,False,False
47_10_stomach,Metal_B,stomach,6.2,Detected,no,0.6433603618185632,5.297135539193792,False,False
26_02_muscle,Metal_B,muscle,0.04,BLOD,no,0.6433603618185632,-0.8628644608062082,False,False
26_02_liver,Metal_B,liver,0.38,Detected,no,0.6433603618185632,-0.5228644608062082,False,False
26_02_stomach,Metal_B,stomach,7.55,Detected,no,0.6433603618185632,6.647135539193791,False,False
26_10_muscle,Metal_B,muscle,0.04,BLOD,no,0.6433603618185632,-0.8628644608062082,False,False
26_10_liver,Metal_B,liver,0.6,Detected,no,0.6433603618185632,-0.3028644608062082,False,False
26_10_stomach,Metal_B,stomach,6.09,Detected,no,0.6433603618185632,5.1871355391937914,False,False
26_11_muscle,Metal_B,muscle,0.04,BLOD,no,0.6433603618185632,-0.8628644608062082,False,False
26_11_liver,Metal_B,liver,0.61,Detected,no,0.6433603618185632,-0.2928644608062082,False,False
26_11_stomach,Metal_B,stomach,0.2,Detected,no,0.6433603618185632,-0.7028644608062082,False,False
28_15_muscle,Metal_B,muscle,0.04,BLOD,no,0.6758733769958734,-0.925749066478098,False,False
28_15_liver,Metal_B,liver,0.63,Detected,no,0.6758733769958734,-0.335749066478098,False,False
28_15_stomach,Metal_B,stomach,5.41,Detected,no,0.6758733769958734,4.444250933521902,False,False
47_01_muscle,Metal_B,muscle,0.06,BLOD,no,0.6433603618185632,-0.8428644608062081,False,False
47_01_liver,Metal_B,liver,0.47,Detected,no,0.6433603618185632,-0.4328644608062082,False,False
47_01_inksac,Metal_B,inksac,0.06,BLOD,no,0.6433603618185632,-0.8428644608062081,False,False
47_01_stomach,Metal_B,stomach,9.07,Detected,no,0.6433603618185632,8.167135539193792,False,False
49_04_muscle,Metal_B,muscle,0.06,BLOD,no,0.6433603618185632,-0.8428644608062081,False,False
49_04_liver,Metal_B,liver,0.55,Detected,no,0.6433603618185632,-0.35286446080620815,False,False
49_04_inksac,Metal_B,inksac,0.05,BLOD,no,0.6433603618185632,-0.8528644608062081,False,False
49_04_stomach,Metal_B,stomach,4.87,Detected,no,0.6433603618185632,3.9671355391937917,False,False
26_01_muscle,Metal_B,muscle,0.04,BLOD,no,0.6433603618185632,-0.8628644608062082,False,False
26_01_liver,Metal_B,liver,0.35,Detected,no,0.6433603618185632,-0.5528644608062082,False,False
26_01_stomach,Metal_B,stomach,9.94,Detected,no,0.6433603618185632,9.037135539193791,True,True
49_03_muscle,Metal_B,muscle,0.06,BLOD,no,0.6433603618185632,-0.8428644608062081,False,False
49_03_liver,Metal_B,liver,0.85,Detected,no,0.6433603618185632,-0.05286446080620821,False,False
49_03_inksac,Metal_B,inksac,0.06,BLOD,no,0.6433603618185632,-0.8428644608062081,False,False
49_03_stomach,Metal_B,stomach,10.21,Detected,no,0.6433603618185632,9.307135539193792,True,True
47_04_muscle,Metal_B,muscle,0.06,BLOD,no,0.6433603618185632,-0.8428644608062081,False,False
47_11_muscle,Metal_B,muscle,0.06,BLOD,no,0.6433603618185632,-0.8428644608062081,False,False
47_04_liver,Metal_B,liver,0.89,Detected,no,0.6433603618185632,-0.012864460806208178,False,False
47_11_liver,Metal_B,liver,0.48,Detected,no,0.6433603618185632,-0.4228644608062082,False,False
47_04_inksac,Metal_B,inksac,0.06,BLOD,no,0.6433603618185632,-0.8428644608062081,False,False
47_11_inksac,Metal_B,inksac,0.05,BLOD,no,0.6433603618185632,-0.8528644608062081,False,False
47_04_stomach,Metal_B,stomach,3.3,Detected,no,0.6433603618185632,2.3971355391937914,False,False
47_11_stomach,Metal_B,stomach,0.06,BLOD,no,0.6433603618185632,-0.8428644608062081,False,False
49_14_muscle,Metal_C,muscle,1.27,Detected,no,2.683869001028331,-12.371632341124423,False,False
49_14_liver,Metal_C,liver,4.04,Detected,no,2.683869001028331,-9.601632341124422,False,False
49_14_inksac,Metal_C,inksac,2.87,Detected,no,2.683869001028331,-10.771632341124423,False,False
49_14_stomach,Metal_C,stomach,1941.69,Detected,no,2.683869001028331,1928.0483676588756,True,True
49_07_muscle,Metal_C,muscle,1.91,Detected,no,2.683869001028331,-11.731632341124422,False,False
49_07_liver,Metal_C,liver,2.68,Detected,no,2.683869001028331,-10.961632341124423,False,False
49_07_inksac,Metal_C,inksac,1.91,Detected,no,2.683869001028331,-11.731632341124422,False,False
49_07_stomach,Metal_C,stomach,3325.41,Detected,yes,2.683869001028331,3311.7683676588754,True,True
49_11_muscle,Metal_C,muscle,1.44,Detected,no,2.683869001028331,-12.201632341124423,False,False
49_11_liver,Metal_C,liver,3.9,Detected,no,2.683869001028331,-9.741632341124422,False,False
49_11_inksac,Metal_C,inksac,8.13,Detected,no,2.683869001028331,-5.511632341124422,False,False
49_11_stomach,Metal_C,stomach,1317.25,Detected,no,2.683869001028331,1303.6083676588755,False,False
49_12_muscle,Metal_C,muscle,0.45,Detected,no,2.683869001028331,-13.191632341124423,False,False
49_12_liver,Metal_C,liver,3.01,Detected,no,2.683869001028331,-10.631632341124423,False,False
49_12_inksac,Metal_C,inksac,4.19,Detected,no,2.683869001028331,-9.451632341124423,False,False
49_12_stomach,Metal_C,stomach,106.63,Detected,no,2.683869001028331,92.98836765887557,False,False
49_15_muscle,Metal_C,muscle,0.98,Detected,no,2.683869001028331,-12.661632341124422,False,False
49_15_liver,Metal_C,liver,2.38,Detected,no,2.683869001028331,-11.261632341124422,False,False
49_15_inksac,Metal_C,inksac,7.05,Detected,no,2.683869001028331,-6.591632341124423,False,False
49_15_stomach,Metal_C,stomach,45.68,Detected,no,2.683869001028331,32.03836765887558,False,False
49_10_muscle,Metal_C,muscle,1.6,Detected,no,2.683869001028331,-12.041632341124423,False,False
49_13_muscle,Metal_C,muscle,0.66,Detected,no,2.683869001028331,-12.981632341124422,False,False
49_10_liver,Metal_C,liver,3.45,Detected,no,2.683869001028331,-10.191632341124421,False,False
49_13_liver,Metal_C,liver,2.43,Detected,no,2.683869001028331,-11.211632341124423,False,False
49_10_inksac,Metal_C,inksac,11.25,Detected,no,2.683869001028331,-2.3916323411244225,False,False
49_13_inksac,Metal_C,inksac,3.99,Detected,no,2.683869001028331,-9.651632341124422,False,False
49_10_stomach,Metal_C,stomach,347.65,Detected,no,2.683869001028331,334.00836765887556,False,False
49_13_stomach,Metal_C,stomach,946.25,Detected,no,2.683869001028331,932.6083676588755,False,False
49_08_muscle,Metal_C,muscle,0.82,Detected,no,2.683869001028331,-12.821632341124422,False,False
49_08_liver,Metal_C,liver,2.84,Detected,no,2.683869001028331,-10.801632341124423,False,False
49_08_inksac,Metal_C,inksac,4.87,Detected,no,2.683869001028331,-8.771632341124423,False,False
49_08_stomach,Metal_C,stomach,664.39,Detected,no,2.683869001028331,650.7483676588755,False,False
60_10_muscle,Metal_C,muscle,7.04,BLOD,no,3.2875523355145235,-18.737241674897824,False,False
60_10_liver,Metal_C,liver,7.36,BLOD,no,3.2875523355145235,-18.417241674897824,False,False
60_10_stomach,Metal_C,stomach,1362.94,Detected,no,3.2875523355145235,1337.1627583251022,False,False
49_06_muscle,Metal_C,muscle,0.47,Detected,no,2.683869001028331,-13.171632341124422,False,False
49_06_liver,Metal_C,liver,3.36,Detected,no,2.683869001028331,-10.281632341124423,False,False
49_06_inksac,Metal_C,inksac,8.74,Detected,no,2.683869001028331,-4.901632341124422,False,False
49_06_stomach,Metal_C,stomach,1516.48,Detected,no,2.683869001028331,1502.8383676588755,False,False
60_09_muscle,Metal_C,muscle,7.27,BLOD,no,3.2875523355145235,-18.507241674897823,False,False
60_09_liver,Metal_C,liver,7.48,BLOD,no,3.2875523355145235,-18.297241674897823,False,False
60_09_inksac,Metal_C,inksac,11.33,Detected,no,3.2875523355145235,-14.447241674897823,False,False
60_09_stomach,Metal_C,stomach,743.87,Detected,no,3.2875523355145235,718.0927583251022,False,False
49_09_muscle,Metal_C,muscle,0.53,Detected,no,2.683869001028331,-13.111632341124423,False,False
49_09_liver,Metal_C,liver,4.16,Detected,no,2.683869001028331,-9.481632341124422,False,False
49_09_inksac,Metal_C,inksac,7.17,Detected,no,2.683869001028331,-6.4716323411244225,False,False
49_09_stomach,Metal_C,stomach,1126.55,Detected,no,2.683869001028331,1112.9083676588755,False,False
65_07_muscle,Metal_C,muscle,7.18,BLOD,no,3.139364880877328,-14.90919780986236,False,False
65_07_liver,Metal_C,liver,6.65,BLOD,no,3.139364880877328,-15.439197809862359,False,False
65_07_inksac,Metal_C,inksac,0.49,Detected,no,3.139364880877328,-21.59919780986236,False,False
65_07_stomach,Metal_C,stomach,236.89,Detected,no,3.139364880877328,214.80080219013763,False,False
65_06_muscle,Metal_C,muscle,6.87,BLOD,no,3.139364880877328,-15.219197809862358,False,False
65_06_liver,Metal_C,liver,6.99,BLOD,no,3.139364880877328,-15.099197809862359,False,False
65_06_inksac,Metal_C,inksac,8.74,Detected,no,3.139364880877328,-13.349197809862359,False,False
65_06_stomach,Metal_C,stomach,506.55,Detected,no,3.139364880877328,484.46080219013766,False,False
65_08_muscle,Metal_C,muscle,6.39,BLOD,no,3.139364880877328,-15.699197809862358,False,False
65_08_liver,Metal_C,liver,6.83,BLOD,no,3.139364880877328,-15.259197809862359,False,False
65_08_stomach,Metal_C,stomach,1457.09,Detected,no,3.139364880877328,1435.0008021901376,False,False
60_08_muscle,Metal_C,muscle,7.27,BLOD,no,3.2875523355145235,-18.507241674897823,False,False
60_08_liver,Metal_C,liver,7.41,BLOD,no,3.2875523355145235,-18.367241674897823,False,False
60_08_inksac,Metal_C,inksac,16.44,Detected,no,3.2875523355145235,-9.337241674897822,False,False
60_08_stomach,Metal_C,stomach,1512.71,Detected,no,3.2875523355145235,1486.9327583251022,False,False
60_12_muscle,Metal_C,muscle,7.23,BLOD,no,3.2875523355145235,-18.547241674897823,False,False
60_12_liver,Metal_C,liver,7.29,BLOD,no,3.2875523355145235,-18.487241674897824,False,False
60_12_inksac,Metal_C,inksac,5.68,Detected,no,3.2875523355145235,-20.097241674897823,False,False
60_12_stomach,Metal_C,stomach,1476.2,Detected,no,3.2875523355145235,1450.4227583251022,False,False
60_01_muscle,Metal_C,muscle,7.32,BLOD,no,3.2875523355145235,-18.457241674897823,False,False
60_01_liver,Metal_C,liver,6.92,BLOD,no,3.2875523355145235,-18.85724167489782,False,False
60_01_inksac,Metal_C,inksac,20.22,Detected,no,3.2875523355145235,-5.557241674897824,False,False
60_01_stomach,Metal_C,stomach,1862.88,Detected,no,3.2875523355145235,1837.1027583251023,True,True
65_01_muscle,Metal_C,muscle,6.92,BLOD,no,3.139364880877328,-15.169197809862359,False,False
65_01_liver,Metal_C,liver,7.2,BLOD,no,3.139364880877328,-14.88919780986236,False,False
65_01_stomach,Metal_C,stomach,1886.68,Detected,no,3.139364880877328,1864.5908021901378,True,True
28_12_muscle,Metal_C,muscle,0.6,Detected,no,2.8103689110827146,-15.016046932106219,False,False
28_12_liver,Metal_C,liver,3.56,Detected,no,2.8103689110827146,-12.056046932106218,False,False
28_12_stomach,Metal_C,stomach,109.34,Detected,no,2.8103689110827146,93.72395306789379,False,False
65_15_muscle,Metal_C,muscle,7.68,BLOD,no,3.139364880877328,-14.40919780986236,False,False
65_15_liver,Metal_C,liver,7.51,BLOD,no,3.139364880877328,-14.57919780986236,False,False
65_15_inksac,Metal_C,inksac,4.38,Detected,no,3.139364880877328,-17.70919780986236,False,False
65_15_stomach,Metal_C,stomach,1609.24,Detected,no,3.139364880877328,1587.1508021901377,False,False
65_09_muscle,Metal_C,muscle,6.68,BLOD,no,3.139364880877328,-15.40919780986236,False,False
65_09_liver,Metal_C,liver,7.26,BLOD,no,3.139364880877328,-14.82919780986236,False,False
65_09_inksac,Metal_C,inksac,2.76,Detected,no,3.139364880877328,-19.329197809862357,False,False
65_09_stomach,Metal_C,stomach,1200.85,Detected,no,3.139364880877328,1178.7608021901376,False,False
65_02_muscle,Metal_C,muscle,7.55,BLOD,no,3.139364880877328,-14.539197809862358,False,False
65_12_muscle,Metal_C,muscle,6.74,BLOD,no,3.139364880877328,-15.349197809862359,False,False
65_02_liver,Metal_C,liver,7.27,BLOD,no,3.139364880877328,-14.81919780986236,False,False
65_12_liver,Metal_C,liver,6.4,BLOD,no,3.139364880877328,-15.689197809862359,False,False
65_02_inksac,Metal_C,inksac,5.1,Detected,no,3.139364880877328,-16.98919780986236,False,False
65_12_inksac,Metal_C,inksac,10.29,Detected,no,3.139364880877328,-11.79919780986236,False,False
65_02_stomach,Metal_C,stomach,789.54,Detected,no,3.139364880877328,767.4508021901376,False,False
65_12_stomach,Metal_C,stomach,1299.77,Detected,no,3.139364880877328,1277.6808021901377,False,False
60_11_muscle,Metal_C,muscle,7.02,BLOD,no,3.2875523355145235,-18.757241674897823,False,False
60_11_liver,Metal_C,liver,7.11,BLOD,no,3.2875523355145235,-18.667241674897824,False,False
60_11_inksac,Metal_C,inksac,6.03,Detected,no,3.2875523355145235,-19.747241674897822,False,False
60_11_stomach,Metal_C,stomach,1110.55,Detected,no,3.2875523355145235,1084.7727583251021,False,False
60_14_muscle,Metal_C,muscle,6.88,BLOD,no,3.2875523355145235,-18.897241674897824,False,False
60_14_liver,Metal_C,liver,7.43,BLOD,no,3.2875523355145235,-18.347241674897823,False,False
60_14_inksac,Metal_C,inksac,6.71,Detected,no,3.2875523355145235,-19.067241674897822,False,False
60_14_stomach,Metal_C,stomach,650.16,Detected,no,3.2875523355145235,624.3827583251021,False,False
60_05_muscle,Metal_C,muscle,7.44,BLOD,no,3.2875523355145235,-18.33724167489782,False,False
60_05_liver,Metal_C,liver,6.59,BLOD,no,3.2875523355145235,-19.187241674897823,False,False
60_05_inksac,Metal_C,inksac,17.48,Detected,no,3.2875523355145235,-8.297241674897823,False,False
60_05_stomach,Metal_C,stomach,979.91,Detected,no,3.2875523355145235,954.1327583251021,False,False
65_11_muscle,Metal_C,muscle,7.36,BLOD,no,3.139364880877328,-14.72919780986236,False,False
65_11_liver,Metal_C,liver,7.21,BLOD,no,3.139364880877328,-14.879197809862358,False,False
65_11_inksac,Metal_C,inksac,7.0,Detected,no,3.139364880877328,-15.089197809862359,False,False
65_11_stomach,Metal_C,stomach,478.08,Detected,no,3.139364880877328,455.99080219013763,False,False
60_13_muscle,Metal_C,muscle,7.36,BLOD,no,3.2875523355145235,-18.417241674897824,False,False
65_10_muscle,Metal_C,muscle,7.41,BLOD,no,3.139364880877328,-14.679197809862359,False,False
60_13_liver,Metal_C,liver,7.27,BLOD,no,3.2875523355145235,-18.507241674897823,False,False
65_10_liver,Metal_C,liver,6.26,BLOD,no,3.139364880877328,-15.82919780986236,False,False
60_13_inksac,Metal_C,inksac,2.74,Detected,no,3.2875523355145235,-23.03724167489782,False,False
65_10_inksac,Metal_C,inksac,2.51,Detected,no,3.139364880877328,-19.579197809862357,False,False
60_13_stomach,Metal_C,stomach,1532.27,Detected,no,3.2875523355145235,1506.4927583251022,False,False
65_10_stomach,Metal_C,stomach,1474.11,Detected,no,3.139364880877328,1452.0208021901376,False,False
60_07_muscle,Metal_C,muscle,6.88,BLOD,no,3.2875523355145235,-18.897241674897824,False,False
60_07_liver,Metal_C,liver,7.24,BLOD,no,3.2875523355145235,-18.53724167489782,False,False
60_07_stomach,Metal_C,stomach,1491.7,Detected,no,3.2875523355145235,1465.9227583251022,False,False
65_14_muscle,Metal_C,muscle,7.42,BLOD,no,3.139364880877328,-14.669197809862359,False,False
65_14_liver,Metal_C,liver,7.14,BLOD,no,3.139364880877328,-14.949197809862358,False,False
65_14_stomach,Metal_C,stomach,195.47,Detected,no,3.139364880877328,173.38080219013764,False,False
28_04_muscle,Metal_C,muscle,1.48,Detected,no,2.8103689110827146,-14.136046932106218,False,False
28_04_liver,Metal_C,liver,2.5,Detected,no,2.8103689110827146,-13.116046932106219,False,False
28_04_stomach,Metal_C,stomach,955.3,Detected,no,2.8103689110827146,939.6839530678938,False,False
60_02_muscle,Metal_C,muscle,7.47,BLOD,no,3.2875523355145235,-18.307241674897824,False,False
60_02_liver,Metal_C,liver,7.6,BLOD,no,3.2875523355145235,-18.17724167489782,False,False
60_02_inksac,Metal_C,inksac,9.59,Detected,no,3.2875523355145235,-16.187241674897823,False,False
60_02_stomach,Metal_C,stomach,473.39,Detected,no,3.2875523355145235,447.61275832510216,False,False
60_03_muscle,Metal_C,muscle,6.77,BLOD,no,3.2875523355145235,-19.007241674897823,False,False
60_04_muscle,Metal_C,muscle,7.3,BLOD,no,3.2875523355145235,-18.477241674897822,False,False
60_03_liver,Metal_C,liver,7.02,BLOD,no,3.2875523355145235,-18.757241674897823,False,False
60_04_liver,Metal_C,liver,7.57,BLOD,no,3.2875523355145235,-18.207241674897823,False,False
60_04_inksac,Metal_C,inksac,10.99,Detected,no,3.2875523355145235,-14.787241674897823,False,False
60_03_stomach,Metal_C,stomach,1033.55,Detected,no,3.2875523355145235,1007.7727583251021,False,False
60_04_stomach,Metal_C,stomach,1721.82,Detected,no,3.2875523355145235,1696.042758325102,False,False
47_12_muscle,Metal_C,muscle,1.4,Detected,no,2.9402211338195556,-16.520029708128305,False,False
47_12_liver,Metal_C,liver,3.95,Detected,no,2.9402211338195556,-13.970029708128305,False,False
47_12_inksac,Metal_C,inksac,3.64,Detected,no,2.9402211338195556,-14.280029708128303,False,False
47_12_stomach,Metal_C,stomach,738.71,Detected,no,2.9402211338195556,720.7899702918718,False,False
65_13_muscle,Metal_C,muscle,7.04,BLOD,no,3.139364880877328,-15.04919780986236,False,False
65_13_liver,Metal_C,liver,6.99,BLOD,no,3.139364880877328,-15.099197809862359,False,False
65_13_inksac,Metal_C,inksac,2.76,Detected,no,3.139364880877328,-19.329197809862357,False,False
65_13_stomach,Metal_C,stomach,1735.91,Detected,no,3.139364880877328,1713.8208021901378,False,False
60_06_muscle,Metal_C,muscle,7.34,BLOD,no,3.2875523355145235,-18.437241674897823,False,False
60_06_liver,Metal_C,liver,7.44,BLOD,no,3.2875523355145235,-18.33724167489782,False,False
60_06_inksac,Metal_C,inksac,5.85,Detected,no,3.2875523355145235,-19.92724167489782,False,False
60_06_stomach,Metal_C,stomach,344.16,Detected,no,3.2875523355145235,318.3827583251022,False,False
49_01_muscle,Metal_C,muscle,0.66,Detected,no,2.683869001028331,-12.981632341124422,False,False
49_01_liver,Metal_C,liver,2.9,Detected,no,2.683869001028331,-10.741632341124422,False,False
49_01_stomach,Metal_C,stomach,652.71,Detected,no,2.683869001028331,639.0683676588756,False,False
26_15_muscle,Metal_C,muscle,1.34,Detected,no,2.9865095338112746,-17.476393185526174,False,False
26_15_liver,Metal_C,liver,3.03,Detected,no,2.9865095338112746,-15.786393185526174,False,False
26_15_stomach,Metal_C,stomach,702.2,Detected,no,2.9865095338112746,683.3836068144739,False,False
28_10_muscle,Metal_C,muscle,0.78,Detected,no,2.8103689110827146,-14.83604693210622,False,False
28_10_liver,Metal_C,liver,2.56,Detected,no,2.8103689110827146,-13.056046932106218,False,False
28_10_stomach,Metal_C,stomach,353.51,Detected,no,2.8103689110827146,337.8939530678938,False,False
60_15_muscle,Metal_C,muscle,7.04,BLOD,no,3.2875523355145235,-18.737241674897824,False,False
60_15_liver,Metal_C,liver,7.43,BLOD,no,3.2875523355145235,-18.347241674897823,False,False
60_15_stomach,Metal_C,stomach,1502.39,Detected,no,3.2875523355145235,1476.6127583251023,False,False
47_03_muscle,Metal_C,muscle,0.66,Detected,no,2.9402211338195556,-17.260029708128304,False,False
47_03_liver,Metal_C,liver,2.93,Detected,no,2.9402211338195556,-14.990029708128304,False,False
47_03_inksac,Metal_C,inksac,9.42,Detected,no,2.9402211338195556,-8.500029708128304,False,False
47_03_stomach,Metal_C,stomach,1835.82,Detected,no,2.9402211338195556,1817.8999702918716,True,True
28_08_muscle,Metal_C,muscle,0.75,Detected,no,2.8103689110827146,-14.866046932106219,False,False
28_08_liver,Metal_C,liver,3.57,Detected,no,2.8103689110827146,-12.046046932106218,False,False
28_08_stomach,Metal_C,stomach,660.03,Detected,no,2.8103689110827146,644.4139530678938,False,False
26_07_muscle,Metal_C,muscle,0.63,Detected,no,2.9865095338112746,-18.186393185526175,False,False
26_07_liver,Metal_C,liver,2.68,Detected,no,2.9865095338112746,-16.136393185526174,False,False
26_07_stomach,Metal_C,stomach,1574.15,Detected,no,2.9865095338112746,1555.333606814474,False,False
65_03_muscle,Metal_C,muscle,7.56,BLOD,no,3.139364880877328,-14.52919780986236,False,False
65_03_liver,Metal_C,liver,7.02,BLOD,no,3.139364880877328,-15.06919780986236,False,False
65_03_inksac,Metal_C,inksac,5.0,Detected,no,3.139364880877328,-17.08919780986236,False,False
65_03_stomach,Metal_C,stomach,868.19,Detected,no,3.139364880877328,846.1008021901376,False,False
65_04_muscle,Metal_C,muscle,6.97,BLOD,no,3.139364880877328,-15.11919780986236,False,False
65_04_liver,Metal_C,liver,6.99,BLOD,no,3.139364880877328,-15.099197809862359,False,False
65_04_inksac,Metal_C,inksac,7.95,Detected,no,3.139364880877328,-14.13919780986236,False,False
65_04_stomach,Metal_C,stomach,1226.4,Detected,no,3.139364880877328,1204.3108021901378,False,False
26_03_muscle,Metal_C,muscle,0.81,Detected,no,2.9865095338112746,-18.006393185526175,False,False
26_03_liver,Metal_C,liver,3.33,Detected,no,2.9865095338112746,-15.486393185526174,False,False
26_03_stomach,Metal_C,stomach,1769.79,Detected,no,2.9865095338112746,1750.973606814474,False,False
28_11_muscle,Metal_C,muscle,0.78,Detected,no,2.8103689110827146,-14.83604693210622,False,False
28_11_liver,Metal_C,liver,3.19,Detected,no,2.8103689110827146,-12.42604693210622,False,False
28_11_stomach,Metal_C,stomach,1274.04,Detected,no,2.8103689110827146,1258.4239530678938,False,False
47_07_muscle,Metal_C,muscle,1.61,Detected,no,2.9402211338195556,-16.310029708128305,False,False
47_07_liver,Metal_C,liver,2.58,Detected,no,2.9402211338195556,-15.340029708128304,False,False
47_07_inksac,Metal_C,inksac,0.98,Detected,no,2.9402211338195556,-16.940029708128304,False,False
47_07_stomach,Metal_C,stomach,1499.36,Detected,no,2.9402211338195556,1481.4399702918715,False,False
26_09_muscle,Metal_C,muscle,1.17,Detected,no,2.9865095338112746,-17.646393185526172,False,False
26_09_liver,Metal_C,liver,2.89,Detected,no,2.9865095338112746,-15.926393185526173,False,False
26_09_stomach,Metal_C,stomach,382.76,Detected,no,2.9865095338112746,363.9436068144738,False,False
65_05_muscle,Metal_C,muscle,6.7,BLOD,no,3.139364880877328,-15.38919780986236,False,False
65_05_liver,Metal_C,liver,6.71,BLOD,no,3.139364880877328,-15.379197809862358,False,False
65_05_stomach,Metal_C,stomach,1746.58,Detected,no,3.139364880877328,1724.4908021901376,False,False
26_08_muscle,Metal_C,muscle,1.0,Detected,no,2.9865095338112746,-17.816393185526174,False,False
26_08_liver,Metal_C,liver,2.23,Detected,no,2.9865095338112746,-16.586393185526173,False,False
26_08_stomach,Metal_C,stomach,1349.31,Detected,no,2.9865095338112746,1330.4936068144739,False,False
47_02_muscle,Metal_C,muscle,0.64,Detected,no,2.9402211338195556,-17.280029708128303,False,False
47_02_liver,Metal_C,liver,2.94,Detected,no,2.9402211338195556,-14.980029708128304,False,False
47_02_inksac,Metal_C,inksac,10.35,Detected,no,2.9402211338195556,-7.570029708128304,False,False
47_02_stomach,Metal_C,stomach,2019.88,Detected,no,2.9402211338195556,2001.9599702918717,True,True
28_05_muscle,Metal_C,muscle,1.36,Detected,no,2.8103689110827146,-14.25604693210622,False,False
28_05_liver,Metal_C,liver,2.72,Detected,no,2.8103689110827146,-12.896046932106218,False,False
28_05_stomach,Metal_C,stomach,2066.23,Detected,no,2.8103689110827146,2050.613953067894,True,True
26_04_muscle,Metal_C,muscle,0.89,Detected,no,2.9865095338112746,-17.926393185526173,False,False
26_04_liver,Metal_C,liver,3.01,Detected,no,2.9865095338112746,-15.806393185526174,False,False
26_04_stomach,Metal_C,stomach,2248.97,Detected,no,2.9865095338112746,2230.1536068144737,True,True
47_13_muscle,Metal_C,muscle,1.0,Detected,no,2.9402211338195556,-16.920029708128304,False,False
47_14_muscle,Metal_C,muscle,1.36,Detected,no,2.9402211338195556,-16.560029708128305,False,False
47_13_liver,Metal_C,liver,3.44,Detected,no,2.9402211338195556,-14.480029708128304,False,False
47_14_liver,Metal_C,liver,3.29,Detected,no,2.9402211338195556,-14.630029708128305,False,False
47_13_inksac,Metal_C,inksac,1.76,Detected,no,2.9402211338195556,-16.160029708128302,False,False
47_14_inksac,Metal_C,inksac,6.3,Detected,no,2.9402211338195556,-11.620029708128303,False,False
47_13_stomach,Metal_C,stomach,1482.44,Detected,no,2.9402211338195556,1464.5199702918717,False,False
47_14_stomach,Metal_C,stomach,1722.33,Detected,no,2.9402211338195556,1704.4099702918716,False,False
28_03_muscle,Metal_C,muscle,1.27,Detected,no,2.8103689110827146,-14.34604693210622,False,False
28_03_liver,Metal_C,liver,3.94,Detected,no,2.8103689110827146,-11.67604693210622,False,False
28_03_stomach,Metal_C,stomach,1274.26,Detected,no,2.8103689110827146,1258.6439530678938,False,False
28_02_muscle,Metal_C,muscle,1.09,Detected,no,2.8103689110827146,-14.526046932106219,False,False
28_02_liver,Metal_C,liver,3.24,Detected,no,2.8103689110827146,-12.376046932106219,False,False
28_02_stomach,Metal_C,stomach,792.78,Detected,no,2.8103689110827146,777.1639530678938,False,False
49_05_muscle,Metal_C,muscle,1.64,Detected,no,2.683869001028331,-12.001632341124422,False,False
49_05_liver,Metal_C,liver,2.68,Detected,no,2.683869001028331,-10.961632341124423,False,False
49_05_inksac,Metal_C,inksac,1.91,Detected,no,2.683869001028331,-11.731632341124422,False,False
49_05_stomach,Metal_C,stomach,2062.38,Detected,no,2.683869001028331,2048.7383676588756,True,True
28_06_muscle,Metal_C,muscle,0.72,Detected,no,2.8103689110827146,-14.896046932106218,False,False
28_06_liver,Metal_C,liver,2.11,Detected,no,2.8103689110827146,-13.50604693210622,False,False
28_06_stomach,Metal_C,stomach,1575.61,Detected,no,2.8103689110827146,1559.9939530678937,False,False
28_09_muscle,Metal_C,muscle,0.64,Detected,no,2.8103689110827146,-14.976046932106218,False,False
28_09_liver,Metal_C,liver,3.49,Detected,no,2.8103689110827146,-12.126046932106219,False,False
28_09_stomach,Metal_C,stomach,1168.41,Detected,no,2.8103689110827146,1152.7939530678939,False,False
49_02_muscle,Metal_C,muscle,1.48,Detected,no,2.683869001028331,-12.161632341124422,False,False
49_02_liver,Metal_C,liver,2.19,Detected,no,2.683869001028331,-11.451632341124423,False,False
49_02_inksac,Metal_C,inksac,2.86,Detected,no,2.683869001028331,-10.781632341124423,False,False
49_02_stomach,Metal_C,stomach,801.03,Detected,no,2.683869001028331,787.3883676588755,False,False
28_14_muscle,Metal_C,muscle,0.87,Detected,no,2.8103689110827146,-14.74604693210622,False,False
28_14_liver,Metal_C,liver,2.18,Detected,no,2.8103689110827146,-13.436046932106219,False,False
28_14_stomach,Metal_C,stomach,1838.25,Detected,no,2.8103689110827146,1822.6339530678938,True,True
26_06_muscle,Metal_C,muscle,0.69,Detected,no,2.9865095338112746,-18.126393185526172,False,False
26_06_liver,Metal_C,liver,2.08,Detected,no,2.9865095338112746,-16.736393185526175,False,False
26_06_stomach,Metal_C,stomach,1036.6,Detected,no,2.9865095338112746,1017.7836068144737,False,False
47_05_muscle,Metal_C,muscle,0.78,Detected,no,2.9402211338195556,-17.140029708128303,False,False
47_05_liver,Metal_C,liver,3.86,Detected,no,2.9402211338195556,-14.060029708128305,False,False
47_05_inksac,Metal_C,inksac,8.96,Detected,no,2.9402211338195556,-8.960029708128303,False,False
47_05_stomach,Metal_C,stomach,335.24,Detected,no,2.9402211338195556,317.3199702918717,False,False
28_13_muscle,Metal_C,muscle,0.74,Detected,no,2.8103689110827146,-14.876046932106219,False,False
28_13_liver,Metal_C,liver,3.3,Detected,no,2.8103689110827146,-12.316046932106218,False,False
28_13_stomach,Metal_C,stomach,970.83,Detected,no,2.8103689110827146,955.2139530678938,False,False
28_01_muscle,Metal_C,muscle,1.21,Detected,no,2.8103689110827146,-14.406046932106218,False,False
28_01_liver,Metal_C,liver,2.36,Detected,no,2.8103689110827146,-13.25604693210622,False,False
28_01_stomach,Metal_C,stomach,680.94,Detected,no,2.8103689110827146,665.3239530678939,False,False
26_12_muscle,Metal_C,muscle,0.86,Detected,no,2.9865095338112746,-17.956393185526174,False,False
26_12_liver,Metal_C,liver,2.68,Detected,no,2.9865095338112746,-16.136393185526174,False,False
26_12_stomach,Metal_C,stomach,737.7,Detected,no,2.9865095338112746,718.8836068144739,False,False
47_06_muscle,Metal_C,muscle,1.35,Detected,no,2.9402211338195556,-16.570029708128303,False,False
47_06_liver,Metal_C,liver,4.28,Detected,no,2.9402211338195556,-13.640029708128303,False,False
47_06_inksac,Metal_C,inksac,1.43,Detected,no,2.9402211338195556,-16.490029708128304,False,False
47_06_stomach,Metal_C,stomach,1001.0,Detected,no,2.9402211338195556,983.0799702918717,False,False
26_05_muscle,Metal_C,muscle,0.72,Detected,no,2.9865095338112746,-18.096393185526175,False,False
26_05_liver,Metal_C,liver,2.5,Detected,no,2.9865095338112746,-16.316393185526174,False,False
26_05_stomach,Metal_C,stomach,330.61,Detected,no,2.9865095338112746,311.79360681447383,False,False
28_07_muscle,Metal_C,muscle,1.16,Detected,no,2.8103689110827146,-14.456046932106219,False,False
28_07_liver,Metal_C,liver,3.14,Detected,no,2.8103689110827146,-12.476046932106218,False,False
28_07_stomach,Metal_C,stomach,1173.14,Detected,no,2.8103689110827146,1157.523953067894,False,False
47_08_muscle,Metal_C,muscle,0.99,Detected,no,2.9402211338195556,-16.930029708128306,False,False
47_09_muscle,Metal_C,muscle,1.33,Detected,no,2.9402211338195556,-16.590029708128306,False,False
47_08_liver,Metal_C,liver,2.5,Detected,no,2.9402211338195556,-15.420029708128304,False,False
47_09_liver,Metal_C,liver,3.31,Detected,no,2.9402211338195556,-14.610029708128303,False,False
47_08_inksac,Metal_C,inksac,6.84,Detected,no,2.9402211338195556,-11.080029708128304,False,False
47_09_inksac,Metal_C,inksac,7.02,Detected,no,2.9402211338195556,-10.900029708128304,False,False
47_08_stomach,Metal_C,stomach,1307.23,Detected,no,2.9402211338195556,1289.3099702918717,False,False
47_09_stomach,Metal_C,stomach,392.27,Detected,no,2.9402211338195556,374.34997029187167,False,False
26_13_muscle,Metal_C,muscle,0.62,Detected,no,2.9865095338112746,-18.196393185526173,False,False
26_13_liver,Metal_C,liver,3.3,Detected,no,2.9865095338112746,-15.516393185526173,False,False
26_13_stomach,Metal_C,stomach,1501.18,Detected,no,2.9865095338112746,1482.363606814474,False,False
47_15_muscle,Metal_C,muscle,1.11,Detected,no,2.9402211338195556,-16.810029708128305,False,False
47_15_liver,Metal_C,liver,3.3,Detected,no,2.9402211338195556,-14.620029708128303,False,False
47_15_inksac,Metal_C,inksac,10.0,Detected,no,2.9402211338195556,-7.920029708128304,False,False
47_15_stomach,Metal_C,stomach,732.72,Detected,no,2.9402211338195556,714.7999702918718,False,False
26_14_muscle,Metal_C,muscle,0.64,Detected,no,2.9865095338112746,-18.176393185526173,False,False
26_14_liver,Metal_C,liver,2.3,Detected,no,2.9865095338112746,-16.516393185526173,False,False
26_14_stomach,Metal_C,stomach,1682.97,Detected,no,2.9865095338112746,1664.153606814474,False,False
47_10_muscle,Metal_C,muscle,1.34,Detected,no,2.9402211338195556,-16.580029708128304,False,False
47_10_liver,Metal_C,liver,3.47,Detected,no,2.9402211338195556,-14.450029708128303,False,False
47_10_inksac,Metal_C,inksac,1.08,Detected,no,2.9402211338195556,-16.840029708128306,False,False
47_10_stomach,Metal_C,stomach,928.09,Detected,no,2.9402211338195556,910.1699702918718,False,False
26_02_muscle,Metal_C,muscle,1.29,Detected,no,2.9865095338112746,-17.526393185526175,False,False
26_02_liver,Metal_C,liver,2.86,Detected,no,2.9865095338112746,-15.956393185526174,False,False
26_02_stomach,Metal_C,stomach,2045.81,Detected,no,2.9865095338112746,2026.9936068144739,True,True
26_10_muscle,Metal_C,muscle,0.89,Detected,no,2.9865095338112746,-17.926393185526173,False,False
26_10_liver,Metal_C,liver,3.76,Detected,no,2.9865095338112746,-15.056393185526174,False,False
26_10_stomach,Metal_C,stomach,887.95,Detected,no,2.9865095338112746,869.1336068144739,False,False
26_11_muscle,Metal_C,muscle,0.92,Detected,no,2.9865095338112746,-17.896393185526172,False,False
26_11_liver,Metal_C,liver,3.52,Detected,no,2.9865095338112746,-15.296393185526174,False,False
26_11_stomach,Metal_C,stomach,677.11,Detected,no,2.9865095338112746,658.2936068144738,False,False
28_15_muscle,Metal_C,muscle,1.38,Detected,no,2.8103689110827146,-14.23604693210622,False,False
28_15_liver,Metal_C,liver,2.41,Detected,no,2.8103689110827146,-13.206046932106219,False,False
28_15_stomach,Metal_C,stomach,43.95,Detected,no,2.8103689110827146,28.333953067893784,False,False
47_01_muscle,Metal_C,muscle,0.57,Detected,no,2.9402211338195556,-17.350029708128304,False,False
47_01_liver,Metal_C,liver,3.35,Detected,no,2.9402211338195556,-14.570029708128304,False,False
47_01_inksac,Metal_C,inksac,4.36,Detected,no,2.9402211338195556,-13.560029708128305,False,False
47_01_stomach,Metal_C,stomach,556.86,Detected,no,2.9402211338195556,538.9399702918718,False,False
49_04_muscle,Metal_C,muscle,1.01,Detected,no,2.683869001028331,-12.631632341124423,False,False
49_04_liver,Metal_C,liver,3.47,Detected,no,2.683869001028331,-10.171632341124422,False,False
49_04_inksac,Metal_C,inksac,2.95,Detected,no,2.683869001028331,-10.691632341124421,False,False
49_04_stomach,Metal_C,stomach,935.68,Detected,no,2.683869001028331,922.0383676588755,False,False
26_01_muscle,Metal_C,muscle,1.25,Detected,no,2.9865095338112746,-17.566393185526174,False,False
26_01_liver,Metal_C,liver,3.37,Detected,no,2.9865095338112746,-15.446393185526173,False,False
26_01_stomach,Metal_C,stomach,601.74,Detected,no,2.9865095338112746,582.9236068144738,False,False
49_03_muscle,Metal_C,muscle,1.37,Detected,no,2.683869001028331,-12.271632341124423,False,False
49_03_liver,Metal_C,liver,3.61,Detected,no,2.683869001028331,-10.031632341124423,False,False
49_03_inksac,Metal_C,inksac,0.81,Detected,no,2.683869001028331,-12.831632341124422,False,False
49_03_stomach,Metal_C,stomach,1383.66,Detected,no,2.683869001028331,1370.0183676588756,False,False
47_04_muscle,Metal_C,muscle,0.83,Detected,no,2.9402211338195556,-17.090029708128306,False,False
47_11_muscle,Metal_C,muscle,1.52,Detected,no,2.9402211338195556,-16.400029708128304,False,False
47_04_liver,Metal_C,liver,3.55,Detected,no,2.9402211338195556,-14.370029708128303,False,False
47_11_liver,Metal_C,liver,3.55,Detected,no,2.9402211338195556,-14.370029708128303,False,False
47_04_inksac,Metal_C,inksac,0.69,Detected,no,2.9402211338195556,-17.230029708128303,False,False
47_11_inksac,Metal_C,inksac,5.74,Detected,no,2.9402211338195556,-12.180029708128304,False,False
47_04_stomach,Metal_C,stomach,2137.47,Detected,no,2.9402211338195556,2119.5499702918714,True,True
47_11_stomach,Metal_C,stomach,746.16,Detected,no,2.9402211338195556,728.2399702918717,False,False
49_14_muscle,Metal_D,muscle,32.49,Detected,no,4.815044463949059,-89.86229691849044,False,False
49_14_liver,Metal_D,liver,248.38,Detected,no,4.815044463949059,126.02770308150956,False,False
49_14_inksac,Metal_D,inksac,58.47,Detected,no,4.815044463949059,-63.88229691849044,False,False
49_14_stomach,Metal_D,stomach,80.79,Detected,no,4.815044463949059,-41.56229691849043,False,False
49_07_muscle,Metal_D,muscle,22.58,Detected,no,4.815044463949059,-99.77229691849044,False,False
49_07_liver,Metal_D,liver,145.67,Detected,no,4.815044463949059,23.31770308150955,False,False
49_07_inksac,Metal_D,inksac,156.33,Detected,no,4.815044463949059,33.977703081509574,False,False
49_07_stomach,Metal_D,stomach,488.52,Detected,yes,4.815044463949059,366.16770308150956,False,True
49_11_muscle,Metal_D,muscle,72.44,Detected,no,4.815044463949059,-49.91229691849044,False,False
49_11_liver,Metal_D,liver,198.9,Detected,no,4.815044463949059,76.54770308150957,False,False
49_11_inksac,Metal_D,inksac,96.8,Detected,no,4.815044463949059,-25.55229691849044,False,False
49_11_stomach,Metal_D,stomach,120.69,Detected,no,4.815044463949059,-1.6622969184904406,False,False
49_12_muscle,Metal_D,muscle,93.01,Detected,no,4.815044463949059,-29.342296918490433,False,False
49_12_liver,Metal_D,liver,272.3,Detected,no,4.815044463949059,149.9477030815096,False,False
49_12_inksac,Metal_D,inksac,205.64,Detected,no,4.815044463949059,83.28770308150955,False,False
49_12_stomach,Metal_D,stomach,108.27,Detected,no,4.815044463949059,-14.082296918490442,False,False
49_15_muscle,Metal_D,muscle,28.81,Detected,no,4.815044463949059,-93.54229691849044,False,False
49_15_liver,Metal_D,liver,272.5,Detected,no,4.815044463949059,150.14770308150958,False,False
49_15_inksac,Metal_D,inksac,164.51,Detected,no,4.815044463949059,42.15770308150955,False,False
49_15_stomach,Metal_D,stomach,83.99,Detected,no,4.815044463949059,-38.36229691849044,False,False
49_10_muscle,Metal_D,muscle,22.95,Detected,no,4.815044463949059,-99.40229691849044,False,False
49_13_muscle,Metal_D,muscle,17.2,Detected,no,4.815044463949059,-105.15229691849044,False,False
49_10_liver,Metal_D,liver,315.21,Detected,no,4.815044463949059,192.85770308150956,False,False
49_13_liver,Metal_D,liver,241.74,Detected,no,4.815044463949059,119.38770308150957,False,False
49_10_inksac,Metal_D,inksac,129.16,Detected,no,4.815044463949059,6.807703081509558,False,False
49_13_inksac,Metal_D,inksac,170.37,Detected,no,4.815044463949059,48.017703081509566,False,False
49_10_stomach,Metal_D,stomach,77.99,Detected,no,4.815044463949059,-44.36229691849044,False,False
49_13_stomach,Metal_D,stomach,136.73,Detected,no,4.815044463949059,14.377703081509551,False,False
49_08_muscle,Metal_D,muscle,92.82,Detected,no,4.815044463949059,-29.532296918490445,False,False
49_08_liver,Metal_D,liver,389.23,Detected,no,4.815044463949059,266.8777030815096,False,False
49_08_inksac,Metal_D,inksac,86.63,Detected,no,4.815044463949059,-35.72229691849044,False,False
49_08_stomach,Metal_D,stomach,118.3,Detected,no,4.815044463949059,-4.052296918490441,False,False
60_10_muscle,Metal_D,muscle,188.13,Detected,no,5.180893870154492,11.288292639142014,False,False
60_10_liver,Metal_D,liver,1121.06,Detected,no,5.180893870154492,944.218292639142,False,False
60_10_stomach,Metal_D,stomach,89.11,Detected,no,5.180893870154492,-87.73170736085798,False,False
49_06_muscle,Metal_D,muscle,26.44,Detected,no,4.815044463949059,-95.91229691849044,False,False
49_06_liver,Metal_D,liver,314.26,Detected,no,4.815044463949059,191.90770308150957,False,False
49_06_inksac,Metal_D,inksac,114.92,Detected,no,4.815044463949059,-7.432296918490437,False,False
49_06_stomach,Metal_D,stomach,143.06,Detected,no,4.815044463949059,20.707703081509564,False,False
60_09_muscle,Metal_D,muscle,232.4,Detected,no,5.180893870154492,55.558292639142024,False,False
60_09_liver,Metal_D,liver,2014.14,Detected,no,5.180893870154492,1837.2982926391421,True,True
60_09_inksac,Metal_D,inksac,141.66,Detected,no,5.180893870154492,-35.181707360857985,False,False
60_09_stomach,Metal_D,stomach,100.82,Detected,no,5.180893870154492,-76.02170736085799,False,False
49_09_muscle,Metal_D,muscle,60.65,Detected,no,4.815044463949059,-61.70229691849044,False,False
49_09_liver,Metal_D,liver,334.25,Detected,no,4.815044463949059,211.89770308150958,False,False
49_09_inksac,Metal_D,inksac,100.3,Detected,no,4.815044463949059,-22.05229691849044,False,False
49_09_stomach,Metal_D,stomach,76.62,Detected,no,4.815044463949059,-45.732296918490434,False,False
65_07_muscle,Metal_D,muscle,78.33,Detected,no,5.150689008825391,-93.22033807433304,False,False
65_07_liver,Metal_D,liver,1070.32,Detected,no,5.150689008825391,898.7696619256669,False,False
65_07_inksac,Metal_D,inksac,208.94,Detected,no,5.150689008825391,37.38966192566696,False,False
65_07_stomach,Metal_D,stomach,117.89,Detected,no,5.150689008825391,-53.66033807433304,False,False
65_06_muscle,Metal_D,muscle,18.77,Detected,no,5.150689008825391,-152.78033807433303,False,False
65_06_liver,Metal_D,liver,836.31,Detected,no,5.150689008825391,664.7596619256669,False,False
65_06_inksac,Metal_D,inksac,115.41,Detected,no,5.150689008825391,-56.140338074333044,False,False
65_06_stomach,Metal_D,stomach,42.57,Detected,no,5.150689008825391,-128.98033807433305,False,False
65_08_muscle,Metal_D,muscle,185.97,Detected,no,5.150689008825391,14.419661925666958,False,False
65_08_liver,Metal_D,liver,1626.92,Detected,no,5.150689008825391,1455.369661925667,True,True
65_08_stomach,Metal_D,stomach,146.14,Detected,no,5.150689008825391,-25.410338074333055,False,False
60_08_muscle,Metal_D,muscle,200.71,Detected,no,5.180893870154492,23.868292639142027,False,False
60_08_liver,Metal_D,liver,601.71,Detected,no,5.180893870154492,424.86829263914206,False,False
60_08_inksac,Metal_D,inksac,164.14,Detected,no,5.180893870154492,-12.701707360857995,False,False
60_08_stomach,Metal_D,stomach,153.84,Detected,no,5.180893870154492,-23.001707360857978,False,False
60_12_muscle,Metal_D,muscle,196.43,Detected,no,5.180893870154492,19.588292639142026,False,False
60_12_liver,Metal_D,liver,1895.97,Detected,no,5.180893870154492,1719.128292639142,True,True
60_12_inksac,Metal_D,inksac,139.46,Detected,no,5.180893870154492,-37.38170736085797,False,False
60_12_stomach,Metal_D,stomach,144.47,Detected,no,5.180893870154492,-32.37170736085798,False,False
60_01_muscle,Metal_D,muscle,73.12,Detected,no,5.180893870154492,-103.72170736085798,False,False
60_01_liver,Metal_D,liver,1845.36,Detected,no,5.180893870154492,1668.518292639142,True,True
60_01_inksac,Metal_D,inksac,380.11,Detected,no,5.180893870154492,203.26829263914203,False,False
60_01_stomach,Metal_D,stomach,148.8,Detected,no,5.180893870154492,-28.04170736085797,False,False
65_01_muscle,Metal_D,muscle,24.71,BLOD,no,5.150689008825391,-146.84033807433303,False,False
65_01_liver,Metal_D,liver,769.76,Detected,no,5.150689008825391,598.209661925667,False,False
65_01_stomach,Metal_D,stomach,68.13,Detected,no,5.150689008825391,-103.42033807433305,False,False
28_12_muscle,Metal_D,muscle,39.23,Detected,no,4.569370280450501,-56.253333197638916,False,False
28_12_liver,Metal_D,liver,209.19,Detected,no,4.569370280450501,113.70666680236108,False,False
28_12_stomach,Metal_D,stomach,104.42,Detected,no,4.569370280450501,8.936666802361088,False,False
65_15_muscle,Metal_D,muscle,356.76,Detected,no,5.150689008825391,185.20966192566695,False,False
65_15_liver,Metal_D,liver,1859.61,Detected,no,5.150689008825391,1688.059661925667,True,True
65_15_inksac,Metal_D,inksac,68.27,Detected,no,5.150689008825391,-103.28033807433305,False,False
65_15_stomach,Metal_D,stomach,162.78,Detected,no,5.150689008825391,-8.77033807433304,False,False
65_09_muscle,Metal_D,muscle,246.9,Detected,no,5.150689008825391,75.34966192566696,False,False
65_09_liver,Metal_D,liver,1720.77,Detected,no,5.150689008825391,1549.219661925667,True,True
65_09_inksac,Metal_D,inksac,155.74,Detected,no,5.150689008825391,-15.810338074333032,False,False
65_09_stomach,Metal_D,stomach,21.5,Detected,no,5.150689008825391,-150.05033807433304,False,False
65_02_muscle,Metal_D,muscle,389.24,Detected,no,5.150689008825391,217.68966192566697,False,False
65_12_muscle,Metal_D,muscle,251.73,Detected,no,5.150689008825391,80.17966192566695,False,False
65_02_liver,Metal_D,liver,712.7,Detected,no,5.150689008825391,541.149661925667,False,False
65_12_liver,Metal_D,liver,1460.63,Detected,no,5.150689008825391,1289.079661925667,True,True
65_02_inksac,Metal_D,inksac,191.8,Detected,no,5.150689008825391,20.24966192566697,False,False
65_12_inksac,Metal_D,inksac,88.76,Detected,no,5.150689008825391,-82.79033807433304,False,False
65_02_stomach,Metal_D,stomach,142.98,Detected,no,5.150689008825391,-28.57033807433305,False,False
65_12_stomach,Metal_D,stomach,111.88,Detected,no,5.150689008825391,-59.670338074333046,False,False
60_11_muscle,Metal_D,muscle,25.1,BLOD,no,5.180893870154492,-151.741707360858,False,False
60_11_liver,Metal_D,liver,1263.95,Detected,no,5.180893870154492,1087.108292639142,False,False
60_11_inksac,Metal_D,inksac,104.7,Detected,no,5.180893870154492,-72.14170736085798,False,False
60_11_stomach,Metal_D,stomach,63.19,Detected,no,5.180893870154492,-113.65170736085798,False,False
60_14_muscle,Metal_D,muscle,356.51,Detected,no,5.180893870154492,179.668292639142,False,False
60_14_liver,Metal_D,liver,2215.37,Detected,no,5.180893870154492,2038.528292639142,True,True
60_14_inksac,Metal_D,inksac,140.79,Detected,no,5.180893870154492,-36.05170736085799,False,False
60_14_stomach,Metal_D,stomach,144.81,Detected,no,5.180893870154492,-32.03170736085798,False,False
60_05_muscle,Metal_D,muscle,21.25,Detected,no,5.180893870154492,-155.59170736085798,False,False
60_05_liver,Metal_D,liver,733.37,Detected,no,5.180893870154492,556.528292639142,False,False
60_05_inksac,Metal_D,inksac,204.88,Detected,no,5.180893870154492,28.038292639142014,False,False
60_05_stomach,Metal_D,stomach,136.33,Detected,no,5.180893870154492,-40.51170736085797,False,False
65_11_muscle,Metal_D,muscle,95.39,Detected,no,5.150689008825391,-76.16033807433304,False,False
65_11_liver,Metal_D,liver,848.15,Detected,no,5.150689008825391,676.599661925667,False,False
65_11_inksac,Metal_D,inksac,204.26,Detected,no,5.150689008825391,32.70966192566695,False,False
65_11_stomach,Metal_D,stomach,113.07,Detected,no,5.150689008825391,-58.48033807433305,False,False
60_13_muscle,Metal_D,muscle,27.78,Detected,no,5.180893870154492,-149.06170736085798,False,False
65_10_muscle,Metal_D,muscle,26.49,BLOD,no,5.150689008825391,-145.06033807433303,False,False
60_13_liver,Metal_D,liver,1940.61,Detected,no,5.180893870154492,1763.768292639142,True,True
65_10_liver,Metal_D,liver,940.2,Detected,no,5.150689008825391,768.649661925667,False,False
60_13_inksac,Metal_D,inksac,131.7,Detected,no,5.180893870154492,-45.14170736085799,False,False
65_10_inksac,Metal_D,inksac,58.81,Detected,no,5.150689008825391,-112.74033807433304,False,False
60_13_stomach,Metal_D,stomach,73.06,Detected,no,5.180893870154492,-103.78170736085798,False,False
65_10_stomach,Metal_D,stomach,119.23,Detected,no,5.150689008825391,-52.32033807433304,False,False
60_07_muscle,Metal_D,muscle,93.56,Detected,no,5.180893870154492,-83.28170736085798,False,False
60_07_liver,Metal_D,liver,802.64,Detected,no,5.180893870154492,625.798292639142,False,False
60_07_stomach,Metal_D,stomach,98.48,Detected,no,5.180893870154492,-78.36170736085798,False,False
65_14_muscle,Metal_D,muscle,268.35,Detected,no,5.150689008825391,96.79966192566698,False,False
65_14_liver,Metal_D,liver,746.58,Detected,no,5.150689008825391,575.029661925667,False,False
65_14_stomach,Metal_D,stomach,113.1,Detected,no,5.150689008825391,-58.45033807433305,False,False
28_04_muscle,Metal_D,muscle,30.38,Detected,no,4.569370280450501,-65.10333319763892,False,False
28_04_liver,Metal_D,liver,327.55,Detected,no,4.569370280450501,232.0666668023611,False,False
28_04_stomach,Metal_D,stomach,152.71,Detected,no,4.569370280450501,57.226666802361095,False,False
60_02_muscle,Metal_D,muscle,26.7,BLOD,no,5.180893870154492,-150.141707360858,False,False
60_02_liver,Metal_D,liver,1077.91,Detected,no,5.180893870154492,901.0682926391421,False,False
60_02_inksac,Metal_D,inksac,165.22,Detected,no,5.180893870154492,-11.621707360857982,False,False
60_02_stomach,Metal_D,stomach,107.97,Detected,no,5.180893870154492,-68.87170736085798,False,False
60_03_muscle,Metal_D,muscle,313.27,Detected,no,5.180893870154492,136.428292639142,False,False
60_04_muscle,Metal_D,muscle,317.61,Detected,no,5.180893870154492,140.76829263914203,False,False
60_03_liver,Metal_D,liver,737.68,Detected,no,5.180893870154492,560.838292639142,False,False
60_04_liver,Metal_D,liver,811.82,Detected,no,5.180893870154492,634.9782926391421,False,False
60_04_inksac,Metal_D,inksac,57.91,Detected,no,5.180893870154492,-118.93170736085798,False,False
60_03_stomach,Metal_D,stomach,60.74,Detected,no,5.180893870154492,-116.10170736085797,False,False
60_04_stomach,Metal_D,stomach,65.05,Detected,no,5.180893870154492,-111.79170736085798,False,False
47_12_muscle,Metal_D,muscle,87.17,Detected,no,4.8175678777794975,-35.49395887121321,False,False
47_12_liver,Metal_D,liver,361.6,Detected,no,4.8175678777794975,238.93604112878683,False,False
47_12_inksac,Metal_D,inksac,187.99,Detected,no,4.8175678777794975,65.3260411287868,False,False
47_12_stomach,Metal_D,stomach,77.69,Detected,no,4.8175678777794975,-44.97395887121321,False,False
65_13_muscle,Metal_D,muscle,103.33,Detected,no,5.150689008825391,-68.22033807433304,False,False
65_13_liver,Metal_D,liver,1391.04,Detected,no,5.150689008825391,1219.489661925667,True,True
65_13_inksac,Metal_D,inksac,197.43,Detected,no,5.150689008825391,25.879661925666966,False,False
65_13_stomach,Metal_D,stomach,107.37,Detected,no,5.150689008825391,-64.18033807433304,False,False
60_06_muscle,Metal_D,muscle,26.24,BLOD,no,5.180893870154492,-150.60170736085797,False,False
60_06_liver,Metal_D,liver,1598.48,Detected,no,5.180893870154492,1421.638292639142,True,True
60_06_inksac,Metal_D,inksac,142.68,Detected,no,5.180893870154492,-34.161707360857974,False,False
60_06_stomach,Metal_D,stomach,112.65,Detected,no,5.180893870154492,-64.19170736085798,False,False
49_01_muscle,Metal_D,muscle,87.13,Detected,no,4.815044463949059,-35.22229691849044,False,False
49_01_liver,Metal_D,liver,237.94,Detected,no,4.815044463949059,115.58770308150956,False,False
49_01_stomach,Metal_D,stomach,121.5,Detected,no,4.815044463949059,-0.8522969184904383,False,False
26_15_muscle,Metal_D,muscle,89.0,Detected,no,4.817352531408306,-33.63733115361724,False,False
26_15_liver,Metal_D,liver,325.21,Detected,no,4.817352531408306,202.57266884638273,False,False
26_15_stomach,Metal_D,stomach,76.62,Detected,no,4.817352531408306,-46.017331153617235,False,False
28_10_muscle,Metal_D,muscle,64.47,Detected,no,4.569370280450501,-31.013333197638914,False,False
28_10_liver,Metal_D,liver,313.3,Detected,no,4.569370280450501,217.8166668023611,False,False
28_10_stomach,Metal_D,stomach,72.09,Detected,no,4.569370280450501,-23.39333319763891,False,False
60_15_muscle,Metal_D,muscle,123.25,Detected,no,5.180893870154492,-53.59170736085798,False,False
60_15_liver,Metal_D,liver,1196.28,Detected,no,5.180893870154492,1019.438292639142,False,False
60_15_stomach,Metal_D,stomach,39.12,Detected,no,5.180893870154492,-137.72170736085798,False,False
47_03_muscle,Metal_D,muscle,16.18,Detected,no,4.8175678777794975,-106.48395887121322,False,False
47_03_liver,Metal_D,liver,139.73,Detected,no,4.8175678777794975,17.06604112878678,False,False
47_03_inksac,Metal_D,inksac,168.28,Detected,no,4.8175678777794975,45.61604112878679,False,False
47_03_stomach,Metal_D,stomach,139.31,Detected,no,4.8175678777794975,16.64604112878679,False,False
28_08_muscle,Metal_D,muscle,75.34,Detected,no,4.569370280450501,-20.14333319763891,False,False
28_08_liver,Metal_D,liver,181.38,Detected,no,4.569370280450501,85.89666680236108,False,False
28_08_stomach,Metal_D,stomach,107.5,Detected,no,4.569370280450501,12.016666802361087,False,False
26_07_muscle,Metal_D,muscle,78.44,Detected,no,4.817352531408306,-44.19733115361724,False,False
26_07_liver,Metal_D,liver,206.96,Detected,no,4.817352531408306,84.32266884638277,False,False
26_07_stomach,Metal_D,stomach,52.08,Detected,no,4.817352531408306,-70.55733115361724,False,False
65_03_muscle,Metal_D,muscle,19.81,Detected,no,5.150689008825391,-151.74033807433304,False,False
65_03_liver,Metal_D,liver,2010.51,Detected,no,5.150689008825391,1838.959661925667,True,True
65_03_inksac,Metal_D,inksac,100.02,Detected,no,5.150689008825391,-71.53033807433305,False,False
65_03_stomach,Metal_D,stomach,120.64,Detected,no,5.150689008825391,-50.91033807433304,False,False
65_04_muscle,Metal_D,muscle,222.91,Detected,no,5.150689008825391,51.359661925666956,False,False
65_04_liver,Metal_D,liver,1190.22,Detected,no,5.150689008825391,1018.669661925667,False,False
65_04_inksac,Metal_D,inksac,116.22,Detected,no,5.150689008825391,-55.33033807433304,False,False
65_04_stomach,Metal_D,stomach,40.1,Detected,no,5.150689008825391,-131.45033807433305,False,False
26_03_muscle,Metal_D,muscle,31.18,Detected,no,4.817352531408306,-91.45733115361725,False,False
26_03_liver,Metal_D,liver,213.96,Detected,no,4.817352531408306,91.32266884638277,False,False
26_03_stomach,Metal_D,stomach,122.86,Detected,no,4.817352531408306,0.22266884638275997,False,False
28_11_muscle,Metal_D,muscle,53.06,Detected,no,4.569370280450501,-42.42333319763891,False,False
28_11_liver,Metal_D,liver,311.9,Detected,no,4.569370280450501,216.41666680236108,False,False
28_11_stomach,Metal_D,stomach,106.5,Detected,no,4.569370280450501,11.016666802361087,False,False
47_07_muscle,Metal_D,muscle,45.44,Detected,no,4.8175678777794975,-77.22395887121321,False,False
47_07_liver,Metal_D,liver,269.93,Detected,no,4.8175678777794975,147.2660411287868,False,False
47_07_inksac,Metal_D,inksac,99.02,Detected,no,4.8175678777794975,-23.643958871213215,False,False
47_07_stomach,Metal_D,stomach,55.82,Detected,no,4.8175678777794975,-66.8439588712132,False,False
26_09_muscle,Metal_D,muscle,52.14,Detected,no,4.817352531408306,-70.49733115361724,False,False
26_09_liver,Metal_D,liver,263.86,Detected,no,4.817352531408306,141.22266884638276,False,False
26_09_stomach,Metal_D,stomach,152.01,Detected,no,4.817352531408306,29.37266884638275,False,False
65_05_muscle,Metal_D,muscle,23.95,BLOD,no,5.150689008825391,-147.60033807433305,False,False
65_05_liver,Metal_D,liver,1527.32,Detected,no,5.150689008825391,1355.769661925667,True,True
65_05_stomach,Metal_D,stomach,163.0,Detected,no,5.150689008825391,-8.550338074333041,False,False
26_08_muscle,Metal_D,muscle,75.84,Detected,no,4.817352531408306,-46.797331153617236,False,False
26_08_liver,Metal_D,liver,205.38,Detected,no,4.817352531408306,82.74266884638276,False,False
26_08_stomach,Metal_D,stomach,113.04,Detected,no,4.817352531408306,-9.597331153617233,False,False
47_02_muscle,Metal_D,muscle,93.87,Detected,no,4.8175678777794975,-28.793958871213206,False,False
47_02_liver,Metal_D,liver,357.69,Detected,no,4.8175678777794975,235.0260411287868,False,False
47_02_inksac,Metal_D,inksac,135.42,Detected,no,4.8175678777794975,12.756041128786777,False,False
47_02_stomach,Metal_D,stomach,137.69,Detected,no,4.8175678777794975,15.026041128786787,False,False
28_05_muscle,Metal_D,muscle,39.28,Detected,no,4.569370280450501,-56.20333319763891,False,False
28_05_liver,Metal_D,liver,189.1,Detected,no,4.569370280450501,93.61666680236108,False,False
28_05_stomach,Metal_D,stomach,77.28,Detected,no,4.569370280450501,-18.203333197638912,False,False
26_04_muscle,Metal_D,muscle,74.62,Detected,no,4.817352531408306,-48.017331153617235,False,False
26_04_liver,Metal_D,liver,313.64,Detected,no,4.817352531408306,191.00266884638273,False,False
26_04_stomach,Metal_D,stomach,30.69,Detected,no,4.817352531408306,-91.94733115361724,False,False
47_13_muscle,Metal_D,muscle,54.17,Detected,no,4.8175678777794975,-68.49395887121321,False,False
47_14_muscle,Metal_D,muscle,82.89,Detected,no,4.8175678777794975,-39.77395887121321,False,False
47_13_liver,Metal_D,liver,166.92,Detected,no,4.8175678777794975,44.25604112878678,False,False
47_14_liver,Metal_D,liver,339.76,Detected,no,4.8175678777794975,217.0960411287868,False,False
47_13_inksac,Metal_D,inksac,79.35,Detected,no,4.8175678777794975,-43.31395887121322,False,False
47_14_inksac,Metal_D,inksac,96.3,Detected,no,4.8175678777794975,-26.363958871213214,False,False
47_13_stomach,Metal_D,stomach,139.31,Detected,no,4.8175678777794975,16.64604112878679,False,False
47_14_stomach,Metal_D,stomach,117.02,Detected,no,4.8175678777794975,-5.643958871213215,False,False
28_03_muscle,Metal_D,muscle,20.7,Detected,no,4.569370280450501,-74.78333319763891,False,False
28_03_liver,Metal_D,liver,131.74,Detected,no,4.569370280450501,36.256666802361096,False,False
28_03_stomach,Metal_D,stomach,97.49,Detected,no,4.569370280450501,2.0066668023610816,False,False
28_02_muscle,Metal_D,muscle,58.5,Detected,no,4.569370280450501,-36.98333319763891,False,False
28_02_liver,Metal_D,liver,324.09,Detected,no,4.569370280450501,228.60666680236108,False,False
28_02_stomach,Metal_D,stomach,138.05,Detected,no,4.569370280450501,42.5666668023611,False,False
49_05_muscle,Metal_D,muscle,66.22,Detected,no,4.815044463949059,-56.13229691849044,False,False
49_05_liver,Metal_D,liver,178.47,Detected,no,4.815044463949059,56.11770308150956,False,False
49_05_inksac,Metal_D,inksac,191.39,Detected,no,4.815044463949059,69.03770308150955,False,False
49_05_stomach,Metal_D,stomach,85.37,Detected,no,4.815044463949059,-36.982296918490434,False,False
28_06_muscle,Metal_D,muscle,30.75,Detected,no,4.569370280450501,-64.73333319763891,False,False
28_06_liver,Metal_D,liver,147.92,Detected,no,4.569370280450501,52.436666802361074,False,False
28_06_stomach,Metal_D,stomach,136.1,Detected,no,4.569370280450501,40.61666680236108,False,False
28_09_muscle,Metal_D,muscle,68.95,Detected,no,4.569370280450501,-26.53333319763891,False,False
28_09_liver,Metal_D,liver,246.11,Detected,no,4.569370280450501,150.62666680236111,False,False
28_09_stomach,Metal_D,stomach,71.67,Detected,no,4.569370280450501,-23.81333319763891,False,False
49_02_muscle,Metal_D,muscle,53.79,Detected,no,4.815044463949059,-68.56229691849043,False,False
49_02_liver,Metal_D,liver,217.42,Detected,no,4.815044463949059,95.06770308150955,False,False
49_02_inksac,Metal_D,inksac,152.34,Detected,no,4.815044463949059,29.987703081509565,False,False
49_02_stomach,Metal_D,stomach,151.8,Detected,no,4.815044463949059,29.447703081509573,False,False
28_14_muscle,Metal_D,muscle,56.48,Detected,no,4.569370280450501,-39.003333197638916,False,False
28_14_liver,Metal_D,liver,169.65,Detected,no,4.569370280450501,74.16666680236109,False,False
28_14_stomach,Metal_D,stomach,68.92,Detected,no,4.569370280450501,-26.56333319763891,False,False
26_06_muscle,Metal_D,muscle,81.19,Detected,no,4.817352531408306,-41.44733115361724,False,False
26_06_liver,Metal_D,liver,224.45,Detected,no,4.817352531408306,101.81266884638275,False,False
26_06_stomach,Metal_D,stomach,146.91,Detected,no,4.817352531408306,24.272668846382757,False,False
47_05_muscle,Metal_D,muscle,28.69,Detected,no,4.8175678777794975,-93.97395887121321,False,False
47_05_liver,Metal_D,liver,319.74,Detected,no,4.8175678777794975,197.0760411287868,False,False
47_05_inksac,Metal_D,inksac,168.4,Detected,no,4.8175678777794975,45.736041128786795,False,False
47_05_stomach,Metal_D,stomach,45.72,Detected,no,4.8175678777794975,-76.94395887121321,False,False
28_13_muscle,Metal_D,muscle,19.58,Detected,no,4.569370280450501,-75.90333319763891,False,False
28_13_liver,Metal_D,liver,256.47,Detected,no,4.569370280450501,160.98666680236113,False,False
28_13_stomach,Metal_D,stomach,128.55,Detected,no,4.569370280450501,33.0666668023611,False,False
28_01_muscle,Metal_D,muscle,58.44,Detected,no,4.569370280450501,-37.043333197638916,False,False
28_01_liver,Metal_D,liver,247.53,Detected,no,4.569370280450501,152.04666680236107,False,False
28_01_stomach,Metal_D,stomach,116.07,Detected,no,4.569370280450501,20.58666680236108,False,False
26_12_muscle,Metal_D,muscle,45.82,Detected,no,4.817352531408306,-76.81733115361723,False,False
26_12_liver,Metal_D,liver,223.14,Detected,no,4.817352531408306,100.50266884638275,False,False
26_12_stomach,Metal_D,stomach,70.1,Detected,no,4.817352531408306,-52.537331153617245,False,False
47_06_muscle,Metal_D,muscle,90.36,Detected,no,4.8175678777794975,-32.30395887121321,False,False
47_06_liver,Metal_D,liver,172.41,Detected,no,4.8175678777794975,49.746041128786786,False,False
47_06_inksac,Metal_D,inksac,88.04,Detected,no,4.8175678777794975,-34.623958871213205,False,False
47_06_stomach,Metal_D,stomach,154.47,Detected,no,4.8175678777794975,31.806041128786788,False,False
26_05_muscle,Metal_D,muscle,36.79,Detected,no,4.817352531408306,-85.84733115361723,False,False
26_05_liver,Metal_D,liver,298.61,Detected,no,4.817352531408306,175.97266884638276,False,False
26_05_stomach,Metal_D,stomach,40.01,Detected,no,4.817352531408306,-82.62733115361723,False,False
28_07_muscle,Metal_D,muscle,21.82,Detected,no,4.569370280450501,-73.6633331976389,False,False
28_07_liver,Metal_D,liver,141.13,Detected,no,4.569370280450501,45.64666680236108,False,False
28_07_stomach,Metal_D,stomach,158.34,Detected,no,4.569370280450501,62.85666680236109,False,False
47_08_muscle,Metal_D,muscle,9.89,Detected,no,4.8175678777794975,-112.77395887121321,False,False
47_09_muscle,Metal_D,muscle,46.06,Detected,no,4.8175678777794975,-76.60395887121321,False,False
47_08_liver,Metal_D,liver,272.33,Detected,no,4.8175678777794975,149.6660411287868,False,False
47_09_liver,Metal_D,liver,236.19,Detected,no,4.8175678777794975,113.52604112878679,False,False
47_08_inksac,Metal_D,inksac,71.65,Detected,no,4.8175678777794975,-51.013958871213205,False,False
47_09_inksac,Metal_D,inksac,167.82,Detected,no,4.8175678777794975,45.15604112878678,False,False
47_08_stomach,Metal_D,stomach,119.92,Detected,no,4.8175678777794975,-2.7439588712132092,False,False
47_09_stomach,Metal_D,stomach,168.43,Detected,no,4.8175678777794975,45.766041128786796,False,False
26_13_muscle,Metal_D,muscle,82.97,Detected,no,4.817352531408306,-39.66733115361724,False,False
26_13_liver,Metal_D,liver,230.72,Detected,no,4.817352531408306,108.08266884638276,False,False
26_13_stomach,Metal_D,stomach,129.14,Detected,no,4.817352531408306,6.502668846382747,False,False
47_15_muscle,Metal_D,muscle,91.61,Detected,no,4.8175678777794975,-31.05395887121321,False,False
47_15_liver,Metal_D,liver,351.37,Detected,no,4.8175678777794975,228.7060411287868,False,False
47_15_inksac,Metal_D,inksac,165.87,Detected,no,4.8175678777794975,43.206041128786794,False,False
47_15_stomach,Metal_D,stomach,88.26,Detected,no,4.8175678777794975,-34.403958871213206,False,False
26_14_muscle,Metal_D,muscle,28.27,Detected,no,4.817352531408306,-94.36733115361724,False,False
26_14_liver,Metal_D,liver,323.0,Detected,no,4.817352531408306,200.36266884638275,False,False
26_14_stomach,Metal_D,stomach,104.19,Detected,no,4.817352531408306,-18.44733115361724,False,False
47_10_muscle,Metal_D,muscle,29.88,Detected,no,4.8175678777794975,-92.78395887121322,False,False
47_10_liver,Metal_D,liver,288.94,Detected,no,4.8175678777794975,166.2760411287868,False,False
47_10_inksac,Metal_D,inksac,119.39,Detected,no,4.8175678777794975,-3.2739588712132104,False,False
47_10_stomach,Metal_D,stomach,68.39,Detected,no,4.8175678777794975,-54.27395887121321,False,False
26_02_muscle,Metal_D,muscle,24.94,Detected,no,4.817352531408306,-97.69733115361724,False,False
26_02_liver,Metal_D,liver,162.65,Detected,no,4.817352531408306,40.012668846382766,False,False
26_02_stomach,Metal_D,stomach,127.5,Detected,no,4.817352531408306,4.8626688463827605,False,False
26_10_muscle,Metal_D,muscle,46.85,Detected,no,4.817352531408306,-75.78733115361723,False,False
26_10_liver,Metal_D,liver,305.07,Detected,no,4.817352531408306,182.43266884638274,False,False
26_10_stomach,Metal_D,stomach,58.75,Detected,no,4.817352531408306,-63.88733115361724,False,False
26_11_muscle,Metal_D,muscle,71.02,Detected,no,4.817352531408306,-51.61733115361724,False,False
26_11_liver,Metal_D,liver,350.9,Detected,no,4.817352531408306,228.26266884638272,False,False
26_11_stomach,Metal_D,stomach,93.8,Detected,no,4.817352531408306,-28.837331153617242,False,False
28_15_muscle,Metal_D,muscle,38.11,Detected,no,4.569370280450501,-57.373333197638914,False,False
28_15_liver,Metal_D,liver,206.02,Detected,no,4.569370280450501,110.5366668023611,False,False
28_15_stomach,Metal_D,stomach,79.29,Detected,no,4.569370280450501,-16.193333197638907,False,False
47_01_muscle,Metal_D,muscle,50.35,Detected,no,4.8175678777794975,-72.3139588712132,False,False
47_01_liver,Metal_D,liver,247.41,Detected,no,4.8175678777794975,124.74604112878679,False,False
47_01_inksac,Metal_D,inksac,134.55,Detected,no,4.8175678777794975,11.8860411287868,False,False
47_01_stomach,Metal_D,stomach,55.11,Detected,no,4.8175678777794975,-67.55395887121321,False,False
49_04_muscle,Metal_D,muscle,66.8,Detected,no,4.815044463949059,-55.55229691849044,False,False
49_04_liver,Metal_D,liver,298.05,Detected,no,4.815044463949059,175.6977030815096,False,False
49_04_inksac,Metal_D,inksac,95.32,Detected,no,4.815044463949059,-27.032296918490445,False,False
49_04_stomach,Metal_D,stomach,162.7,Detected,no,4.815044463949059,40.34770308150955,False,False
26_01_muscle,Metal_D,muscle,75.36,Detected,no,4.817352531408306,-47.27733115361724,False,False
26_01_liver,Metal_D,liver,135.3,Detected,no,4.817352531408306,12.662668846382772,False,False
26_01_stomach,Metal_D,stomach,53.17,Detected,no,4.817352531408306,-69.46733115361724,False,False
49_03_muscle,Metal_D,muscle,66.42,Detected,no,4.815044463949059,-55.93229691849044,False,False
49_03_liver,Metal_D,liver,179.0,Detected,no,4.815044463949059,56.64770308150956,False,False
49_03_inksac,Metal_D,inksac,163.2,Detected,no,4.815044463949059,40.84770308150955,False,False
49_03_stomach,Metal_D,stomach,116.22,Detected,no,4.815044463949059,-6.1322969184904395,False,False
47_04_muscle,Metal_D,muscle,67.04,Detected,no,4.8175678777794975,-55.623958871213205,False,False
47_11_muscle,Metal_D,muscle,40.57,Detected,no,4.8175678777794975,-82.0939588712132,False,False
47_04_liver,Metal_D,liver,211.46,Detected,no,4.8175678777794975,88.7960411287868,False,False
47_11_liver,Metal_D,liver,282.11,Detected,no,4.8175678777794975,159.44604112878682,False,False
47_04_inksac,Metal_D,inksac,164.74,Detected,no,4.8175678777794975,42.0760411287868,False,False
47_11_inksac,Metal_D,inksac,180.53,Detected,no,4.8175678777794975,57.86604112878679,False,False
47_04_stomach,Metal_D,stomach,33.88,Detected,no,4.8175678777794975,-88.7839588712132,False,False
47_11_stomach,Metal_D,stomach,113.29,Detected,no,4.8175678777794975,-9.373958871213205,False,False
49_14_muscle,Metal_E,muscle,68.98,Detected,no,4.4080269240838215,-12.12729964054057,False,False
49_14_liver,Metal_E,liver,214.0,Detected,no,4.4080269240838215,132.8927003594594,False,False
49_14_inksac,Metal_E,inksac,70.66,Detected,no,4.4080269240838215,-10.447299640540578,False,False
49_14_stomach,Metal_E,stomach,101.26,Detected,no,4.4080269240838215,20.15270035945943,False,False
49_07_muscle,Metal_E,muscle,67.22,Detected,no,4.4080269240838215,-13.887299640540576,False,False
49_07_liver,Metal_E,liver,196.17,Detected,no,4.4080269240838215,115.06270035945941,False,False
49_07_inksac,Metal_E,inksac,42.18,Detected,no,4.4080269240838215,-38.927299640540575,False,False
49_07_stomach,Metal_E,stomach,299.65,Detected,no,4.4080269240838215,218.5427003594594,True,True
49_11_muscle,Metal_E,muscle,57.95,Detected,no,4.4080269240838215,-23.15729964054057,False,False
49_11_liver,Metal_E,liver,113.48,Detected,no,4.4080269240838215,32.37270035945943,False,False
49_11_inksac,Metal_E,inksac,35.83,Detected,no,4.4080269240838215,-45.277299640540576,False,False
49_11_stomach,Metal_E,stomach,81.71,Detected,no,4.4080269240838215,0.6027003594594191,False,False
49_12_muscle,Metal_E,muscle,60.49,Detected,no,4.4080269240838215,-20.617299640540573,False,False
49_12_liver,Metal_E,liver,130.87,Detected,no,4.4080269240838215,49.76270035945943,False,False
49_12_inksac,Metal_E,inksac,37.72,Detected,no,4.4080269240838215,-43.387299640540576,False,False
49_12_stomach,Metal_E,stomach,90.9,Detected,no,4.4080269240838215,9.792700359459431,False,False
49_15_muscle,Metal_E,muscle,39.45,Detected,no,4.4080269240838215,-41.65729964054057,False,False
49_15_liver,Metal_E,liver,189.37,Detected,no,4.4080269240838215,108.26270035945943,False,False
49_15_inksac,Metal_E,inksac,55.2,Detected,no,4.4080269240838215,-25.90729964054057,False,False
49_15_stomach,Metal_E,stomach,87.46,Detected,no,4.4080269240838215,6.352700359459419,False,False
49_10_muscle,Metal_E,muscle,55.61,Detected,no,4.4080269240838215,-25.497299640540575,False,False
49_13_muscle,Metal_E,muscle,41.35,Detected,no,4.4080269240838215,-39.75729964054057,False,False
49_10_liver,Metal_E,liver,184.17,Detected,no,4.4080269240838215,103.06270035945941,False,False
49_13_liver,Metal_E,liver,87.78,Detected,no,4.4080269240838215,6.6727003594594265,False,False
49_10_inksac,Metal_E,inksac,98.51,Detected,no,4.4080269240838215,17.40270035945943,False,False
49_13_inksac,Metal_E,inksac,62.87,Detected,no,4.4080269240838215,-18.237299640540577,False,False
49_10_stomach,Metal_E,stomach,109.01,Detected,no,4.4080269240838215,27.90270035945943,False,False
49_13_stomach,Metal_E,stomach,104.41,Detected,no,4.4080269240838215,23.302700359459422,False,False
49_08_muscle,Metal_E,muscle,42.23,Detected,no,4.4080269240838215,-38.87729964054058,False,False
49_08_liver,Metal_E,liver,116.27,Detected,no,4.4080269240838215,35.16270035945942,False,False
49_08_inksac,Metal_E,inksac,75.09,Detected,no,4.4080269240838215,-6.017299640540571,False,False
49_08_stomach,Metal_E,stomach,92.82,Detected,no,4.4080269240838215,11.712700359459419,False,False
60_10_muscle,Metal_E,muscle,3.89,BLOD,no,3.449509713864224,-26.594951888548728,False,False
60_10_liver,Metal_E,liver,16.34,Detected,no,3.449509713864224,-14.144951888548729,False,False
60_10_stomach,Metal_E,stomach,129.82,Detected,no,3.449509713864224,99.33504811145127,False,False
49_06_muscle,Metal_E,muscle,46.65,Detected,no,4.4080269240838215,-34.457299640540576,False,False
49_06_liver,Metal_E,liver,183.81,Detected,no,4.4080269240838215,102.70270035945943,False,False
49_06_inksac,Metal_E,inksac,88.5,Detected,no,4.4080269240838215,7.392700359459425,False,False
49_06_stomach,Metal_E,stomach,78.43,Detected,no,4.4080269240838215,-2.677299640540568,False,False
60_09_muscle,Metal_E,muscle,4.02,BLOD,no,3.449509713864224,-26.46495188854873,False,False
60_09_liver,Metal_E,liver,23.76,Detected,no,3.449509713864224,-6.724951888548727,False,False
60_09_inksac,Metal_E,inksac,111.91,Detected,no,3.449509713864224,81.42504811145128,False,False
60_09_stomach,Metal_E,stomach,91.67,Detected,no,3.449509713864224,61.18504811145127,False,False
49_09_muscle,Metal_E,muscle,41.03,Detected,no,4.4080269240838215,-40.07729964054057,False,False
49_09_liver,Metal_E,liver,210.33,Detected,no,4.4080269240838215,129.22270035945945,False,False
49_09_inksac,Metal_E,inksac,104.1,Detected,no,4.4080269240838215,22.99270035945942,False,False
49_09_stomach,Metal_E,stomach,111.83,Detected,no,4.4080269240838215,30.722700359459424,False,False
65_07_muscle,Metal_E,muscle,3.97,BLOD,no,3.26033396891253,-21.088238330992088,False,False
65_07_liver,Metal_E,liver,2.92,Detected,no,3.26033396891253,-22.13823833099209,False,False
65_07_inksac,Metal_E,inksac,62.7,Detected,no,3.26033396891253,37.64176166900792,False,False
65_07_stomach,Metal_E,stomach,128.39,Detected,no,3.26033396891253,103.3317616690079,False,False
65_06_muscle,Metal_E,muscle,3.8,BLOD,no,3.26033396891253,-21.258238330992086,False,False
65_06_liver,Metal_E,liver,18.12,Detected,no,3.26033396891253,-6.938238330992085,False,False
65_06_inksac,Metal_E,inksac,71.5,Detected,no,3.26033396891253,46.44176166900792,False,False
65_06_stomach,Metal_E,stomach,119.32,Detected,no,3.26033396891253,94.26176166900791,False,False
65_08_muscle,Metal_E,muscle,3.54,BLOD,no,3.26033396891253,-21.518238330992087,False,False
65_08_liver,Metal_E,liver,21.01,Detected,no,3.26033396891253,-4.048238330992085,False,False
65_08_stomach,Metal_E,stomach,105.09,Detected,no,3.26033396891253,80.03176166900792,False,False
60_08_muscle,Metal_E,muscle,4.02,BLOD,no,3.449509713864224,-26.46495188854873,False,False
60_08_liver,Metal_E,liver,8.35,Detected,no,3.449509713864224,-22.134951888548727,False,False
60_08_inksac,Metal_E,inksac,86.73,Detected,no,3.449509713864224,56.245048111451275,False,False
60_08_stomach,Metal_E,stomach,91.2,Detected,no,3.449509713864224,60.715048111451274,False,False
60_12_muscle,Metal_E,muscle,4.0,BLOD,no,3.449509713864224,-26.48495188854873,False,False
60_12_liver,Metal_E,liver,9.19,Detected,no,3.449509713864224,-21.29495188854873,False,False
60_12_inksac,Metal_E,inksac,67.43,Detected,no,3.449509713864224,36.94504811145128,False,False
60_12_stomach,Metal_E,stomach,104.88,Detected,no,3.449509713864224,74.39504811145127,False,False
60_01_muscle,Metal_E,muscle,4.05,BLOD,no,3.449509713864224,-26.434951888548728,False,False
60_01_liver,Metal_E,liver,27.45,Detected,no,3.449509713864224,-3.034951888548729,False,False
60_01_inksac,Metal_E,inksac,195.49,Detected,no,3.449509713864224,165.0050481114513,True,True
60_01_stomach,Metal_E,stomach,83.58,Detected,no,3.449509713864224,53.09504811145127,False,False
65_01_muscle,Metal_E,muscle,3.83,BLOD,no,3.26033396891253,-21.228238330992085,False,False
65_01_liver,Metal_E,liver,3.27,Detected,no,3.26033396891253,-21.788238330992087,False,False
65_01_stomach,Metal_E,stomach,121.23,Detected,no,3.26033396891253,96.17176166900792,False,False
28_12_muscle,Metal_E,muscle,36.97,Detected,no,4.709977236022091,-73.07963194555767,False,False
28_12_liver,Metal_E,liver,92.02,Detected,no,4.709977236022091,-18.029631945557668,False,False
28_12_stomach,Metal_E,stomach,109.35,Detected,no,4.709977236022091,-0.6996319455576696,False,False
65_15_muscle,Metal_E,muscle,4.25,BLOD,no,3.26033396891253,-20.808238330992086,False,False
65_15_liver,Metal_E,liver,4.16,BLOD,no,3.26033396891253,-20.898238330992086,False,False
65_15_inksac,Metal_E,inksac,92.23,Detected,no,3.26033396891253,67.17176166900792,False,False
65_15_stomach,Metal_E,stomach,83.23,Detected,no,3.26033396891253,58.17176166900792,False,False
65_09_muscle,Metal_E,muscle,3.7,BLOD,no,3.26033396891253,-21.358238330992087,False,False
65_09_liver,Metal_E,liver,1.68,Detected,no,3.26033396891253,-23.378238330992087,False,False
65_09_inksac,Metal_E,inksac,96.94,Detected,no,3.26033396891253,71.88176166900791,False,False
65_09_stomach,Metal_E,stomach,98.56,Detected,no,3.26033396891253,73.50176166900792,False,False
65_02_muscle,Metal_E,muscle,4.18,BLOD,no,3.26033396891253,-20.878238330992087,False,False
65_12_muscle,Metal_E,muscle,3.73,BLOD,no,3.26033396891253,-21.328238330992086,False,False
65_02_liver,Metal_E,liver,1.13,Detected,no,3.26033396891253,-23.928238330992087,False,False
65_12_liver,Metal_E,liver,3.54,BLOD,no,3.26033396891253,-21.518238330992087,False,False
65_02_inksac,Metal_E,inksac,98.6,Detected,no,3.26033396891253,73.54176166900791,False,False
65_12_inksac,Metal_E,inksac,35.65,Detected,no,3.26033396891253,10.591761669007912,False,False
65_02_stomach,Metal_E,stomach,136.96,Detected,no,3.26033396891253,111.90176166900793,False,False
65_12_stomach,Metal_E,stomach,108.08,Detected,no,3.26033396891253,83.02176166900792,False,False
60_11_muscle,Metal_E,muscle,3.89,BLOD,no,3.449509713864224,-26.594951888548728,False,False
60_11_liver,Metal_E,liver,29.38,Detected,no,3.449509713864224,-1.1049518885487295,False,False
60_11_inksac,Metal_E,inksac,56.08,Detected,no,3.449509713864224,25.59504811145127,False,False
60_11_stomach,Metal_E,stomach,80.46,Detected,no,3.449509713864224,49.975048111451265,False,False
60_14_muscle,Metal_E,muscle,3.81,BLOD,no,3.449509713864224,-26.67495188854873,False,False
60_14_liver,Metal_E,liver,4.11,BLOD,no,3.449509713864224,-26.37495188854873,False,False
60_14_inksac,Metal_E,inksac,104.12,Detected,no,3.449509713864224,73.63504811145128,False,False
60_14_stomach,Metal_E,stomach,92.69,Detected,no,3.449509713864224,62.20504811145127,False,False
60_05_muscle,Metal_E,muscle,4.11,BLOD,no,3.449509713864224,-26.37495188854873,False,False
60_05_liver,Metal_E,liver,23.38,Detected,no,3.449509713864224,-7.1049518885487295,False,False
60_05_inksac,Metal_E,inksac,139.39,Detected,no,3.449509713864224,108.90504811145126,False,False
60_05_stomach,Metal_E,stomach,80.58,Detected,no,3.449509713864224,50.09504811145127,False,False
65_11_muscle,Metal_E,muscle,4.07,BLOD,no,3.26033396891253,-20.988238330992086,False,False
65_11_liver,Metal_E,liver,19.27,Detected,no,3.26033396891253,-5.788238330992087,False,False
65_11_inksac,Metal_E,inksac,101.47,Detected,no,3.26033396891253,76.41176166900792,False,False
65_11_stomach,Metal_E,stomach,89.11,Detected,no,3.26033396891253,64.05176166900792,False,False
60_13_muscle,Metal_E,muscle,4.07,BLOD,no,3.449509713864224,-26.414951888548728,False,False
65_10_muscle,Metal_E,muscle,4.1,BLOD,no,3.26033396891253,-20.95823833099209,False,False
60_13_liver,Metal_E,liver,4.02,BLOD,no,3.449509713864224,-26.46495188854873,False,False
65_10_liver,Metal_E,liver,20.61,Detected,no,3.26033396891253,-4.448238330992087,False,False
60_13_inksac,Metal_E,inksac,102.24,Detected,no,3.449509713864224,71.75504811145126,False,False
65_10_inksac,Metal_E,inksac,79.2,Detected,no,3.26033396891253,54.14176166900792,False,False
60_13_stomach,Metal_E,stomach,132.11,Detected,no,3.449509713864224,101.62504811145129,False,False
65_10_stomach,Metal_E,stomach,84.39,Detected,no,3.26033396891253,59.33176166900792,False,False
60_07_muscle,Metal_E,muscle,3.81,BLOD,no,3.449509713864224,-26.67495188854873,False,False
60_07_liver,Metal_E,liver,5.51,Detected,no,3.449509713864224,-24.97495188854873,False,False
60_07_stomach,Metal_E,stomach,92.39,Detected,no,3.449509713864224,61.90504811145127,False,False
65_14_muscle,Metal_E,muscle,4.11,BLOD,no,3.26033396891253,-20.948238330992087,False,False
65_14_liver,Metal_E,liver,8.52,Detected,no,3.26033396891253,-16.538238330992087,False,False
65_14_stomach,Metal_E,stomach,93.59,Detected,no,3.26033396891253,68.53176166900792,False,False
28_04_muscle,Metal_E,muscle,52.89,Detected,no,4.709977236022091,-57.15963194555766,False,False
28_04_liver,Metal_E,liver,173.37,Detected,no,4.709977236022091,63.32036805444234,False,False
28_04_stomach,Metal_E,stomach,149.53,Detected,no,4.709977236022091,39.48036805444234,False,False
60_02_muscle,Metal_E,muscle,4.13,BLOD,no,3.449509713864224,-26.35495188854873,False,False
60_02_liver,Metal_E,liver,8.47,Detected,no,3.449509713864224,-22.01495188854873,False,False
60_02_inksac,Metal_E,inksac,70.83,Detected,no,3.449509713864224,40.34504811145127,False,False
60_02_stomach,Metal_E,stomach,129.34,Detected,no,3.449509713864224,98.85504811145128,False,False
60_03_muscle,Metal_E,muscle,3.75,BLOD,no,3.449509713864224,-26.73495188854873,False,False
60_04_muscle,Metal_E,muscle,4.04,BLOD,no,3.449509713864224,-26.44495188854873,False,False
60_03_liver,Metal_E,liver,23.99,Detected,no,3.449509713864224,-6.49495188854873,False,False
60_04_liver,Metal_E,liver,4.19,BLOD,no,3.449509713864224,-26.294951888548727,False,False
60_04_inksac,Metal_E,inksac,106.69,Detected,no,3.449509713864224,76.20504811145128,False,False
60_03_stomach,Metal_E,stomach,111.99,Detected,no,3.449509713864224,81.50504811145126,False,False
60_04_stomach,Metal_E,stomach,83.75,Detected,no,3.449509713864224,53.26504811145127,False,False
47_12_muscle,Metal_E,muscle,60.05,Detected,no,4.239702931520288,-8.337236016036542,False,False
47_12_liver,Metal_E,liver,153.24,Detected,no,4.239702931520288,84.85276398396347,False,False
47_12_inksac,Metal_E,inksac,80.66,Detected,no,4.239702931520288,12.272763983963458,False,False
47_12_stomach,Metal_E,stomach,88.88,Detected,no,4.239702931520288,20.492763983963457,False,False
65_13_muscle,Metal_E,muscle,3.89,BLOD,no,3.26033396891253,-21.168238330992086,False,False
65_13_liver,Metal_E,liver,11.19,Detected,no,3.26033396891253,-13.868238330992087,False,False
65_13_inksac,Metal_E,inksac,42.59,Detected,no,3.26033396891253,17.531761669007917,False,False
65_13_stomach,Metal_E,stomach,87.82,Detected,no,3.26033396891253,62.76176166900791,False,False
60_06_muscle,Metal_E,muscle,4.06,BLOD,no,3.449509713864224,-26.42495188854873,False,False
60_06_liver,Metal_E,liver,6.27,Detected,no,3.449509713864224,-24.21495188854873,False,False
60_06_inksac,Metal_E,inksac,111.29,Detected,no,3.449509713864224,80.80504811145127,False,False
60_06_stomach,Metal_E,stomach,92.8,Detected,no,3.449509713864224,62.31504811145127,False,False
49_01_muscle,Metal_E,muscle,66.03,Detected,no,4.4080269240838215,-15.077299640540573,False,False
49_01_liver,Metal_E,liver,195.66,Detected,no,4.4080269240838215,114.55270035945942,False,False
49_01_stomach,Metal_E,stomach,113.89,Detected,no,4.4080269240838215,32.782700359459426,False,False
26_15_muscle,Metal_E,muscle,47.35,Detected,no,4.2448703264924035,-21.396715256264066,False,False
26_15_liver,Metal_E,liver,131.23,Detected,no,4.2448703264924035,62.48328474373592,False,False
26_15_stomach,Metal_E,stomach,161.6,Detected,no,4.2448703264924035,92.85328474373593,False,False
28_10_muscle,Metal_E,muscle,64.98,Detected,no,4.709977236022091,-45.06963194555766,False,False
28_10_liver,Metal_E,liver,82.22,Detected,no,4.709977236022091,-27.829631945557665,False,False
28_10_stomach,Metal_E,stomach,128.08,Detected,no,4.709977236022091,18.03036805444235,False,False
60_15_muscle,Metal_E,muscle,3.9,BLOD,no,3.449509713864224,-26.58495188854873,False,False
60_15_liver,Metal_E,liver,4.11,BLOD,no,3.449509713864224,-26.37495188854873,False,False
60_15_stomach,Metal_E,stomach,103.34,Detected,no,3.449509713864224,72.85504811145128,False,False
47_03_muscle,Metal_E,muscle,56.94,Detected,no,4.239702931520288,-11.447236016036541,False,False
47_03_liver,Metal_E,liver,97.99,Detected,no,4.239702931520288,29.602763983963456,False,False
47_03_inksac,Metal_E,inksac,112.02,Detected,no,4.239702931520288,43.63276398396346,False,False
47_03_stomach,Metal_E,stomach,122.04,Detected,no,4.239702931520288,53.65276398396347,False,False
28_08_muscle,Metal_E,muscle,51.18,Detected,no,4.709977236022091,-58.869631945557664,False,False
28_08_liver,Metal_E,liver,142.94,Detected,no,4.709977236022091,32.890368054442334,False,False
28_08_stomach,Metal_E,stomach,104.97,Detected,no,4.709977236022091,-5.079631945557665,False,False
26_07_muscle,Metal_E,muscle,63.63,Detected,no,4.2448703264924035,-5.116715256264065,False,False
26_07_liver,Metal_E,liver,162.77,Detected,no,4.2448703264924035,94.02328474373594,False,False
26_07_stomach,Metal_E,stomach,157.07,Detected,no,4.2448703264924035,88.32328474373593,False,False
65_03_muscle,Metal_E,muscle,4.18,BLOD,no,3.26033396891253,-20.878238330992087,False,False
65_03_liver,Metal_E,liver,5.74,Detected,no,3.26033396891253,-19.318238330992088,False,False
65_03_inksac,Metal_E,inksac,67.36,Detected,no,3.26033396891253,42.30176166900792,False,False
65_03_stomach,Metal_E,stomach,98.58,Detected,no,3.26033396891253,73.52176166900792,False,False
65_04_muscle,Metal_E,muscle,3.85,BLOD,no,3.26033396891253,-21.208238330992085,False,False
65_04_liver,Metal_E,liver,3.86,BLOD,no,3.26033396891253,-21.198238330992087,False,False
65_04_inksac,Metal_E,inksac,44.34,Detected,no,3.26033396891253,19.281761669007917,False,False
65_04_stomach,Metal_E,stomach,139.21,Detected,no,3.26033396891253,114.15176166900793,False,False
26_03_muscle,Metal_E,muscle,41.98,Detected,no,4.2448703264924035,-26.76671525626407,False,False
26_03_liver,Metal_E,liver,83.36,Detected,no,4.2448703264924035,14.613284743735932,False,False
26_03_stomach,Metal_E,stomach,135.38,Detected,no,4.2448703264924035,66.63328474373593,False,False
28_11_muscle,Metal_E,muscle,51.81,Detected,no,4.709977236022091,-58.23963194555766,False,False
28_11_liver,Metal_E,liver,179.34,Detected,no,4.709977236022091,69.29036805444234,False,False
28_11_stomach,Metal_E,stomach,88.93,Detected,no,4.709977236022091,-21.119631945557657,False,False
47_07_muscle,Metal_E,muscle,65.68,Detected,no,4.239702931520288,-2.707236016036532,False,False
47_07_liver,Metal_E,liver,204.84,Detected,no,4.239702931520288,136.45276398396345,False,False
47_07_inksac,Metal_E,inksac,77.58,Detected,no,4.239702931520288,9.19276398396346,False,False
47_07_stomach,Metal_E,stomach,129.58,Detected,no,4.239702931520288,61.192763983963474,False,False
26_09_muscle,Metal_E,muscle,62.33,Detected,no,4.2448703264924035,-6.4167152562640695,False,False
26_09_liver,Metal_E,liver,127.85,Detected,no,4.2448703264924035,59.10328474373593,False,False
26_09_stomach,Metal_E,stomach,129.98,Detected,no,4.2448703264924035,61.23328474373592,False,False
65_05_muscle,Metal_E,muscle,3.71,BLOD,no,3.26033396891253,-21.348238330992086,False,False
65_05_liver,Metal_E,liver,19.31,Detected,no,3.26033396891253,-5.748238330992088,False,False
65_05_stomach,Metal_E,stomach,114.75,Detected,no,3.26033396891253,89.69176166900792,False,False
26_08_muscle,Metal_E,muscle,59.69,Detected,no,4.2448703264924035,-9.05671525626407,False,False
26_08_liver,Metal_E,liver,171.93,Detected,no,4.2448703264924035,103.18328474373594,False,False
26_08_stomach,Metal_E,stomach,113.57,Detected,no,4.2448703264924035,44.823284743735925,False,False
47_02_muscle,Metal_E,muscle,47.75,Detected,no,4.239702931520288,-20.63723601603654,False,False
47_02_liver,Metal_E,liver,156.27,Detected,no,4.239702931520288,87.88276398396347,False,False
47_02_inksac,Metal_E,inksac,32.31,Detected,no,4.239702931520288,-36.07723601603654,False,False
47_02_stomach,Metal_E,stomach,83.11,Detected,no,4.239702931520288,14.72276398396346,False,False
28_05_muscle,Metal_E,muscle,59.66,Detected,no,4.709977236022091,-50.38963194555767,False,False
28_05_liver,Metal_E,liver,166.16,Detected,no,4.709977236022091,56.11036805444233,False,False
28_05_stomach,Metal_E,stomach,146.18,Detected,no,4.709977236022091,36.13036805444234,False,False
26_04_muscle,Metal_E,muscle,57.37,Detected,no,4.2448703264924035,-11.37671525626407,False,False
26_04_liver,Metal_E,liver,123.11,Detected,no,4.2448703264924035,54.36328474373593,False,False
26_04_stomach,Metal_E,stomach,103.85,Detected,no,4.2448703264924035,35.10328474373593,False,False
47_13_muscle,Metal_E,muscle,62.01,Detected,no,4.239702931520288,-6.377236016036541,False,False
47_14_muscle,Metal_E,muscle,37.48,Detected,no,4.239702931520288,-30.907236016036542,False,False
47_13_liver,Metal_E,liver,195.87,Detected,no,4.239702931520288,127.48276398396347,False,False
47_14_liver,Metal_E,liver,205.0,Detected,no,4.239702931520288,136.61276398396348,False,False
47_13_inksac,Metal_E,inksac,42.25,Detected,no,4.239702931520288,-26.13723601603654,False,False
47_14_inksac,Metal_E,inksac,104.11,Detected,no,4.239702931520288,35.72276398396346,False,False
47_13_stomach,Metal_E,stomach,102.83,Detected,no,4.239702931520288,34.44276398396346,False,False
47_14_stomach,Metal_E,stomach,86.33,Detected,no,4.239702931520288,17.94276398396346,False,False
28_03_muscle,Metal_E,muscle,39.1,Detected,no,4.709977236022091,-70.94963194555766,False,False
28_03_liver,Metal_E,liver,83.15,Detected,no,4.709977236022091,-26.89963194555766,False,False
28_03_stomach,Metal_E,stomach,134.3,Detected,no,4.709977236022091,24.250368054442347,False,False
28_02_muscle,Metal_E,muscle,56.71,Detected,no,4.709977236022091,-53.33963194555766,False,False
28_02_liver,Metal_E,liver,137.08,Detected,no,4.709977236022091,27.03036805444235,False,False
28_02_stomach,Metal_E,stomach,97.11,Detected,no,4.709977236022091,-12.939631945557664,False,False
49_05_muscle,Metal_E,muscle,47.67,Detected,no,4.4080269240838215,-33.43729964054057,False,False
49_05_liver,Metal_E,liver,97.63,Detected,no,4.4080269240838215,16.52270035945942,False,False
49_05_inksac,Metal_E,inksac,93.05,Detected,no,4.4080269240838215,11.942700359459423,False,False
49_05_stomach,Metal_E,stomach,126.57,Detected,no,4.4080269240838215,45.46270035945942,False,False
28_06_muscle,Metal_E,muscle,63.47,Detected,no,4.709977236022091,-46.579631945557665,False,False
28_06_liver,Metal_E,liver,152.7,Detected,no,4.709977236022091,42.650368054442325,False,False
28_06_stomach,Metal_E,stomach,91.53,Detected,no,4.709977236022091,-18.519631945557663,False,False
28_09_muscle,Metal_E,muscle,47.19,Detected,no,4.709977236022091,-62.859631945557666,False,False
28_09_liver,Metal_E,liver,174.17,Detected,no,4.709977236022091,64.12036805444232,False,False
28_09_stomach,Metal_E,stomach,133.23,Detected,no,4.709977236022091,23.180368054442326,False,False
49_02_muscle,Metal_E,muscle,52.47,Detected,no,4.4080269240838215,-28.637299640540576,False,False
49_02_liver,Metal_E,liver,174.39,Detected,no,4.4080269240838215,93.28270035945941,False,False
49_02_inksac,Metal_E,inksac,62.52,Detected,no,4.4080269240838215,-18.58729964054057,False,False
49_02_stomach,Metal_E,stomach,86.51,Detected,no,4.4080269240838215,5.4027003594594305,False,False
28_14_muscle,Metal_E,muscle,53.43,Detected,no,4.709977236022091,-56.619631945557664,False,False
28_14_liver,Metal_E,liver,95.03,Detected,no,4.709977236022091,-15.019631945557663,False,False
28_14_stomach,Metal_E,stomach,109.19,Detected,no,4.709977236022091,-0.8596319455576662,False,False
26_06_muscle,Metal_E,muscle,35.14,Detected,no,4.2448703264924035,-33.60671525626407,False,False
26_06_liver,Metal_E,liver,164.71,Detected,no,4.2448703264924035,95.96328474373594,False,False
26_06_stomach,Metal_E,stomach,115.03,Detected,no,4.2448703264924035,46.28328474373593,False,False
47_05_muscle,Metal_E,muscle,41.04,Detected,no,4.239702931520288,-27.34723601603654,False,False
47_05_liver,Metal_E,liver,106.62,Detected,no,4.239702931520288,38.232763983963466,False,False
47_05_inksac,Metal_E,inksac,83.68,Detected,no,4.239702931520288,15.292763983963468,False,False
47_05_stomach,Metal_E,stomach,100.37,Detected,no,4.239702931520288,31.982763983963466,False,False
28_13_muscle,Metal_E,muscle,46.8,Detected,no,4.709977236022091,-63.24963194555767,False,False
28_13_liver,Metal_E,liver,115.83,Detected,no,4.709977236022091,5.780368054442334,False,False
28_13_stomach,Metal_E,stomach,122.64,Detected,no,4.709977236022091,12.590368054442337,False,False
28_01_muscle,Metal_E,muscle,60.79,Detected,no,4.709977236022091,-49.259631945557665,False,False
28_01_liver,Metal_E,liver,124.69,Detected,no,4.709977236022091,14.640368054442334,False,False
28_01_stomach,Metal_E,stomach,136.87,Detected,no,4.709977236022091,26.82036805444234,False,False
26_12_muscle,Metal_E,muscle,51.3,Detected,no,4.2448703264924035,-17.44671525626407,False,False
26_12_liver,Metal_E,liver,102.18,Detected,no,4.2448703264924035,33.43328474373594,False,False
26_12_stomach,Metal_E,stomach,100.85,Detected,no,4.2448703264924035,32.10328474373593,False,False
47_06_muscle,Metal_E,muscle,68.51,Detected,no,4.239702931520288,0.12276398396346622,False,False
47_06_liver,Metal_E,liver,186.93,Detected,no,4.239702931520288,118.54276398396347,False,False
47_06_inksac,Metal_E,inksac,32.33,Detected,no,4.239702931520288,-36.05723601603654,False,False
47_06_stomach,Metal_E,stomach,97.33,Detected,no,4.239702931520288,28.94276398396346,False,False
26_05_muscle,Metal_E,muscle,61.48,Detected,no,4.2448703264924035,-7.266715256264071,False,False
26_05_liver,Metal_E,liver,149.11,Detected,no,4.2448703264924035,80.36328474373595,False,False
26_05_stomach,Metal_E,stomach,114.0,Detected,no,4.2448703264924035,45.25328474373593,False,False
28_07_muscle,Metal_E,muscle,68.29,Detected,no,4.709977236022091,-41.75963194555766,False,False
28_07_liver,Metal_E,liver,143.82,Detected,no,4.709977236022091,33.77036805444233,False,False
28_07_stomach,Metal_E,stomach,120.68,Detected,no,4.709977236022091,10.630368054442343,False,False
47_08_muscle,Metal_E,muscle,64.3,Detected,no,4.239702931520288,-4.087236016036542,False,False
47_09_muscle,Metal_E,muscle,54.47,Detected,no,4.239702931520288,-13.91723601603654,False,False
47_08_liver,Metal_E,liver,152.14,Detected,no,4.239702931520288,83.75276398396345,False,False
47_09_liver,Metal_E,liver,187.47,Detected,no,4.239702931520288,119.08276398396346,False,False
47_08_inksac,Metal_E,inksac,95.76,Detected,no,4.239702931520288,27.372763983963466,False,False
47_09_inksac,Metal_E,inksac,97.96,Detected,no,4.239702931520288,29.572763983963455,False,False
47_08_stomach,Metal_E,stomach,96.5,Detected,no,4.239702931520288,28.11276398396346,False,False
47_09_stomach,Metal_E,stomach,115.15,Detected,no,4.239702931520288,46.76276398396347,False,False
26_13_muscle,Metal_E,muscle,55.09,Detected,no,4.2448703264924035,-13.656715256264064,False,False
26_13_liver,Metal_E,liver,188.71,Detected,no,4.2448703264924035,119.96328474373594,False,False
26_13_stomach,Metal_E,stomach,118.96,Detected,no,4.2448703264924035,50.213284743735926,False,False
47_15_muscle,Metal_E,muscle,73.08,Detected,no,4.239702931520288,4.692763983963459,False,False
47_15_liver,Metal_E,liver,99.26,Detected,no,4.239702931520288,30.872763983963466,False,False
47_15_inksac,Metal_E,inksac,71.76,Detected,no,4.239702931520288,3.372763983963466,False,False
47_15_stomach,Metal_E,stomach,145.34,Detected,no,4.239702931520288,76.95276398396346,False,False
26_14_muscle,Metal_E,muscle,42.67,Detected,no,4.2448703264924035,-26.076715256264066,False,False
26_14_liver,Metal_E,liver,112.55,Detected,no,4.2448703264924035,43.80328474373593,False,False
26_14_stomach,Metal_E,stomach,95.24,Detected,no,4.2448703264924035,26.493284743735927,False,False
47_10_muscle,Metal_E,muscle,75.46,Detected,no,4.239702931520288,7.072763983963455,False,False
47_10_liver,Metal_E,liver,167.06,Detected,no,4.239702931520288,98.67276398396346,False,False
47_10_inksac,Metal_E,inksac,95.2,Detected,no,4.239702931520288,26.812763983963464,False,False
47_10_stomach,Metal_E,stomach,80.18,Detected,no,4.239702931520288,11.792763983963468,False,False
26_02_muscle,Metal_E,muscle,62.39,Detected,no,4.2448703264924035,-6.356715256264067,False,False
26_02_liver,Metal_E,liver,126.45,Detected,no,4.2448703264924035,57.703284743735935,False,False
26_02_stomach,Metal_E,stomach,94.79,Detected,no,4.2448703264924035,26.04328474373594,False,False
26_10_muscle,Metal_E,muscle,63.23,Detected,no,4.2448703264924035,-5.516715256264071,False,False
26_10_liver,Metal_E,liver,139.04,Detected,no,4.2448703264924035,70.29328474373592,False,False
26_10_stomach,Metal_E,stomach,86.42,Detected,no,4.2448703264924035,17.673284743735934,False,False
26_11_muscle,Metal_E,muscle,55.17,Detected,no,4.2448703264924035,-13.576715256264066,False,False
26_11_liver,Metal_E,liver,154.81,Detected,no,4.2448703264924035,86.06328474373593,False,False
26_11_stomach,Metal_E,stomach,81.38,Detected,no,4.2448703264924035,12.633284743735928,False,False
28_15_muscle,Metal_E,muscle,42.31,Detected,no,4.709977236022091,-67.73963194555766,False,False
28_15_liver,Metal_E,liver,111.8,Detected,no,4.709977236022091,1.7503680544423332,False,False
28_15_stomach,Metal_E,stomach,103.42,Detected,no,4.709977236022091,-6.629631945557662,False,False
47_01_muscle,Metal_E,muscle,59.77,Detected,no,4.239702931520288,-8.617236016036536,False,False
47_01_liver,Metal_E,liver,90.66,Detected,no,4.239702931520288,22.272763983963458,False,False
47_01_inksac,Metal_E,inksac,102.29,Detected,no,4.239702931520288,33.90276398396347,False,False
47_01_stomach,Metal_E,stomach,96.51,Detected,no,4.239702931520288,28.122763983963466,False,False
49_04_muscle,Metal_E,muscle,36.36,Detected,no,4.4080269240838215,-44.747299640540575,False,False
49_04_liver,Metal_E,liver,140.43,Detected,no,4.4080269240838215,59.32270035945943,False,False
49_04_inksac,Metal_E,inksac,28.59,Detected,no,4.4080269240838215,-52.51729964054057,False,False
49_04_stomach,Metal_E,stomach,126.78,Detected,no,4.4080269240838215,45.67270035945943,False,False
26_01_muscle,Metal_E,muscle,58.41,Detected,no,4.2448703264924035,-10.336715256264071,False,False
26_01_liver,Metal_E,liver,94.39,Detected,no,4.2448703264924035,25.643284743735933,False,False
26_01_stomach,Metal_E,stomach,119.38,Detected,no,4.2448703264924035,50.63328474373593,False,False
49_03_muscle,Metal_E,muscle,64.93,Detected,no,4.4080269240838215,-16.177299640540568,False,False
49_03_liver,Metal_E,liver,110.18,Detected,no,4.4080269240838215,29.072700359459432,False,False
49_03_inksac,Metal_E,inksac,57.75,Detected,no,4.4080269240838215,-23.357299640540575,False,False
49_03_stomach,Metal_E,stomach,126.71,Detected,no,4.4080269240838215,45.60270035945942,False,False
47_04_muscle,Metal_E,muscle,40.08,Detected,no,4.239702931520288,-28.30723601603654,False,False
47_11_muscle,Metal_E,muscle,65.56,Detected,no,4.239702931520288,-2.8272360160365366,False,False
47_04_liver,Metal_E,liver,113.01,Detected,no,4.239702931520288,44.622763983963466,False,False
47_11_liver,Metal_E,liver,160.55,Detected,no,4.239702931520288,92.16276398396347,False,False
47_04_inksac,Metal_E,inksac,98.44,Detected,no,4.239702931520288,30.05276398396346,False,False
47_11_inksac,Metal_E,inksac,89.43,Detected,no,4.239702931520288,21.042763983963468,False,False
47_04_stomach,Metal_E,stomach,87.15,Detected,no,4.239702931520288,18.762763983963467,False,False
47_11_stomach,Metal_E,stomach,79.83,Detected,no,4.239702931520288,11.44276398396346,False,False
49_14_muscle,Metal_F,muscle,0.04,BLOQ,no,0.4122140587243077,-0.4701576641557352,False,False
49_14_liver,Metal_F,liver,2.49,BLOQ,no,0.4122140587243077,1.979842335844265,False,False
49_14_inksac,Metal_F,inksac,0.23,BLOQ,no,0.4122140587243077,-0.2801576641557352,False,False
49_14_stomach,Metal_F,stomach,0.16,BLOQ,no,0.4122140587243077,-0.3501576641557351,False,False
49_07_muscle,Metal_F,muscle,0.09,BLOQ,no,0.4122140587243077,-0.4201576641557352,False,False
49_07_liver,Metal_F,liver,0.14,Detected,no,0.4122140587243077,-0.37015766415573514,False,False
49_07_inksac,Metal_F,inksac,0.35,BLOQ,no,0.4122140587243077,-0.16015766415573518,False,False
49_07_stomach,Metal_F,stomach,0.76,BLOQ,no,0.4122140587243077,0.24984233584426485,False,False
49_11_muscle,Metal_F,muscle,0.08,BLOQ,no,0.4122140587243077,-0.43015766415573514,False,False
49_11_liver,Metal_F,liver,1.63,BLOQ,no,0.4122140587243077,1.1198423358442646,False,False
49_11_inksac,Metal_F,inksac,0.38,BLOQ,no,0.4122140587243077,-0.13015766415573515,False,False
49_11_stomach,Metal_F,stomach,0.28,BLOQ,no,0.4122140587243077,-0.23015766415573513,False,False
49_12_muscle,Metal_F,muscle,0.11,BLOQ,no,0.4122140587243077,-0.40015766415573517,False,False
49_12_liver,Metal_F,liver,0.17,Detected,no,0.4122140587243077,-0.3401576641557351,False,False
49_12_inksac,Metal_F,inksac,0.16,BLOQ,no,0.4122140587243077,-0.3501576641557351,False,False
49_12_stomach,Metal_F,stomach,0.45,BLOQ,no,0.4122140587243077,-0.06015766415573515,False,False
49_15_muscle,Metal_F,muscle,0.17,BLOQ,no,0.4122140587243077,-0.3401576641557351,False,False
49_15_liver,Metal_F,liver,2.19,BLOQ,no,0.4122140587243077,1.6798423358442647,False,False
49_15_inksac,Metal_F,inksac,0.26,BLOQ,no,0.4122140587243077,-0.25015766415573515,False,False
49_15_stomach,Metal_F,stomach,0.21,BLOQ,no,0.4122140587243077,-0.3001576641557352,False,False
49_10_muscle,Metal_F,muscle,0.07,BLOQ,no,0.4122140587243077,-0.44015766415573515,False,False
49_13_muscle,Metal_F,muscle,0.09,BLOQ,no,0.4122140587243077,-0.4201576641557352,False,False
49_10_liver,Metal_F,liver,1.82,BLOQ,no,0.4122140587243077,1.309842335844265,False,False
49_13_liver,Metal_F,liver,1.84,BLOQ,no,0.4122140587243077,1.329842335844265,False,False
49_10_inksac,Metal_F,inksac,0.15,BLOQ,no,0.4122140587243077,-0.36015766415573514,False,False
49_13_inksac,Metal_F,inksac,0.26,BLOQ,no,0.4122140587243077,-0.25015766415573515,False,False
49_10_stomach,Metal_F,stomach,0.25,BLOQ,no,0.4122140587243077,-0.26015766415573516,False,False
49_13_stomach,Metal_F,stomach,0.17,BLOQ,no,0.4122140587243077,-0.3401576641557351,False,False
49_08_muscle,Metal_F,muscle,0.15,BLOQ,no,0.4122140587243077,-0.36015766415573514,False,False
49_08_liver,Metal_F,liver,1.66,BLOQ,no,0.4122140587243077,1.1498423358442649,False,False
49_08_inksac,Metal_F,inksac,0.22,BLOQ,no,0.4122140587243077,-0.2901576641557352,False,False
49_08_stomach,Metal_F,stomach,0.15,BLOQ,no,0.4122140587243077,-0.36015766415573514,False,False
60_10_muscle,Metal_F,muscle,0.84,BLOD,no,0.4122140587243077,0.3298423358442648,False,False
60_10_liver,Metal_F,liver,0.88,BLOD,no,0.4122140587243077,0.36984233584426485,False,False
60_10_stomach,Metal_F,stomach,0.19,BLOQ,no,0.4122140587243077,-0.32015766415573516,False,False
49_06_muscle,Metal_F,muscle,0.17,BLOQ,no,0.4122140587243077,-0.3401576641557351,False,False
49_06_liver,Metal_F,liver,2.54,BLOQ,no,0.4122140587243077,2.0298423358442648,False,False
49_06_inksac,Metal_F,inksac,0.21,BLOQ,no,0.4122140587243077,-0.3001576641557352,False,False
49_06_stomach,Metal_F,stomach,0.17,BLOQ,no,0.4122140587243077,-0.3401576641557351,False,False
60_09_muscle,Metal_F,muscle,0.87,BLOD,no,0.4122140587243077,0.35984233584426484,False,False
60_09_liver,Metal_F,liver,0.9,BLOD,no,0.4122140587243077,0.38984233584426486,False,False
60_09_inksac,Metal_F,inksac,0.2,BLOQ,no,0.4122140587243077,-0.31015766415573515,False,False
60_09_stomach,Metal_F,stomach,0.3,BLOQ,no,0.4122140587243077,-0.21015766415573517,False,False
49_09_muscle,Metal_F,muscle,0.16,BLOQ,no,0.4122140587243077,-0.3501576641557351,False,False
49_09_liver,Metal_F,liver,2.29,BLOQ,no,0.4122140587243077,1.7798423358442648,False,False
49_09_inksac,Metal_F,inksac,0.29,BLOQ,no,0.4122140587243077,-0.22015766415573518,False,False
49_09_stomach,Metal_F,stomach,0.18,BLOQ,no,0.4122140587243077,-0.33015766415573516,False,False
65_07_muscle,Metal_F,muscle,0.86,BLOD,no,0.4122140587243077,0.34984233584426483,False,False
65_07_liver,Metal_F,liver,0.8,BLOD,no,0.4122140587243077,0.2898423358442649,False,False
65_07_inksac,Metal_F,inksac,0.28,BLOQ,no,0.4122140587243077,-0.23015766415573513,False,False
65_07_stomach,Metal_F,stomach,0.3,BLOQ,no,0.4122140587243077,-0.21015766415573517,False,False
65_06_muscle,Metal_F,muscle,0.82,BLOD,no,0.4122140587243077,0.3098423358442648,False,False
65_06_liver,Metal_F,liver,0.84,BLOD,no,0.4122140587243077,0.3298423358442648,False,False
65_06_inksac,Metal_F,inksac,0.19,BLOQ,no,0.4122140587243077,-0.32015766415573516,False,False
65_06_stomach,Metal_F,stomach,0.35,BLOQ,no,0.4122140587243077,-0.16015766415573518,False,False
65_08_muscle,Metal_F,muscle,0.77,BLOD,no,0.4122140587243077,0.25984233584426486,False,False
65_08_liver,Metal_F,liver,0.82,BLOD,no,0.4122140587243077,0.3098423358442648,False,False
65_08_stomach,Metal_F,stomach,0.33,BLOQ,no,0.4122140587243077,-0.18015766415573514,False,False
60_08_muscle,Metal_F,muscle,0.87,BLOD,no,0.4122140587243077,0.35984233584426484,False,False
60_08_liver,Metal_F,liver,0.89,BLOD,no,0.4122140587243077,0.37984233584426486,False,False
60_08_inksac,Metal_F,inksac,0.43,BLOQ,no,0.4122140587243077,-0.08015766415573516,False,False
60_08_stomach,Metal_F,stomach,0.14,BLOQ,no,0.4122140587243077,-0.37015766415573514,False,False
60_12_muscle,Metal_F,muscle,0.87,BLOD,no,0.4122140587243077,0.35984233584426484,False,False
60_12_liver,Metal_F,liver,0.87,BLOD,no,0.4122140587243077,0.35984233584426484,False,False
60_12_inksac,Metal_F,inksac,0.15,BLOQ,no,0.4122140587243077,-0.36015766415573514,False,False
60_12_stomach,Metal_F,stomach,0.36,BLOQ,no,0.4122140587243077,-0.15015766415573517,False,False
60_01_muscle,Metal_F,muscle,0.88,BLOD,no,0.4122140587243077,0.36984233584426485,False,False
60_01_liver,Metal_F,liver,0.83,BLOD,no,0.4122140587243077,0.3198423358442648,False,False
60_01_inksac,Metal_F,inksac,0.28,BLOQ,no,0.4122140587243077,-0.23015766415573513,False,False
60_01_stomach,Metal_F,stomach,0.29,BLOQ,no,0.4122140587243077,-0.22015766415573518,False,False
65_01_muscle,Metal_F,muscle,0.83,BLOD,no,0.4122140587243077,0.3198423358442648,False,False
65_01_liver,Metal_F,liver,0.86,BLOD,no,0.4122140587243077,0.34984233584426483,False,False
65_01_stomach,Metal_F,stomach,0.29,BLOQ,no,0.4122140587243077,-0.22015766415573518,False,False
28_12_muscle,Metal_F,muscle,0.04,BLOQ,no,0.4122140587243077,-0.4701576641557352,False,False
28_12_liver,Metal_F,liver,1.63,Detected,no,0.4122140587243077,1.1198423358442646,False,False
28_12_stomach,Metal_F,stomach,0.4,BLOQ,no,0.4122140587243077,-0.11015766415573514,False,False
65_15_muscle,Metal_F,muscle,0.92,BLOD,no,0.4122140587243077,0.4098423358442649,False,False
65_15_liver,Metal_F,liver,0.9,BLOD,no,0.4122140587243077,0.38984233584426486,False,False
65_15_inksac,Metal_F,inksac,0.28,BLOQ,no,0.4122140587243077,-0.23015766415573513,False,False
65_15_stomach,Metal_F,stomach,0.32,BLOQ,no,0.4122140587243077,-0.19015766415573515,False,False
65_09_muscle,Metal_F,muscle,0.8,BLOD,no,0.4122140587243077,0.2898423358442649,False,False
65_09_liver,Metal_F,liver,0.87,BLOD,no,0.4122140587243077,0.35984233584426484,False,False
65_09_inksac,Metal_F,inksac,0.23,BLOQ,no,0.4122140587243077,-0.2801576641557352,False,False
65_09_stomach,Metal_F,stomach,0.31,BLOQ,no,0.4122140587243077,-0.20015766415573516,False,False
65_02_muscle,Metal_F,muscle,0.9,BLOD,no,0.4122140587243077,0.38984233584426486,False,False
65_12_muscle,Metal_F,muscle,0.81,BLOD,no,0.4122140587243077,0.2998423358442649,False,False
65_02_liver,Metal_F,liver,0.87,BLOD,no,0.4122140587243077,0.35984233584426484,False,False
65_12_liver,Metal_F,liver,0.77,BLOD,no,0.4122140587243077,0.25984233584426486,False,False
65_02_inksac,Metal_F,inksac,0.33,BLOQ,no,0.4122140587243077,-0.18015766415573514,False,False
65_12_inksac,Metal_F,inksac,0.32,BLOQ,no,0.4122140587243077,-0.19015766415573515,False,False
65_02_stomach,Metal_F,stomach,0.23,BLOQ,no,0.4122140587243077,-0.2801576641557352,False,False
65_12_stomach,Metal_F,stomach,0.15,BLOQ,no,0.4122140587243077,-0.36015766415573514,False,False
60_11_muscle,Metal_F,muscle,0.84,BLOD,no,0.4122140587243077,0.3298423358442648,False,False
60_11_liver,Metal_F,liver,0.85,BLOD,no,0.4122140587243077,0.3398423358442648,False,False
60_11_inksac,Metal_F,inksac,0.3,BLOQ,no,0.4122140587243077,-0.21015766415573517,False,False
60_11_stomach,Metal_F,stomach,0.3,BLOQ,no,0.4122140587243077,-0.21015766415573517,False,False
60_14_muscle,Metal_F,muscle,0.82,BLOD,no,0.4122140587243077,0.3098423358442648,False,False
60_14_liver,Metal_F,liver,0.89,BLOD,no,0.4122140587243077,0.37984233584426486,False,False
60_14_inksac,Metal_F,inksac,0.3,BLOQ,no,0.4122140587243077,-0.21015766415573517,False,False
60_14_stomach,Metal_F,stomach,0.39,BLOQ,no,0.4122140587243077,-0.12015766415573514,False,False
60_05_muscle,Metal_F,muscle,0.89,BLOD,no,0.4122140587243077,0.37984233584426486,False,False
60_05_liver,Metal_F,liver,0.79,BLOD,no,0.4122140587243077,0.2798423358442649,False,False
60_05_inksac,Metal_F,inksac,0.64,BLOQ,no,0.4122140587243077,0.12984233584426486,False,False
60_05_stomach,Metal_F,stomach,0.3,BLOQ,no,0.4122140587243077,-0.21015766415573517,False,False
65_11_muscle,Metal_F,muscle,0.88,BLOD,no,0.4122140587243077,0.36984233584426485,False,False
65_11_liver,Metal_F,liver,0.86,BLOD,no,0.4122140587243077,0.34984233584426483,False,False
65_11_inksac,Metal_F,inksac,0.14,BLOQ,no,0.4122140587243077,-0.37015766415573514,False,False
65_11_stomach,Metal_F,stomach,0.35,BLOQ,no,0.4122140587243077,-0.16015766415573518,False,False
60_13_muscle,Metal_F,muscle,0.88,BLOD,no,0.4122140587243077,0.36984233584426485,False,False
65_10_muscle,Metal_F,muscle,0.89,BLOD,no,0.4122140587243077,0.37984233584426486,False,False
60_13_liver,Metal_F,liver,0.87,BLOD,no,0.4122140587243077,0.35984233584426484,False,False
65_10_liver,Metal_F,liver,0.75,BLOD,no,0.4122140587243077,0.23984233584426484,False,False
60_13_inksac,Metal_F,inksac,0.37,BLOQ,no,0.4122140587243077,-0.14015766415573516,False,False
65_10_inksac,Metal_F,inksac,0.27,BLOQ,no,0.4122140587243077,-0.24015766415573514,False,False
60_13_stomach,Metal_F,stomach,0.25,BLOQ,no,0.4122140587243077,-0.26015766415573516,False,False
65_10_stomach,Metal_F,stomach,0.33,BLOQ,no,0.4122140587243077,-0.18015766415573514,False,False
60_07_muscle,Metal_F,muscle,0.82,BLOD,no,0.4122140587243077,0.3098423358442648,False,False
60_07_liver,Metal_F,liver,0.87,BLOD,no,0.4122140587243077,0.35984233584426484,False,False
60_07_stomach,Metal_F,stomach,0.34,BLOQ,no,0.4122140587243077,-0.17015766415573513,False,False
65_14_muscle,Metal_F,muscle,0.89,BLOD,no,0.4122140587243077,0.37984233584426486,False,False
65_14_liver,Metal_F,liver,0.86,BLOD,no,0.4122140587243077,0.34984233584426483,False,False
65_14_stomach,Metal_F,stomach,0.15,BLOQ,no,0.4122140587243077,-0.36015766415573514,False,False
28_04_muscle,Metal_F,muscle,0.12,BLOQ,no,0.4122140587243077,-0.39015766415573516,False,False
28_04_liver,Metal_F,liver,1.73,Detected,no,0.4122140587243077,1.2198423358442647,False,False
28_04_stomach,Metal_F,stomach,0.11,BLOQ,no,0.4122140587243077,-0.40015766415573517,False,False
60_02_muscle,Metal_F,muscle,0.89,BLOD,no,0.4122140587243077,0.37984233584426486,False,False
60_02_liver,Metal_F,liver,0.91,BLOD,no,0.4122140587243077,0.3998423358442649,False,False
60_02_inksac,Metal_F,inksac,0.23,BLOQ,no,0.4122140587243077,-0.2801576641557352,False,False
60_02_stomach,Metal_F,stomach,0.42,BLOQ,no,0.4122140587243077,-0.09015766415573517,False,False
60_03_muscle,Metal_F,muscle,0.81,BLOD,no,0.4122140587243077,0.2998423358442649,False,False
60_04_muscle,Metal_F,muscle,0.87,BLOD,no,0.4122140587243077,0.35984233584426484,False,False
60_03_liver,Metal_F,liver,0.84,BLOD,no,0.4122140587243077,0.3298423358442648,False,False
60_04_liver,Metal_F,liver,0.91,BLOD,no,0.4122140587243077,0.3998423358442649,False,False
60_04_inksac,Metal_F,inksac,0.22,BLOQ,no,0.4122140587243077,-0.2901576641557352,False,False
60_03_stomach,Metal_F,stomach,0.19,BLOQ,no,0.4122140587243077,-0.32015766415573516,False,False
60_04_stomach,Metal_F,stomach,0.27,BLOQ,no,0.4122140587243077,-0.24015766415573514,False,False
47_12_muscle,Metal_F,muscle,0.1,BLOQ,no,0.4122140587243077,-0.4101576641557352,False,False
47_12_liver,Metal_F,liver,1.8,BLOQ,no,0.4122140587243077,1.289842335844265,False,False
47_12_inksac,Metal_F,inksac,0.17,BLOQ,no,0.4122140587243077,-0.3401576641557351,False,False
47_12_stomach,Metal_F,stomach,0.15,BLOQ,no,0.4122140587243077,-0.36015766415573514,False,False
65_13_muscle,Metal_F,muscle,0.84,BLOD,no,0.4122140587243077,0.3298423358442648,False,False
65_13_liver,Metal_F,liver,0.84,BLOD,no,0.4122140587243077,0.3298423358442648,False,False
65_13_inksac,Metal_F,inksac,0.15,BLOQ,no,0.4122140587243077,-0.36015766415573514,False,False
65_13_stomach,Metal_F,stomach,0.15,BLOQ,no,0.4122140587243077,-0.36015766415573514,False,False
60_06_muscle,Metal_F,muscle,0.88,BLOD,no,0.4122140587243077,0.36984233584426485,False,False
60_06_liver,Metal_F,liver,0.89,BLOD,no,0.4122140587243077,0.37984233584426486,False,False
60_06_inksac,Metal_F,inksac,0.2,BLOQ,no,0.4122140587243077,-0.31015766415573515,False,False
60_06_stomach,Metal_F,stomach,0.32,BLOQ,no,0.4122140587243077,-0.19015766415573515,False,False
49_01_muscle,Metal_F,muscle,0.16,BLOQ,no,0.4122140587243077,-0.3501576641557351,False,False
49_01_liver,Metal_F,liver,2.0,BLOQ,no,0.4122140587243077,1.4898423358442647,False,False
49_01_stomach,Metal_F,stomach,0.36,BLOQ,no,0.4122140587243077,-0.15015766415573517,False,False
26_15_muscle,Metal_F,muscle,0.13,BLOQ,no,0.4122140587243077,-0.38015766415573515,False,False
26_15_liver,Metal_F,liver,1.83,Detected,no,0.4122140587243077,1.3198423358442648,False,False
26_15_stomach,Metal_F,stomach,0.15,BLOQ,no,0.4122140587243077,-0.36015766415573514,False,False
28_10_muscle,Metal_F,muscle,0.11,BLOQ,no,0.4122140587243077,-0.40015766415573517,False,False
28_10_liver,Metal_F,liver,1.62,Detected,no,0.4122140587243077,1.1098423358442648,False,False
28_10_stomach,Metal_F,stomach,0.2,BLOQ,no,0.4122140587243077,-0.31015766415573515,False,False
60_15_muscle,Metal_F,muscle,0.84,BLOD,no,0.4122140587243077,0.3298423358442648,False,False
60_15_liver,Metal_F,liver,0.89,BLOD,no,0.4122140587243077,0.37984233584426486,False,False
60_15_stomach,Metal_F,stomach,0.31,BLOQ,no,0.4122140587243077,-0.20015766415573516,False,False
47_03_muscle,Metal_F,muscle,0.18,BLOQ,no,0.4122140587243077,-0.33015766415573516,False,False
47_03_liver,Metal_F,liver,2.2,BLOQ,no,0.4122140587243077,1.689842335844265,False,False
47_03_inksac,Metal_F,inksac,0.18,BLOQ,no,0.4122140587243077,-0.33015766415573516,False,False
47_03_stomach,Metal_F,stomach,0.4,BLOQ,no,0.4122140587243077,-0.11015766415573514,False,False
28_08_muscle,Metal_F,muscle,0.08,BLOQ,no,0.4122140587243077,-0.43015766415573514,False,False
28_08_liver,Metal_F,liver,1.27,Detected,no,0.4122140587243077,0.7598423358442649,False,False
28_08_stomach,Metal_F,stomach,0.11,BLOQ,no,0.4122140587243077,-0.40015766415573517,False,False
26_07_muscle,Metal_F,muscle,0.06,BLOQ,no,0.4122140587243077,-0.45015766415573516,False,False
26_07_liver,Metal_F,liver,1.71,Detected,no,0.4122140587243077,1.1998423358442647,False,False
26_07_stomach,Metal_F,stomach,0.31,BLOQ,no,0.4122140587243077,-0.20015766415573516,False,False
65_03_muscle,Metal_F,muscle,0.91,BLOD,no,0.4122140587243077,0.3998423358442649,False,False
65_03_liver,Metal_F,liver,0.84,BLOD,no,0.4122140587243077,0.3298423358442648,False,False
65_03_inksac,Metal_F,inksac,0.21,BLOQ,no,0.4122140587243077,-0.3001576641557352,False,False
65_03_stomach,Metal_F,stomach,0.23,BLOQ,no,0.4122140587243077,-0.2801576641557352,False,False
65_04_muscle,Metal_F,muscle,0.83,BLOD,no,0.4122140587243077,0.3198423358442648,False,False
65_04_liver,Metal_F,liver,0.84,BLOD,no,0.4122140587243077,0.3298423358442648,False,False
65_04_inksac,Metal_F,inksac,0.31,BLOQ,no,0.4122140587243077,-0.20015766415573516,False,False
65_04_stomach,Metal_F,stomach,0.44,BLOQ,no,0.4122140587243077,-0.07015766415573516,False,False
26_03_muscle,Metal_F,muscle,0.13,BLOQ,no,0.4122140587243077,-0.38015766415573515,False,False
26_03_liver,Metal_F,liver,1.57,Detected,no,0.4122140587243077,1.059842335844265,False,False
26_03_stomach,Metal_F,stomach,0.32,BLOQ,no,0.4122140587243077,-0.19015766415573515,False,False
28_11_muscle,Metal_F,muscle,0.09,BLOQ,no,0.4122140587243077,-0.4201576641557352,False,False
28_11_liver,Metal_F,liver,1.58,Detected,no,0.4122140587243077,1.0698423358442648,False,False
28_11_stomach,Metal_F,stomach,0.22,BLOQ,no,0.4122140587243077,-0.2901576641557352,False,False
47_07_muscle,Metal_F,muscle,0.1,BLOQ,no,0.4122140587243077,-0.4101576641557352,False,False
47_07_liver,Metal_F,liver,1.72,BLOQ,no,0.4122140587243077,1.209842335844265,False,False
47_07_inksac,Metal_F,inksac,0.13,BLOQ,no,0.4122140587243077,-0.38015766415573515,False,False
47_07_stomach,Metal_F,stomach,0.35,BLOQ,no,0.4122140587243077,-0.16015766415573518,False,False
26_09_muscle,Metal_F,muscle,0.04,BLOQ,no,0.4122140587243077,-0.4701576641557352,False,False
26_09_liver,Metal_F,liver,1.05,Detected,no,0.4122140587243077,0.5398423358442649,False,False
26_09_stomach,Metal_F,stomach,0.26,BLOQ,no,0.4122140587243077,-0.25015766415573515,False,False
65_05_muscle,Metal_F,muscle,0.8,BLOD,no,0.4122140587243077,0.2898423358442649,False,False
65_05_liver,Metal_F,liver,0.8,BLOD,no,0.4122140587243077,0.2898423358442649,False,False
65_05_stomach,Metal_F,stomach,0.15,BLOQ,no,0.4122140587243077,-0.36015766415573514,False,False
26_08_muscle,Metal_F,muscle,0.1,BLOQ,no,0.4122140587243077,-0.4101576641557352,False,False
26_08_liver,Metal_F,liver,1.41,Detected,no,0.4122140587243077,0.8998423358442648,False,False
26_08_stomach,Metal_F,stomach,0.31,BLOQ,no,0.4122140587243077,-0.20015766415573516,False,False
47_02_muscle,Metal_F,muscle,0.07,BLOQ,no,0.4122140587243077,-0.44015766415573515,False,False
47_02_liver,Metal_F,liver,2.51,BLOQ,no,0.4122140587243077,1.9998423358442645,False,False
47_02_inksac,Metal_F,inksac,0.27,BLOQ,no,0.4122140587243077,-0.24015766415573514,False,False
47_02_stomach,Metal_F,stomach,0.27,BLOQ,no,0.4122140587243077,-0.24015766415573514,False,False
28_05_muscle,Metal_F,muscle,0.06,BLOQ,no,0.4122140587243077,-0.45015766415573516,False,False
28_05_liver,Metal_F,liver,1.12,Detected,no,0.4122140587243077,0.609842335844265,False,False
28_05_stomach,Metal_F,stomach,0.35,BLOQ,no,0.4122140587243077,-0.16015766415573518,False,False
26_04_muscle,Metal_F,muscle,0.08,BLOQ,no,0.4122140587243077,-0.43015766415573514,False,False
26_04_liver,Metal_F,liver,1.15,Detected,no,0.4122140587243077,0.6398423358442648,False,False
26_04_stomach,Metal_F,stomach,0.2,BLOQ,no,0.4122140587243077,-0.31015766415573515,False,False
47_13_muscle,Metal_F,muscle,0.13,BLOQ,no,0.4122140587243077,-0.38015766415573515,False,False
47_14_muscle,Metal_F,muscle,0.1,BLOQ,no,0.4122140587243077,-0.4101576641557352,False,False
47_13_liver,Metal_F,liver,2.33,BLOQ,no,0.4122140587243077,1.8198423358442648,False,False
47_14_liver,Metal_F,liver,2.41,BLOQ,no,0.4122140587243077,1.8998423358442649,False,False
47_13_inksac,Metal_F,inksac,0.28,BLOQ,no,0.4122140587243077,-0.23015766415573513,False,False
47_14_inksac,Metal_F,inksac,0.16,BLOQ,no,0.4122140587243077,-0.3501576641557351,False,False
47_13_stomach,Metal_F,stomach,0.24,BLOQ,no,0.4122140587243077,-0.27015766415573517,False,False
47_14_stomach,Metal_F,stomach,0.28,BLOQ,no,0.4122140587243077,-0.23015766415573513,False,False
28_03_muscle,Metal_F,muscle,0.09,BLOQ,no,0.4122140587243077,-0.4201576641557352,False,False
28_03_liver,Metal_F,liver,1.94,Detected,no,0.4122140587243077,1.4298423358442647,False,False
28_03_stomach,Metal_F,stomach,0.09,BLOQ,no,0.4122140587243077,-0.4201576641557352,False,False
28_02_muscle,Metal_F,muscle,0.12,BLOQ,no,0.4122140587243077,-0.39015766415573516,False,False
28_02_liver,Metal_F,liver,1.36,Detected,no,0.4122140587243077,0.8498423358442649,False,False
28_02_stomach,Metal_F,stomach,0.19,BLOQ,no,0.4122140587243077,-0.32015766415573516,False,False
49_05_muscle,Metal_F,muscle,0.08,BLOQ,no,0.4122140587243077,-0.43015766415573514,False,False
49_05_liver,Metal_F,liver,1.88,BLOQ,no,0.4122140587243077,1.3698423358442646,False,False
49_05_inksac,Metal_F,inksac,0.21,BLOQ,no,0.4122140587243077,-0.3001576641557352,False,False
49_05_stomach,Metal_F,stomach,0.42,BLOQ,no,0.4122140587243077,-0.09015766415573517,False,False
28_06_muscle,Metal_F,muscle,0.09,BLOQ,no,0.4122140587243077,-0.4201576641557352,False,False
28_06_liver,Metal_F,liver,0.97,Detected,no,0.4122140587243077,0.4598423358442648,False,False
28_06_stomach,Metal_F,stomach,0.13,BLOQ,no,0.4122140587243077,-0.38015766415573515,False,False
28_09_muscle,Metal_F,muscle,0.13,BLOQ,no,0.4122140587243077,-0.38015766415573515,False,False
28_09_liver,Metal_F,liver,1.27,Detected,no,0.4122140587243077,0.7598423358442649,False,False
28_09_stomach,Metal_F,stomach,0.14,BLOQ,no,0.4122140587243077,-0.37015766415573514,False,False
49_02_muscle,Metal_F,muscle,0.06,BLOQ,no,0.4122140587243077,-0.45015766415573516,False,False
49_02_liver,Metal_F,liver,2.47,BLOQ,no,0.4122140587243077,1.959842335844265,False,False
49_02_inksac,Metal_F,inksac,0.3,BLOQ,no,0.4122140587243077,-0.21015766415573517,False,False
49_02_stomach,Metal_F,stomach,0.25,BLOQ,no,0.4122140587243077,-0.26015766415573516,False,False
28_14_muscle,Metal_F,muscle,0.05,BLOQ,no,0.4122140587243077,-0.46015766415573517,False,False
28_14_liver,Metal_F,liver,1.61,Detected,no,0.4122140587243077,1.099842335844265,False,False
28_14_stomach,Metal_F,stomach,0.12,BLOQ,no,0.4122140587243077,-0.39015766415573516,False,False
26_06_muscle,Metal_F,muscle,0.05,BLOQ,no,0.4122140587243077,-0.46015766415573517,False,False
26_06_liver,Metal_F,liver,1.14,Detected,no,0.4122140587243077,0.6298423358442647,False,False
26_06_stomach,Metal_F,stomach,0.33,BLOQ,no,0.4122140587243077,-0.18015766415573514,False,False
47_05_muscle,Metal_F,muscle,0.16,BLOQ,no,0.4122140587243077,-0.3501576641557351,False,False
47_05_liver,Metal_F,liver,1.7,BLOQ,no,0.4122140587243077,1.189842335844265,False,False
47_05_inksac,Metal_F,inksac,0.29,BLOQ,no,0.4122140587243077,-0.22015766415573518,False,False
47_05_stomach,Metal_F,stomach,0.28,BLOQ,no,0.4122140587243077,-0.23015766415573513,False,False
28_13_muscle,Metal_F,muscle,0.12,BLOQ,no,0.4122140587243077,-0.39015766415573516,False,False
28_13_liver,Metal_F,liver,1.25,Detected,no,0.4122140587243077,0.7398423358442648,False,False
28_13_stomach,Metal_F,stomach,0.13,BLOQ,no,0.4122140587243077,-0.38015766415573515,False,False
28_01_muscle,Metal_F,muscle,0.13,BLOQ,no,0.4122140587243077,-0.38015766415573515,False,False
28_01_liver,Metal_F,liver,1.07,Detected,no,0.4122140587243077,0.5598423358442649,False,False
28_01_stomach,Metal_F,stomach,0.32,BLOQ,no,0.4122140587243077,-0.19015766415573515,False,False
26_12_muscle,Metal_F,muscle,0.13,BLOQ,no,0.4122140587243077,-0.38015766415573515,False,False
26_12_liver,Metal_F,liver,1.48,Detected,no,0.4122140587243077,0.9698423358442648,False,False
26_12_stomach,Metal_F,stomach,0.1,BLOQ,no,0.4122140587243077,-0.4101576641557352,False,False
47_06_muscle,Metal_F,muscle,0.05,BLOQ,no,0.4122140587243077,-0.46015766415573517,False,False
47_06_liver,Metal_F,liver,2.45,BLOQ,no,0.4122140587243077,1.939842335844265,False,False
47_06_inksac,Metal_F,inksac,0.28,BLOQ,no,0.4122140587243077,-0.23015766415573513,False,False
47_06_stomach,Metal_F,stomach,0.39,BLOQ,no,0.4122140587243077,-0.12015766415573514,False,False
26_05_muscle,Metal_F,muscle,0.13,BLOQ,no,0.4122140587243077,-0.38015766415573515,False,False
26_05_liver,Metal_F,liver,1.67,Detected,no,0.4122140587243077,1.1598423358442647,False,False
26_05_stomach,Metal_F,stomach,0.23,BLOQ,no,0.4122140587243077,-0.2801576641557352,False,False
28_07_muscle,Metal_F,muscle,0.05,BLOQ,no,0.4122140587243077,-0.46015766415573517,False,False
28_07_liver,Metal_F,liver,1.42,Detected,no,0.4122140587243077,0.9098423358442648,False,False
28_07_stomach,Metal_F,stomach,0.21,BLOQ,no,0.4122140587243077,-0.3001576641557352,False,False
47_08_muscle,Metal_F,muscle,0.07,BLOQ,no,0.4122140587243077,-0.44015766415573515,False,False
47_09_muscle,Metal_F,muscle,0.11,BLOQ,no,0.4122140587243077,-0.40015766415573517,False,False
47_08_liver,Metal_F,liver,2.47,BLOQ,no,0.4122140587243077,1.959842335844265,False,False
47_09_liver,Metal_F,liver,1.65,BLOQ,no,0.4122140587243077,1.1398423358442646,False,False
47_08_inksac,Metal_F,inksac,0.33,BLOQ,no,0.4122140587243077,-0.18015766415573514,False,False
47_09_inksac,Metal_F,inksac,0.34,BLOQ,no,0.4122140587243077,-0.17015766415573513,False,False
47_08_stomach,Metal_F,stomach,0.36,BLOQ,no,0.4122140587243077,-0.15015766415573517,False,False
47_09_stomach,Metal_F,stomach,0.32,BLOQ,no,0.4122140587243077,-0.19015766415573515,False,False
26_13_muscle,Metal_F,muscle,0.12,BLOQ,no,0.4122140587243077,-0.39015766415573516,False,False
26_13_liver,Metal_F,liver,1.33,Detected,no,0.4122140587243077,0.8198423358442649,False,False
26_13_stomach,Metal_F,stomach,0.19,BLOQ,no,0.4122140587243077,-0.32015766415573516,False,False
47_15_muscle,Metal_F,muscle,0.18,BLOQ,no,0.4122140587243077,-0.33015766415573516,False,False
47_15_liver,Metal_F,liver,0.06,Detected,no,0.4122140587243077,-0.45015766415573516,False,False
47_15_inksac,Metal_F,inksac,0.24,BLOQ,no,0.4122140587243077,-0.27015766415573517,False,False
47_15_stomach,Metal_F,stomach,0.21,BLOQ,no,0.4122140587243077,-0.3001576641557352,False,False
26_14_muscle,Metal_F,muscle,0.08,BLOQ,no,0.4122140587243077,-0.43015766415573514,False,False
26_14_liver,Metal_F,liver,1.98,Detected,no,0.4122140587243077,1.4698423358442647,False,False
26_14_stomach,Metal_F,stomach,0.22,BLOQ,no,0.4122140587243077,-0.2901576641557352,False,False
47_10_muscle,Metal_F,muscle,0.15,BLOQ,no,0.4122140587243077,-0.36015766415573514,False,False
47_10_liver,Metal_F,liver,2.03,BLOQ,no,0.4122140587243077,1.5198423358442645,False,False
47_10_inksac,Metal_F,inksac,0.35,BLOQ,no,0.4122140587243077,-0.16015766415573518,False,False
47_10_stomach,Metal_F,stomach,0.35,BLOQ,no,0.4122140587243077,-0.16015766415573518,False,False
26_02_muscle,Metal_F,muscle,0.14,BLOQ,no,0.4122140587243077,-0.37015766415573514,False,False
26_02_liver,Metal_F,liver,1.82,Detected,no,0.4122140587243077,1.309842335844265,False,False
26_02_stomach,Metal_F,stomach,0.22,BLOQ,no,0.4122140587243077,-0.2901576641557352,False,False
26_10_muscle,Metal_F,muscle,0.04,BLOQ,no,0.4122140587243077,-0.4701576641557352,False,False
26_10_liver,Metal_F,liver,1.02,Detected,no,0.4122140587243077,0.5098423358442649,False,False
26_10_stomach,Metal_F,stomach,0.28,BLOQ,no,0.4122140587243077,-0.23015766415573513,False,False
26_11_muscle,Metal_F,muscle,0.09,BLOQ,no,0.4122140587243077,-0.4201576641557352,False,False
26_11_liver,Metal_F,liver,1.75,Detected,no,0.4122140587243077,1.2398423358442647,False,False
26_11_stomach,Metal_F,stomach,0.17,BLOQ,no,0.4122140587243077,-0.3401576641557351,False,False
28_15_muscle,Metal_F,muscle,0.09,BLOQ,no,0.4122140587243077,-0.4201576641557352,False,False
28_15_liver,Metal_F,liver,1.88,Detected,no,0.4122140587243077,1.3698423358442646,False,False
28_15_stomach,Metal_F,stomach,0.17,BLOQ,no,0.4122140587243077,-0.3401576641557351,False,False
47_01_muscle,Metal_F,muscle,0.08,BLOQ,no,0.4122140587243077,-0.43015766415573514,False,False
47_01_liver,Metal_F,liver,2.77,BLOQ,no,0.4122140587243077,2.2598423358442647,False,False
47_01_inksac,Metal_F,inksac,0.21,BLOQ,no,0.4122140587243077,-0.3001576641557352,False,False
47_01_stomach,Metal_F,stomach,0.15,BLOQ,no,0.4122140587243077,-0.36015766415573514,False,False
49_04_muscle,Metal_F,muscle,0.11,BLOQ,no,0.4122140587243077,-0.40015766415573517,False,False
49_04_liver,Metal_F,liver,1.76,BLOQ,no,0.4122140587243077,1.249842335844265,False,False
49_04_inksac,Metal_F,inksac,0.34,BLOQ,no,0.4122140587243077,-0.17015766415573513,False,False
49_04_stomach,Metal_F,stomach,0.15,BLOQ,no,0.4122140587243077,-0.36015766415573514,False,False
26_01_muscle,Metal_F,muscle,0.12,BLOQ,no,0.4122140587243077,-0.39015766415573516,False,False
26_01_liver,Metal_F,liver,1.36,Detected,no,0.4122140587243077,0.8498423358442649,False,False
26_01_stomach,Metal_F,stomach,0.11,BLOQ,no,0.4122140587243077,-0.40015766415573517,False,False
49_03_muscle,Metal_F,muscle,0.07,BLOQ,no,0.4122140587243077,-0.44015766415573515,False,False
49_03_liver,Metal_F,liver,2.0,BLOQ,no,0.4122140587243077,1.4898423358442647,False,False
49_03_inksac,Metal_F,inksac,0.18,BLOQ,no,0.4122140587243077,-0.33015766415573516,False,False
49_03_stomach,Metal_F,stomach,0.14,BLOQ,no,0.4122140587243077,-0.37015766415573514,False,False
47_04_muscle,Metal_F,muscle,0.08,BLOQ,no,0.4122140587243077,-0.43015766415573514,False,False
47_11_muscle,Metal_F,muscle,0.08,BLOQ,no,0.4122140587243077,-0.43015766415573514,False,False
47_04_liver,Metal_F,liver,1.96,BLOQ,no,0.4122140587243077,1.4498423358442647,False,False
47_11_liver,Metal_F,liver,2.44,BLOQ,no,0.4122140587243077,1.9298423358442647,False,False
47_04_inksac,Metal_F,inksac,0.25,BLOQ,no,0.4122140587243077,-0.26015766415573516,False,False
47_11_inksac,Metal_F,inksac,0.15,BLOQ,no,0.4122140587243077,-0.36015766415573514,False,False
47_04_stomach,Metal_F,stomach,0.24,BLOQ,no,0.4122140587243077,-0.27015766415573517,False,False
47_11_stomach,Metal_F,stomach,0.24,BLOQ,no,0.4122140587243077,-0.27015766415573517,False,False
49_14_muscle,Metal_G,muscle,7.67,Detected,no,3.187192435132868,-15.550331743803808,False,False
49_14_liver,Metal_G,liver,229.57,Detected,no,3.187192435132868,206.3496682561962,False,False
49_14_inksac,Metal_G,inksac,47.35,Detected,no,3.187192435132868,24.129668256196194,False,False
49_14_stomach,Metal_G,stomach,15.32,Detected,no,3.187192435132868,-7.900331743803807,False,False
49_07_muscle,Metal_G,muscle,1.87,Detected,no,3.187192435132868,-21.350331743803807,False,False
49_07_liver,Metal_G,liver,277.8,Detected,no,3.187192435132868,254.57966825619621,False,False
49_07_inksac,Metal_G,inksac,20.67,Detected,no,3.187192435132868,-2.550331743803806,False,False
49_07_stomach,Metal_G,stomach,35.66,Detected,yes,3.187192435132868,12.439668256196189,False,True
49_11_muscle,Metal_G,muscle,4.06,Detected,no,3.187192435132868,-19.16033174380381,False,False
49_11_liver,Metal_G,liver,237.18,Detected,no,3.187192435132868,213.9596682561962,False,False
49_11_inksac,Metal_G,inksac,55.13,Detected,no,3.187192435132868,31.909668256196195,False,False
49_11_stomach,Metal_G,stomach,2.2,Detected,no,3.187192435132868,-21.02033174380381,False,False
49_12_muscle,Metal_G,muscle,4.33,Detected,no,3.187192435132868,-18.890331743803806,False,False
49_12_liver,Metal_G,liver,263.19,Detected,no,3.187192435132868,239.9696682561962,False,False
49_12_inksac,Metal_G,inksac,55.28,Detected,no,3.187192435132868,32.05966825619619,False,False
49_12_stomach,Metal_G,stomach,16.69,Detected,no,3.187192435132868,-6.530331743803806,False,False
49_15_muscle,Metal_G,muscle,5.24,Detected,no,3.187192435132868,-17.98033174380381,False,False
49_15_liver,Metal_G,liver,197.02,Detected,no,3.187192435132868,173.7996682561962,False,False
49_15_inksac,Metal_G,inksac,32.17,Detected,no,3.187192435132868,8.949668256196194,False,False
49_15_stomach,Metal_G,stomach,2.9,Detected,no,3.187192435132868,-20.32033174380381,False,False
49_10_muscle,Metal_G,muscle,1.95,Detected,no,3.187192435132868,-21.27033174380381,False,False
49_13_muscle,Metal_G,muscle,8.09,Detected,no,3.187192435132868,-15.130331743803808,False,False
49_10_liver,Metal_G,liver,266.52,Detected,no,3.187192435132868,243.29966825619618,False,False
49_13_liver,Metal_G,liver,217.41,Detected,no,3.187192435132868,194.1896682561962,False,False
49_10_inksac,Metal_G,inksac,27.72,Detected,no,3.187192435132868,4.499668256196191,False,False
49_13_inksac,Metal_G,inksac,51.08,Detected,no,3.187192435132868,27.85966825619619,False,False
49_10_stomach,Metal_G,stomach,15.36,Detected,no,3.187192435132868,-7.860331743803808,False,False
49_13_stomach,Metal_G,stomach,9.27,Detected,no,3.187192435132868,-13.950331743803808,False,False
49_08_muscle,Metal_G,muscle,6.1,Detected,no,3.187192435132868,-17.12033174380381,False,False
49_08_liver,Metal_G,liver,276.37,Detected,no,3.187192435132868,253.1496682561962,False,False
49_08_inksac,Metal_G,inksac,33.3,Detected,no,3.187192435132868,10.07966825619619,False,False
49_08_stomach,Metal_G,stomach,3.71,Detected,no,3.187192435132868,-19.510331743803807,False,False
60_10_muscle,Metal_G,muscle,3.31,BLOD,no,2.9192064950907675,-14.216580692841616,False,False
60_10_liver,Metal_G,liver,42.79,Detected,no,2.9192064950907675,25.263419307158383,False,False
60_10_stomach,Metal_G,stomach,5.79,Detected,no,2.9192064950907675,-11.736580692841617,False,False
49_06_muscle,Metal_G,muscle,9.59,Detected,no,3.187192435132868,-13.630331743803808,False,False
49_06_liver,Metal_G,liver,224.58,Detected,no,3.187192435132868,201.35966825619622,False,False
49_06_inksac,Metal_G,inksac,38.97,Detected,no,3.187192435132868,15.749668256196191,False,False
49_06_stomach,Metal_G,stomach,1.78,Detected,no,3.187192435132868,-21.440331743803807,False,False
60_09_muscle,Metal_G,muscle,3.42,BLOD,no,2.9192064950907675,-14.106580692841616,False,False
60_09_liver,Metal_G,liver,37.68,Detected,no,2.9192064950907675,20.153419307158384,False,False
60_09_inksac,Metal_G,inksac,25.65,Detected,no,2.9192064950907675,8.123419307158382,False,False
60_09_stomach,Metal_G,stomach,3.34,Detected,no,2.9192064950907675,-14.186580692841616,False,False
49_09_muscle,Metal_G,muscle,7.28,Detected,no,3.187192435132868,-15.940331743803807,False,False
49_09_liver,Metal_G,liver,206.62,Detected,no,3.187192435132868,183.3996682561962,False,False
49_09_inksac,Metal_G,inksac,31.75,Detected,no,3.187192435132868,8.529668256196192,False,False
49_09_stomach,Metal_G,stomach,1.54,Detected,no,3.187192435132868,-21.68033174380381,False,False
65_07_muscle,Metal_G,muscle,3.38,BLOD,no,2.8353063459554106,-12.65561829386203,False,False
65_07_liver,Metal_G,liver,41.66,Detected,no,2.8353063459554106,25.624381706137967,False,False
65_07_inksac,Metal_G,inksac,49.36,Detected,no,2.8353063459554106,33.32438170613797,False,False
65_07_stomach,Metal_G,stomach,7.31,Detected,no,2.8353063459554106,-8.72561829386203,False,False
65_06_muscle,Metal_G,muscle,3.23,BLOD,no,2.8353063459554106,-12.805618293862029,False,False
65_06_liver,Metal_G,liver,18.24,Detected,no,2.8353063459554106,2.204381706137969,False,False
65_06_inksac,Metal_G,inksac,50.75,Detected,no,2.8353063459554106,34.71438170613797,False,False
65_06_stomach,Metal_G,stomach,4.54,Detected,no,2.8353063459554106,-11.49561829386203,False,False
65_08_muscle,Metal_G,muscle,3.01,BLOD,no,2.8353063459554106,-13.02561829386203,False,False
65_08_liver,Metal_G,liver,25.0,Detected,no,2.8353063459554106,8.96438170613797,False,False
65_08_stomach,Metal_G,stomach,8.47,Detected,no,2.8353063459554106,-7.565618293862029,False,False
60_08_muscle,Metal_G,muscle,3.42,BLOD,no,2.9192064950907675,-14.106580692841616,False,False
60_08_liver,Metal_G,liver,42.22,Detected,no,2.9192064950907675,24.693419307158383,False,False
60_08_inksac,Metal_G,inksac,60.92,Detected,no,2.9192064950907675,43.39341930715838,False,False
60_08_stomach,Metal_G,stomach,5.03,Detected,no,2.9192064950907675,-12.496580692841615,False,False
60_12_muscle,Metal_G,muscle,3.4,BLOD,no,2.9192064950907675,-14.126580692841616,False,False
60_12_liver,Metal_G,liver,40.89,Detected,no,2.9192064950907675,23.363419307158384,False,False
60_12_inksac,Metal_G,inksac,35.27,Detected,no,2.9192064950907675,17.743419307158387,False,False
60_12_stomach,Metal_G,stomach,10.78,Detected,no,2.9192064950907675,-6.746580692841617,False,False
60_01_muscle,Metal_G,muscle,3.44,BLOD,no,2.9192064950907675,-14.086580692841617,False,False
60_01_liver,Metal_G,liver,45.64,Detected,no,2.9192064950907675,28.113419307158384,False,False
60_01_inksac,Metal_G,inksac,83.46,Detected,no,2.9192064950907675,65.93341930715837,False,False
60_01_stomach,Metal_G,stomach,10.49,Detected,no,2.9192064950907675,-7.036580692841616,False,False
65_01_muscle,Metal_G,muscle,3.25,BLOD,no,2.8353063459554106,-12.78561829386203,False,False
65_01_liver,Metal_G,liver,51.06,Detected,no,2.8353063459554106,35.02438170613797,False,False
65_01_stomach,Metal_G,stomach,15.56,Detected,no,2.8353063459554106,-0.4756182938620288,False,False
28_12_muscle,Metal_G,muscle,5.53,Detected,no,3.2235261987739516,-18.58653009188669,False,False
28_12_liver,Metal_G,liver,212.08,Detected,no,3.2235261987739516,187.96346990811332,False,False
28_12_stomach,Metal_G,stomach,17.62,Detected,no,3.2235261987739516,-6.49653009188669,False,False
65_15_muscle,Metal_G,muscle,3.61,BLOD,no,2.8353063459554106,-12.42561829386203,False,False
65_15_liver,Metal_G,liver,38.07,Detected,no,2.8353063459554106,22.03438170613797,False,False
65_15_inksac,Metal_G,inksac,42.08,Detected,no,2.8353063459554106,26.04438170613797,False,False
65_15_stomach,Metal_G,stomach,14.66,Detected,no,2.8353063459554106,-1.3756182938620292,False,False
65_09_muscle,Metal_G,muscle,3.14,BLOD,no,2.8353063459554106,-12.895618293862029,False,False
65_09_liver,Metal_G,liver,19.41,Detected,no,2.8353063459554106,3.374381706137971,False,False
65_09_inksac,Metal_G,inksac,42.4,Detected,no,2.8353063459554106,26.36438170613797,False,False
65_09_stomach,Metal_G,stomach,13.35,Detected,no,2.8353063459554106,-2.6856182938620297,False,False
65_02_muscle,Metal_G,muscle,3.55,BLOD,no,2.8353063459554106,-12.485618293862029,False,False
65_12_muscle,Metal_G,muscle,3.17,BLOD,no,2.8353063459554106,-12.86561829386203,False,False
65_02_liver,Metal_G,liver,25.7,Detected,no,2.8353063459554106,9.66438170613797,False,False
65_12_liver,Metal_G,liver,42.57,Detected,no,2.8353063459554106,26.53438170613797,False,False
65_02_inksac,Metal_G,inksac,53.94,Detected,no,2.8353063459554106,37.90438170613797,False,False
65_12_inksac,Metal_G,inksac,48.83,Detected,no,2.8353063459554106,32.79438170613797,False,False
65_02_stomach,Metal_G,stomach,5.58,Detected,no,2.8353063459554106,-10.45561829386203,False,False
65_12_stomach,Metal_G,stomach,4.64,Detected,no,2.8353063459554106,-11.395618293862029,False,False
60_11_muscle,Metal_G,muscle,3.3,BLOD,no,2.9192064950907675,-14.226580692841615,False,False
60_11_liver,Metal_G,liver,32.17,Detected,no,2.9192064950907675,14.643419307158386,False,False
60_11_inksac,Metal_G,inksac,21.41,Detected,no,2.9192064950907675,3.883419307158384,False,False
60_11_stomach,Metal_G,stomach,11.69,Detected,no,2.9192064950907675,-5.836580692841617,False,False
60_14_muscle,Metal_G,muscle,3.24,BLOD,no,2.9192064950907675,-14.286580692841616,False,False
60_14_liver,Metal_G,liver,21.84,Detected,no,2.9192064950907675,4.313419307158384,False,False
60_14_inksac,Metal_G,inksac,51.86,Detected,no,2.9192064950907675,34.33341930715838,False,False
60_14_stomach,Metal_G,stomach,10.77,Detected,no,2.9192064950907675,-6.7565806928416166,False,False
60_05_muscle,Metal_G,muscle,3.5,BLOD,no,2.9192064950907675,-14.026580692841616,False,False
60_05_liver,Metal_G,liver,45.71,Detected,no,2.9192064950907675,28.183419307158385,False,False
60_05_inksac,Metal_G,inksac,44.77,Detected,no,2.9192064950907675,27.243419307158387,False,False
60_05_stomach,Metal_G,stomach,9.03,Detected,no,2.9192064950907675,-8.496580692841617,False,False
65_11_muscle,Metal_G,muscle,3.46,BLOD,no,2.8353063459554106,-12.575618293862028,False,False
65_11_liver,Metal_G,liver,28.95,Detected,no,2.8353063459554106,12.91438170613797,False,False
65_11_inksac,Metal_G,inksac,30.87,Detected,no,2.8353063459554106,14.834381706137972,False,False
65_11_stomach,Metal_G,stomach,8.86,Detected,no,2.8353063459554106,-7.17561829386203,False,False
60_13_muscle,Metal_G,muscle,3.46,BLOD,no,2.9192064950907675,-14.066580692841615,False,False
65_10_muscle,Metal_G,muscle,3.49,BLOD,no,2.8353063459554106,-12.545618293862029,False,False
60_13_liver,Metal_G,liver,23.93,Detected,no,2.9192064950907675,6.403419307158384,False,False
65_10_liver,Metal_G,liver,37.44,Detected,no,2.8353063459554106,21.40438170613797,False,False
60_13_inksac,Metal_G,inksac,49.72,Detected,no,2.9192064950907675,32.19341930715838,False,False
65_10_inksac,Metal_G,inksac,52.16,Detected,no,2.8353063459554106,36.12438170613797,False,False
60_13_stomach,Metal_G,stomach,11.28,Detected,no,2.9192064950907675,-6.246580692841617,False,False
65_10_stomach,Metal_G,stomach,9.83,Detected,no,2.8353063459554106,-6.205618293862029,False,False
60_07_muscle,Metal_G,muscle,3.24,BLOD,no,2.9192064950907675,-14.286580692841616,False,False
60_07_liver,Metal_G,liver,28.49,Detected,no,2.9192064950907675,10.963419307158382,False,False
60_07_stomach,Metal_G,stomach,15.65,Detected,no,2.9192064950907675,-1.8765806928416158,False,False
65_14_muscle,Metal_G,muscle,3.49,BLOD,no,2.8353063459554106,-12.545618293862029,False,False
65_14_liver,Metal_G,liver,33.97,Detected,no,2.8353063459554106,17.93438170613797,False,False
65_14_stomach,Metal_G,stomach,5.16,Detected,no,2.8353063459554106,-10.87561829386203,False,False
28_04_muscle,Metal_G,muscle,3.18,Detected,no,3.2235261987739516,-20.93653009188669,False,False
28_04_liver,Metal_G,liver,214.15,Detected,no,3.2235261987739516,190.03346990811332,False,False
28_04_stomach,Metal_G,stomach,2.89,Detected,no,3.2235261987739516,-21.22653009188669,False,False
60_02_muscle,Metal_G,muscle,3.52,BLOD,no,2.9192064950907675,-14.006580692841617,False,False
60_02_liver,Metal_G,liver,33.56,Detected,no,2.9192064950907675,16.033419307158386,False,False
60_02_inksac,Metal_G,inksac,51.49,Detected,no,2.9192064950907675,33.96341930715839,False,False
60_02_stomach,Metal_G,stomach,8.65,Detected,no,2.9192064950907675,-8.876580692841616,False,False
60_03_muscle,Metal_G,muscle,3.19,BLOD,no,2.9192064950907675,-14.336580692841617,False,False
60_04_muscle,Metal_G,muscle,3.43,BLOD,no,2.9192064950907675,-14.096580692841616,False,False
60_03_liver,Metal_G,liver,32.85,Detected,no,2.9192064950907675,15.323419307158385,False,False
60_04_liver,Metal_G,liver,46.12,Detected,no,2.9192064950907675,28.59341930715838,False,False
60_04_inksac,Metal_G,inksac,44.94,Detected,no,2.9192064950907675,27.41341930715838,False,False
60_03_stomach,Metal_G,stomach,5.09,Detected,no,2.9192064950907675,-12.436580692841616,False,False
60_04_stomach,Metal_G,stomach,16.37,Detected,no,2.9192064950907675,-1.1565806928416151,False,False
47_12_muscle,Metal_G,muscle,9.56,Detected,no,3.101111839304572,-11.662645561649088,False,False
47_12_liver,Metal_G,liver,213.08,Detected,no,3.101111839304572,191.8573544383509,False,False
47_12_inksac,Metal_G,inksac,51.21,Detected,no,3.101111839304572,29.987354438350913,False,False
47_12_stomach,Metal_G,stomach,2.11,Detected,no,3.101111839304572,-19.11264556164909,False,False
65_13_muscle,Metal_G,muscle,3.31,BLOD,no,2.8353063459554106,-12.725618293862029,False,False
65_13_liver,Metal_G,liver,30.63,Detected,no,2.8353063459554106,14.59438170613797,False,False
65_13_inksac,Metal_G,inksac,30.18,Detected,no,2.8353063459554106,14.14438170613797,False,False
65_13_stomach,Metal_G,stomach,11.72,Detected,no,2.8353063459554106,-4.315618293862029,False,False
60_06_muscle,Metal_G,muscle,3.45,BLOD,no,2.9192064950907675,-14.076580692841617,False,False
60_06_liver,Metal_G,liver,34.68,Detected,no,2.9192064950907675,17.153419307158384,False,False
60_06_inksac,Metal_G,inksac,47.71,Detected,no,2.9192064950907675,30.183419307158385,False,False
60_06_stomach,Metal_G,stomach,14.94,Detected,no,2.9192064950907675,-2.5865806928416166,False,False
49_01_muscle,Metal_G,muscle,4.89,Detected,no,3.187192435132868,-18.330331743803807,False,False
49_01_liver,Metal_G,liver,289.89,Detected,no,3.187192435132868,266.6696682561962,True,True
49_01_stomach,Metal_G,stomach,14.78,Detected,no,3.187192435132868,-8.440331743803808,False,False
26_15_muscle,Metal_G,muscle,3.8,Detected,no,3.0855686370388407,-17.079905029739226,False,False
26_15_liver,Metal_G,liver,213.4,Detected,no,3.0855686370388407,192.52009497026077,False,False
26_15_stomach,Metal_G,stomach,16.9,Detected,no,3.0855686370388407,-3.9799050297392284,False,False
28_10_muscle,Metal_G,muscle,4.49,Detected,no,3.2235261987739516,-19.626530091886693,False,False
28_10_liver,Metal_G,liver,241.39,Detected,no,3.2235261987739516,217.2734699081133,False,False
28_10_stomach,Metal_G,stomach,15.68,Detected,no,3.2235261987739516,-8.436530091886691,False,False
60_15_muscle,Metal_G,muscle,3.31,BLOD,no,2.9192064950907675,-14.216580692841616,False,False
60_15_liver,Metal_G,liver,45.9,Detected,no,2.9192064950907675,28.373419307158382,False,False
60_15_stomach,Metal_G,stomach,13.96,Detected,no,2.9192064950907675,-3.5665806928416153,False,False
47_03_muscle,Metal_G,muscle,6.18,Detected,no,3.101111839304572,-15.042645561649088,False,False
47_03_liver,Metal_G,liver,205.79,Detected,no,3.101111839304572,184.5673544383509,False,False
47_03_inksac,Metal_G,inksac,46.99,Detected,no,3.101111839304572,25.767354438350914,False,False
47_03_stomach,Metal_G,stomach,8.4,Detected,no,3.101111839304572,-12.822645561649088,False,False
28_08_muscle,Metal_G,muscle,8.78,Detected,no,3.2235261987739516,-15.336530091886692,False,False
28_08_liver,Metal_G,liver,191.4,Detected,no,3.2235261987739516,167.28346990811332,False,False
28_08_stomach,Metal_G,stomach,3.68,Detected,no,3.2235261987739516,-20.43653009188669,False,False
26_07_muscle,Metal_G,muscle,3.2,Detected,no,3.0855686370388407,-17.679905029739228,False,False
26_07_liver,Metal_G,liver,256.29,Detected,no,3.0855686370388407,235.4100949702608,False,False
26_07_stomach,Metal_G,stomach,9.15,Detected,no,3.0855686370388407,-11.729905029739227,False,False
65_03_muscle,Metal_G,muscle,3.56,BLOD,no,2.8353063459554106,-12.475618293862029,False,False
65_03_liver,Metal_G,liver,46.08,Detected,no,2.8353063459554106,30.04438170613797,False,False
65_03_inksac,Metal_G,inksac,41.78,Detected,no,2.8353063459554106,25.744381706137972,False,False
65_03_stomach,Metal_G,stomach,9.41,Detected,no,2.8353063459554106,-6.625618293862029,False,False
65_04_muscle,Metal_G,muscle,3.28,BLOD,no,2.8353063459554106,-12.75561829386203,False,False
65_04_liver,Metal_G,liver,38.41,Detected,no,2.8353063459554106,22.374381706137967,False,False
65_04_inksac,Metal_G,inksac,21.09,Detected,no,2.8353063459554106,5.0543817061379706,False,False
65_04_stomach,Metal_G,stomach,14.12,Detected,no,2.8353063459554106,-1.91561829386203,False,False
26_03_muscle,Metal_G,muscle,6.86,Detected,no,3.0855686370388407,-14.019905029739228,False,False
26_03_liver,Metal_G,liver,272.03,Detected,no,3.0855686370388407,251.15009497026074,False,False
26_03_stomach,Metal_G,stomach,8.06,Detected,no,3.0855686370388407,-12.819905029739227,False,False
28_11_muscle,Metal_G,muscle,2.53,Detected,no,3.2235261987739516,-21.58653009188669,False,False
28_11_liver,Metal_G,liver,218.49,Detected,no,3.2235261987739516,194.37346990811332,False,False
28_11_stomach,Metal_G,stomach,2.11,Detected,no,3.2235261987739516,-22.00653009188669,False,False
47_07_muscle,Metal_G,muscle,1.79,Detected,no,3.101111839304572,-19.43264556164909,False,False
47_07_liver,Metal_G,liver,234.75,Detected,no,3.101111839304572,213.52735443835093,False,False
47_07_inksac,Metal_G,inksac,45.63,Detected,no,3.101111839304572,24.407354438350914,False,False
47_07_stomach,Metal_G,stomach,8.75,Detected,no,3.101111839304572,-12.472645561649088,False,False
26_09_muscle,Metal_G,muscle,2.08,Detected,no,3.0855686370388407,-18.79990502973923,False,False
26_09_liver,Metal_G,liver,252.13,Detected,no,3.0855686370388407,231.25009497026076,False,False
26_09_stomach,Metal_G,stomach,7.73,Detected,no,3.0855686370388407,-13.149905029739227,False,False
65_05_muscle,Metal_G,muscle,3.15,BLOD,no,2.8353063459554106,-12.885618293862029,False,False
65_05_liver,Metal_G,liver,22.67,Detected,no,2.8353063459554106,6.634381706137972,False,False
65_05_stomach,Metal_G,stomach,15.04,Detected,no,2.8353063459554106,-0.9956182938620302,False,False
26_08_muscle,Metal_G,muscle,8.49,Detected,no,3.0855686370388407,-12.389905029739227,False,False
26_08_liver,Metal_G,liver,216.56,Detected,no,3.0855686370388407,195.68009497026077,False,False
26_08_stomach,Metal_G,stomach,10.04,Detected,no,3.0855686370388407,-10.839905029739228,False,False
47_02_muscle,Metal_G,muscle,5.97,Detected,no,3.101111839304572,-15.25264556164909,False,False
47_02_liver,Metal_G,liver,302.55,Detected,no,3.101111839304572,281.32735443835094,True,True
47_02_inksac,Metal_G,inksac,24.98,Detected,no,3.101111839304572,3.7573544383509123,False,False
47_02_stomach,Metal_G,stomach,6.45,Detected,no,3.101111839304572,-14.772645561649089,False,False
28_05_muscle,Metal_G,muscle,5.85,Detected,no,3.2235261987739516,-18.266530091886693,False,False
28_05_liver,Metal_G,liver,288.17,Detected,no,3.2235261987739516,264.0534699081133,False,False
28_05_stomach,Metal_G,stomach,12.03,Detected,no,3.2235261987739516,-12.086530091886692,False,False
26_04_muscle,Metal_G,muscle,7.37,Detected,no,3.0855686370388407,-13.509905029739226,False,False
26_04_liver,Metal_G,liver,201.15,Detected,no,3.0855686370388407,180.27009497026077,False,False
26_04_stomach,Metal_G,stomach,14.15,Detected,no,3.0855686370388407,-6.729905029739227,False,False
47_13_muscle,Metal_G,muscle,2.76,Detected,no,3.101111839304572,-18.46264556164909,False,False
47_14_muscle,Metal_G,muscle,5.38,Detected,no,3.101111839304572,-15.842645561649089,False,False
47_13_liver,Metal_G,liver,212.81,Detected,no,3.101111839304572,191.58735443835093,False,False
47_14_liver,Metal_G,liver,290.51,Detected,no,3.101111839304572,269.2873544383509,True,True
47_13_inksac,Metal_G,inksac,53.3,Detected,no,3.101111839304572,32.07735443835091,False,False
47_14_inksac,Metal_G,inksac,34.0,Detected,no,3.101111839304572,12.777354438350912,False,False
47_13_stomach,Metal_G,stomach,16.68,Detected,no,3.101111839304572,-4.542645561649088,False,False
47_14_stomach,Metal_G,stomach,12.2,Detected,no,3.101111839304572,-9.022645561649089,False,False
28_03_muscle,Metal_G,muscle,2.97,Detected,no,3.2235261987739516,-21.146530091886692,False,False
28_03_liver,Metal_G,liver,237.87,Detected,no,3.2235261987739516,213.75346990811332,False,False
28_03_stomach,Metal_G,stomach,8.81,Detected,no,3.2235261987739516,-15.30653009188669,False,False
28_02_muscle,Metal_G,muscle,2.63,Detected,no,3.2235261987739516,-21.486530091886692,False,False
28_02_liver,Metal_G,liver,224.23,Detected,no,3.2235261987739516,200.1134699081133,False,False
28_02_stomach,Metal_G,stomach,12.9,Detected,no,3.2235261987739516,-11.21653009188669,False,False
49_05_muscle,Metal_G,muscle,7.3,Detected,no,3.187192435132868,-15.920331743803807,False,False
49_05_liver,Metal_G,liver,198.36,Detected,no,3.187192435132868,175.13966825619622,False,False
49_05_inksac,Metal_G,inksac,50.72,Detected,no,3.187192435132868,27.49966825619619,False,False
49_05_stomach,Metal_G,stomach,12.06,Detected,no,3.187192435132868,-11.160331743803807,False,False
28_06_muscle,Metal_G,muscle,6.98,Detected,no,3.2235261987739516,-17.13653009188669,False,False
28_06_liver,Metal_G,liver,224.6,Detected,no,3.2235261987739516,200.4834699081133,False,False
28_06_stomach,Metal_G,stomach,1.84,Detected,no,3.2235261987739516,-22.27653009188669,False,False
28_09_muscle,Metal_G,muscle,9.27,Detected,no,3.2235261987739516,-14.846530091886692,False,False
28_09_liver,Metal_G,liver,203.37,Detected,no,3.2235261987739516,179.25346990811332,False,False
28_09_stomach,Metal_G,stomach,1.59,Detected,no,3.2235261987739516,-22.52653009188669,False,False
49_02_muscle,Metal_G,muscle,2.76,Detected,no,3.187192435132868,-20.460331743803806,False,False
49_02_liver,Metal_G,liver,238.99,Detected,no,3.187192435132868,215.7696682561962,False,False
49_02_inksac,Metal_G,inksac,34.68,Detected,no,3.187192435132868,11.459668256196192,False,False
49_02_stomach,Metal_G,stomach,13.06,Detected,no,3.187192435132868,-10.160331743803807,False,False
28_14_muscle,Metal_G,muscle,9.35,Detected,no,3.2235261987739516,-14.766530091886692,False,False
28_14_liver,Metal_G,liver,277.67,Detected,no,3.2235261987739516,253.55346990811333,False,False
28_14_stomach,Metal_G,stomach,14.44,Detected,no,3.2235261987739516,-9.676530091886692,False,False
26_06_muscle,Metal_G,muscle,7.17,Detected,no,3.0855686370388407,-13.709905029739227,False,False
26_06_liver,Metal_G,liver,264.49,Detected,no,3.0855686370388407,243.61009497026077,False,False
26_06_stomach,Metal_G,stomach,4.85,Detected,no,3.0855686370388407,-16.029905029739226,False,False
47_05_muscle,Metal_G,muscle,9.79,Detected,no,3.101111839304572,-11.432645561649089,False,False
47_05_liver,Metal_G,liver,256.01,Detected,no,3.101111839304572,234.78735443835092,False,False
47_05_inksac,Metal_G,inksac,27.33,Detected,no,3.101111839304572,6.10735443835091,False,False
47_05_stomach,Metal_G,stomach,12.42,Detected,no,3.101111839304572,-8.802645561649088,False,False
28_13_muscle,Metal_G,muscle,1.92,Detected,no,3.2235261987739516,-22.196530091886693,False,False
28_13_liver,Metal_G,liver,199.93,Detected,no,3.2235261987739516,175.81346990811332,False,False
28_13_stomach,Metal_G,stomach,9.49,Detected,no,3.2235261987739516,-14.626530091886691,False,False
28_01_muscle,Metal_G,muscle,3.99,Detected,no,3.2235261987739516,-20.126530091886693,False,False
28_01_liver,Metal_G,liver,190.8,Detected,no,3.2235261987739516,166.68346990811332,False,False
28_01_stomach,Metal_G,stomach,15.4,Detected,no,3.2235261987739516,-8.71653009188669,False,False
26_12_muscle,Metal_G,muscle,5.03,Detected,no,3.0855686370388407,-15.849905029739226,False,False
26_12_liver,Metal_G,liver,282.47,Detected,no,3.0855686370388407,261.5900949702608,False,False
26_12_stomach,Metal_G,stomach,2.1,Detected,no,3.0855686370388407,-18.779905029739226,False,False
47_06_muscle,Metal_G,muscle,4.79,Detected,no,3.101111839304572,-16.43264556164909,False,False
47_06_liver,Metal_G,liver,229.4,Detected,no,3.101111839304572,208.1773544383509,False,False
47_06_inksac,Metal_G,inksac,42.2,Detected,no,3.101111839304572,20.977354438350915,False,False
47_06_stomach,Metal_G,stomach,4.7,Detected,no,3.101111839304572,-16.52264556164909,False,False
26_05_muscle,Metal_G,muscle,1.74,Detected,no,3.0855686370388407,-19.13990502973923,False,False
26_05_liver,Metal_G,liver,253.42,Detected,no,3.0855686370388407,232.54009497026075,False,False
26_05_stomach,Metal_G,stomach,12.31,Detected,no,3.0855686370388407,-8.569905029739227,False,False
28_07_muscle,Metal_G,muscle,9.42,Detected,no,3.2235261987739516,-14.696530091886691,False,False
28_07_liver,Metal_G,liver,221.16,Detected,no,3.2235261987739516,197.0434699081133,False,False
28_07_stomach,Metal_G,stomach,12.55,Detected,no,3.2235261987739516,-11.56653009188669,False,False
47_08_muscle,Metal_G,muscle,5.1,Detected,no,3.101111839304572,-16.122645561649087,False,False
47_09_muscle,Metal_G,muscle,8.11,Detected,no,3.101111839304572,-13.112645561649089,False,False
47_08_liver,Metal_G,liver,309.02,Detected,no,3.101111839304572,287.7973544383509,True,True
47_09_liver,Metal_G,liver,209.87,Detected,no,3.101111839304572,188.64735443835093,False,False
47_08_inksac,Metal_G,inksac,54.25,Detected,no,3.101111839304572,33.02735443835091,False,False
47_09_inksac,Metal_G,inksac,45.98,Detected,no,3.101111839304572,24.75735443835091,False,False
47_08_stomach,Metal_G,stomach,9.77,Detected,no,3.101111839304572,-11.452645561649089,False,False
47_09_stomach,Metal_G,stomach,7.89,Detected,no,3.101111839304572,-13.332645561649088,False,False
26_13_muscle,Metal_G,muscle,6.16,Detected,no,3.0855686370388407,-14.719905029739227,False,False
26_13_liver,Metal_G,liver,250.07,Detected,no,3.0855686370388407,229.19009497026076,False,False
26_13_stomach,Metal_G,stomach,16.83,Detected,no,3.0855686370388407,-4.049905029739229,False,False
47_15_muscle,Metal_G,muscle,7.84,Detected,no,3.101111839304572,-13.382645561649088,False,False
47_15_liver,Metal_G,liver,189.17,Detected,no,3.101111839304572,167.94735443835089,False,False
47_15_inksac,Metal_G,inksac,52.8,Detected,no,3.101111839304572,31.57735443835091,False,False
47_15_stomach,Metal_G,stomach,17.64,Detected,no,3.101111839304572,-3.5826455616490875,False,False
26_14_muscle,Metal_G,muscle,8.69,Detected,no,3.0855686370388407,-12.189905029739228,False,False
26_14_liver,Metal_G,liver,302.73,Detected,no,3.0855686370388407,281.8500949702608,True,True
26_14_stomach,Metal_G,stomach,11.87,Detected,no,3.0855686370388407,-9.009905029739228,False,False
47_10_muscle,Metal_G,muscle,10.04,Detected,no,3.101111839304572,-11.182645561649089,False,False
47_10_liver,Metal_G,liver,235.61,Detected,no,3.101111839304572,214.38735443835094,False,False
47_10_inksac,Metal_G,inksac,26.51,Detected,no,3.101111839304572,5.2873544383509135,False,False
47_10_stomach,Metal_G,stomach,14.64,Detected,no,3.101111839304572,-6.5826455616490875,False,False
26_02_muscle,Metal_G,muscle,1.93,Detected,no,3.0855686370388407,-18.949905029739227,False,False
26_02_liver,Metal_G,liver,262.95,Detected,no,3.0855686370388407,242.07009497026075,False,False
26_02_stomach,Metal_G,stomach,6.5,Detected,no,3.0855686370388407,-14.379905029739227,False,False
26_10_muscle,Metal_G,muscle,5.15,Detected,no,3.0855686370388407,-15.729905029739227,False,False
26_10_liver,Metal_G,liver,247.58,Detected,no,3.0855686370388407,226.70009497026078,False,False
26_10_stomach,Metal_G,stomach,13.97,Detected,no,3.0855686370388407,-6.909905029739226,False,False
26_11_muscle,Metal_G,muscle,2.42,Detected,no,3.0855686370388407,-18.459905029739225,False,False
26_11_liver,Metal_G,liver,258.92,Detected,no,3.0855686370388407,238.04009497026078,False,False
26_11_stomach,Metal_G,stomach,11.01,Detected,no,3.0855686370388407,-9.869905029739227,False,False
28_15_muscle,Metal_G,muscle,8.77,Detected,no,3.2235261987739516,-15.346530091886692,False,False
28_15_liver,Metal_G,liver,197.11,Detected,no,3.2235261987739516,172.99346990811333,False,False
28_15_stomach,Metal_G,stomach,3.01,Detected,no,3.2235261987739516,-21.10653009188669,False,False
47_01_muscle,Metal_G,muscle,4.81,Detected,no,3.101111839304572,-16.41264556164909,False,False
47_01_liver,Metal_G,liver,282.33,Detected,no,3.101111839304572,261.1073544383509,False,False
47_01_inksac,Metal_G,inksac,55.65,Detected,no,3.101111839304572,34.42735443835091,False,False
47_01_stomach,Metal_G,stomach,5.98,Detected,no,3.101111839304572,-15.242645561649088,False,False
49_04_muscle,Metal_G,muscle,4.42,Detected,no,3.187192435132868,-18.80033174380381,False,False
49_04_liver,Metal_G,liver,254.72,Detected,no,3.187192435132868,231.4996682561962,False,False
49_04_inksac,Metal_G,inksac,28.86,Detected,no,3.187192435132868,5.639668256196192,False,False
49_04_stomach,Metal_G,stomach,2.84,Detected,no,3.187192435132868,-20.380331743803808,False,False
26_01_muscle,Metal_G,muscle,9.52,Detected,no,3.0855686370388407,-11.359905029739227,False,False
26_01_liver,Metal_G,liver,184.38,Detected,no,3.0855686370388407,163.50009497026076,False,False
26_01_stomach,Metal_G,stomach,6.46,Detected,no,3.0855686370388407,-14.419905029739226,False,False
49_03_muscle,Metal_G,muscle,1.69,Detected,no,3.187192435132868,-21.530331743803806,False,False
49_03_liver,Metal_G,liver,263.27,Detected,no,3.187192435132868,240.04966825619618,False,False
49_03_inksac,Metal_G,inksac,26.02,Detected,no,3.187192435132868,2.799668256196192,False,False
49_03_stomach,Metal_G,stomach,9.6,Detected,no,3.187192435132868,-13.620331743803808,False,False
47_04_muscle,Metal_G,muscle,8.77,Detected,no,3.101111839304572,-12.452645561649089,False,False
47_11_muscle,Metal_G,muscle,4.74,Detected,no,3.101111839304572,-16.482645561649086,False,False
47_04_liver,Metal_G,liver,290.14,Detected,no,3.101111839304572,268.9173544383509,True,True
47_11_liver,Metal_G,liver,239.93,Detected,no,3.101111839304572,218.70735443835093,False,False
47_04_inksac,Metal_G,inksac,51.09,Detected,no,3.101111839304572,29.867354438350915,False,False
47_11_inksac,Metal_G,inksac,27.96,Detected,no,3.101111839304572,6.737354438350913,False,False
47_04_stomach,Metal_G,stomach,13.51,Detected,no,3.101111839304572,-7.712645561649088,False,False
47_11_stomach,Metal_G,stomach,12.14,Detected,no,3.101111839304572,-9.082645561649088,False,False
49_14_muscle,Metal_H,muscle,0.04,BLOQ,no,0.6842316646380296,-0.942248218885066,False,False
49_14_liver,Metal_H,liver,2.06,BLOQ,no,0.6842316646380296,1.077751781114934,False,False
49_14_inksac,Metal_H,inksac,0.11,BLOQ,no,0.6842316646380296,-0.8722482188850661,False,False
49_14_stomach,Metal_H,stomach,2.83,BLOQ,no,0.6842316646380296,1.847751781114934,False,False
49_07_muscle,Metal_H,muscle,0.08,BLOQ,no,0.6842316646380296,-0.9022482188850661,False,False
49_07_liver,Metal_H,liver,2.38,BLOQ,no,0.6842316646380296,1.3977517811149338,False,False
49_07_inksac,Metal_H,inksac,0.24,BLOQ,no,0.6842316646380296,-0.7422482188850661,False,False
49_07_stomach,Metal_H,stomach,10.22,BLOQ,no,0.6842316646380296,9.237751781114934,False,False
49_11_muscle,Metal_H,muscle,0.03,BLOD,no,0.6842316646380296,-0.9522482188850661,False,False
49_11_liver,Metal_H,liver,0.3,BLOQ,no,0.6842316646380296,-0.682248218885066,False,False
49_11_inksac,Metal_H,inksac,0.19,BLOQ,no,0.6842316646380296,-0.7922482188850661,False,False
49_11_stomach,Metal_H,stomach,2.68,BLOQ,no,0.6842316646380296,1.697751781114934,False,False
49_12_muscle,Metal_H,muscle,0.05,BLOQ,no,0.6842316646380296,-0.932248218885066,False,False
49_12_liver,Metal_H,liver,1.96,BLOQ,no,0.6842316646380296,0.9777517811149339,False,False
49_12_inksac,Metal_H,inksac,0.21,BLOQ,no,0.6842316646380296,-0.7722482188850661,False,False
49_12_stomach,Metal_H,stomach,2.35,BLOQ,no,0.6842316646380296,1.367751781114934,False,False
49_15_muscle,Metal_H,muscle,0.05,BLOQ,no,0.6842316646380296,-0.932248218885066,False,False
49_15_liver,Metal_H,liver,1.64,BLOQ,no,0.6842316646380296,0.6577517811149338,False,False
49_15_inksac,Metal_H,inksac,0.23,BLOQ,no,0.6842316646380296,-0.7522482188850661,False,False
49_15_stomach,Metal_H,stomach,1.53,BLOQ,no,0.6842316646380296,0.5477517811149339,False,False
49_10_muscle,Metal_H,muscle,0.06,BLOQ,no,0.6842316646380296,-0.922248218885066,False,False
49_13_muscle,Metal_H,muscle,0.07,BLOQ,no,0.6842316646380296,-0.912248218885066,False,False
49_10_liver,Metal_H,liver,2.21,BLOQ,no,0.6842316646380296,1.2277517811149339,False,False
49_13_liver,Metal_H,liver,2.08,BLOQ,no,0.6842316646380296,1.097751781114934,False,False
49_10_inksac,Metal_H,inksac,0.26,BLOQ,no,0.6842316646380296,-0.7222482188850661,False,False
49_13_inksac,Metal_H,inksac,0.23,BLOQ,no,0.6842316646380296,-0.7522482188850661,False,False
49_10_stomach,Metal_H,stomach,2.07,BLOQ,no,0.6842316646380296,1.0877517811149338,False,False
49_13_stomach,Metal_H,stomach,1.21,BLOQ,no,0.6842316646380296,0.22775178111493388,False,False
49_08_muscle,Metal_H,muscle,0.03,BLOD,no,0.6842316646380296,-0.9522482188850661,False,False
49_08_liver,Metal_H,liver,0.69,BLOQ,no,0.6842316646380296,-0.29224821888506614,False,False
49_08_inksac,Metal_H,inksac,0.14,BLOQ,no,0.6842316646380296,-0.8422482188850661,False,False
49_08_stomach,Metal_H,stomach,1.47,BLOQ,no,0.6842316646380296,0.4877517811149339,False,False
60_10_muscle,Metal_H,muscle,4.29,BLOD,no,1.0427844260304573,2.4528942624615633,False,False
60_10_liver,Metal_H,liver,4.49,BLOD,no,1.0427844260304573,2.6528942624615635,False,False
60_10_stomach,Metal_H,stomach,1.97,BLOQ,no,1.0427844260304573,0.13289426246156344,False,False
49_06_muscle,Metal_H,muscle,0.07,BLOQ,no,0.6842316646380296,-0.912248218885066,False,False
49_06_liver,Metal_H,liver,3.41,BLOQ,no,0.6842316646380296,2.4277517811149343,False,False
49_06_inksac,Metal_H,inksac,0.26,BLOQ,no,0.6842316646380296,-0.7222482188850661,False,False
49_06_stomach,Metal_H,stomach,3.54,BLOQ,no,0.6842316646380296,2.557751781114934,False,False
60_09_muscle,Metal_H,muscle,4.44,BLOD,no,1.0427844260304573,2.6028942624615636,False,False
60_09_liver,Metal_H,liver,4.56,BLOD,no,1.0427844260304573,2.722894262461563,False,False
60_09_inksac,Metal_H,inksac,0.18,BLOQ,no,1.0427844260304573,-1.6571057375384366,False,False
60_09_stomach,Metal_H,stomach,2.21,BLOQ,no,1.0427844260304573,0.37289426246156343,False,False
49_09_muscle,Metal_H,muscle,0.06,BLOQ,no,0.6842316646380296,-0.922248218885066,False,False
49_09_liver,Metal_H,liver,2.03,BLOQ,no,0.6842316646380296,1.0477517811149337,False,False
49_09_inksac,Metal_H,inksac,0.24,BLOQ,no,0.6842316646380296,-0.7422482188850661,False,False
49_09_stomach,Metal_H,stomach,1.56,BLOQ,no,0.6842316646380296,0.577751781114934,False,False
65_07_muscle,Metal_H,muscle,4.38,BLOD,no,1.0961525880786704,2.38737003401401,False,False
65_07_liver,Metal_H,liver,4.06,BLOD,no,1.0961525880786704,2.0673700340140098,False,False
65_07_inksac,Metal_H,inksac,0.14,BLOQ,no,1.0961525880786704,-1.8526299659859897,False,False
65_07_stomach,Metal_H,stomach,3.3,BLOQ,no,1.0961525880786704,1.3073700340140102,False,False
65_06_muscle,Metal_H,muscle,4.19,BLOD,no,1.0961525880786704,2.1973700340140105,False,False
65_06_liver,Metal_H,liver,4.26,BLOD,no,1.0961525880786704,2.26737003401401,False,False
65_06_inksac,Metal_H,inksac,0.19,BLOQ,no,1.0961525880786704,-1.8026299659859897,False,False
65_06_stomach,Metal_H,stomach,3.74,BLOQ,no,1.0961525880786704,1.7473700340140106,False,False
65_08_muscle,Metal_H,muscle,3.9,BLOD,no,1.0961525880786704,1.9073700340140103,False,False
65_08_liver,Metal_H,liver,4.17,BLOD,no,1.0961525880786704,2.17737003401401,False,False
65_08_stomach,Metal_H,stomach,2.83,BLOQ,no,1.0961525880786704,0.8373700340140104,False,False
60_08_muscle,Metal_H,muscle,4.43,BLOD,no,1.0427844260304573,2.592894262461563,False,False
60_08_liver,Metal_H,liver,4.52,BLOD,no,1.0427844260304573,2.682894262461563,False,False
60_08_inksac,Metal_H,inksac,0.32,BLOQ,no,1.0427844260304573,-1.5171057375384365,False,False
60_08_stomach,Metal_H,stomach,2.9,BLOQ,no,1.0427844260304573,1.0628942624615634,False,False
60_12_muscle,Metal_H,muscle,4.41,BLOD,no,1.0427844260304573,2.5728942624615634,False,False
60_12_liver,Metal_H,liver,4.44,BLOD,no,1.0427844260304573,2.6028942624615636,False,False
60_12_inksac,Metal_H,inksac,0.26,BLOQ,no,1.0427844260304573,-1.5771057375384365,False,False
60_12_stomach,Metal_H,stomach,2.43,BLOQ,no,1.0427844260304573,0.5928942624615636,False,False
60_01_muscle,Metal_H,muscle,4.47,BLOD,no,1.0427844260304573,2.632894262461563,False,False
60_01_liver,Metal_H,liver,4.22,BLOD,no,1.0427844260304573,2.382894262461563,False,False
60_01_inksac,Metal_H,inksac,0.29,BLOQ,no,1.0427844260304573,-1.5471057375384365,False,False
60_01_stomach,Metal_H,stomach,2.97,BLOQ,no,1.0427844260304573,1.1328942624615637,False,False
65_01_muscle,Metal_H,muscle,4.22,BLOD,no,1.0961525880786704,2.22737003401401,False,False
65_01_liver,Metal_H,liver,4.39,BLOD,no,1.0961525880786704,2.39737003401401,False,False
65_01_stomach,Metal_H,stomach,2.98,BLOQ,no,1.0961525880786704,0.9873700340140104,False,False
28_12_muscle,Metal_H,muscle,0.17,BLOQ,no,0.712882049070642,-0.8698617767605868,False,False
28_12_liver,Metal_H,liver,4.52,BLOQ,no,0.712882049070642,3.480138223239413,False,False
28_12_stomach,Metal_H,stomach,1.54,BLOQ,no,0.712882049070642,0.5001382232394131,False,False
65_15_muscle,Metal_H,muscle,4.69,BLOD,no,1.0961525880786704,2.6973700340140105,False,False
65_15_liver,Metal_H,liver,4.58,BLOD,no,1.0961525880786704,2.5873700340140102,False,False
65_15_inksac,Metal_H,inksac,0.22,BLOQ,no,1.0961525880786704,-1.7726299659859897,False,False
65_15_stomach,Metal_H,stomach,1.1,BLOQ,no,1.0961525880786704,-0.8926299659859895,False,False
65_09_muscle,Metal_H,muscle,4.08,BLOD,no,1.0961525880786704,2.0873700340140102,False,False
65_09_liver,Metal_H,liver,4.43,BLOD,no,1.0961525880786704,2.43737003401401,False,False
65_09_inksac,Metal_H,inksac,0.14,BLOQ,no,1.0961525880786704,-1.8526299659859897,False,False
65_09_stomach,Metal_H,stomach,0.95,BLOQ,no,1.0961525880786704,-1.0426299659859897,False,False
65_02_muscle,Metal_H,muscle,4.61,BLOD,no,1.0961525880786704,2.6173700340140105,False,False
65_12_muscle,Metal_H,muscle,4.11,BLOD,no,1.0961525880786704,2.1173700340140105,False,False
65_02_liver,Metal_H,liver,4.43,BLOD,no,1.0961525880786704,2.43737003401401,False,False
65_12_liver,Metal_H,liver,3.9,BLOD,no,1.0961525880786704,1.9073700340140103,False,False
65_02_inksac,Metal_H,inksac,0.26,BLOQ,no,1.0961525880786704,-1.7326299659859896,False,False
65_12_inksac,Metal_H,inksac,0.2,BLOQ,no,1.0961525880786704,-1.7926299659859897,False,False
65_02_stomach,Metal_H,stomach,3.09,BLOQ,no,1.0961525880786704,1.0973700340140102,False,False
65_12_stomach,Metal_H,stomach,0.71,BLOQ,no,1.0961525880786704,-1.2826299659859897,False,False
60_11_muscle,Metal_H,muscle,4.28,BLOD,no,1.0427844260304573,2.4428942624615635,False,False
60_11_liver,Metal_H,liver,4.34,BLOD,no,1.0427844260304573,2.502894262461563,False,False
60_11_inksac,Metal_H,inksac,0.24,BLOQ,no,1.0427844260304573,-1.5971057375384365,False,False
60_11_stomach,Metal_H,stomach,1.21,BLOQ,no,1.0427844260304573,-0.6271057375384366,False,False
60_14_muscle,Metal_H,muscle,4.2,BLOD,no,1.0427844260304573,2.3628942624615634,False,False
60_14_liver,Metal_H,liver,4.53,BLOD,no,1.0427844260304573,2.6928942624615635,False,False
60_14_inksac,Metal_H,inksac,0.27,BLOQ,no,1.0427844260304573,-1.5671057375384365,False,False
60_14_stomach,Metal_H,stomach,2.14,BLOQ,no,1.0427844260304573,0.3028942624615636,False,False
60_05_muscle,Metal_H,muscle,4.54,BLOD,no,1.0427844260304573,2.7028942624615633,False,False
60_05_liver,Metal_H,liver,4.02,BLOD,no,1.0427844260304573,2.182894262461563,False,False
60_05_inksac,Metal_H,inksac,0.45,BLOQ,no,1.0427844260304573,-1.3871057375384366,False,False
60_05_stomach,Metal_H,stomach,0.59,BLOQ,no,1.0427844260304573,-1.2471057375384365,False,False
65_11_muscle,Metal_H,muscle,4.49,BLOD,no,1.0961525880786704,2.4973700340140104,False,False
65_11_liver,Metal_H,liver,4.4,BLOD,no,1.0961525880786704,2.4073700340140105,False,False
65_11_inksac,Metal_H,inksac,0.26,BLOQ,no,1.0961525880786704,-1.7326299659859896,False,False
65_11_stomach,Metal_H,stomach,2.67,BLOQ,no,1.0961525880786704,0.6773700340140103,False,False
60_13_muscle,Metal_H,muscle,4.49,BLOD,no,1.0427844260304573,2.6528942624615635,False,False
65_10_muscle,Metal_H,muscle,4.52,BLOD,no,1.0961525880786704,2.5273700340140097,False,False
60_13_liver,Metal_H,liver,4.44,BLOD,no,1.0427844260304573,2.6028942624615636,False,False
65_10_liver,Metal_H,liver,3.81,BLOD,no,1.0961525880786704,1.8173700340140104,False,False
60_13_inksac,Metal_H,inksac,0.13,BLOQ,no,1.0427844260304573,-1.7071057375384364,False,False
65_10_inksac,Metal_H,inksac,0.15,BLOQ,no,1.0961525880786704,-1.8426299659859897,False,False
60_13_stomach,Metal_H,stomach,2.33,BLOQ,no,1.0427844260304573,0.49289426246156354,False,False
65_10_stomach,Metal_H,stomach,1.92,BLOQ,no,1.0961525880786704,-0.0726299659859897,False,False
60_07_muscle,Metal_H,muscle,4.19,BLOD,no,1.0427844260304573,2.3528942624615636,False,False
60_07_liver,Metal_H,liver,4.42,BLOD,no,1.0427844260304573,2.582894262461563,False,False
60_07_stomach,Metal_H,stomach,1.0,BLOQ,no,1.0427844260304573,-0.8371057375384365,False,False
65_14_muscle,Metal_H,muscle,4.53,BLOD,no,1.0961525880786704,2.5373700340140104,False,False
65_14_liver,Metal_H,liver,4.36,BLOD,no,1.0961525880786704,2.3673700340140105,False,False
65_14_stomach,Metal_H,stomach,2.3,BLOQ,no,1.0961525880786704,0.3073700340140102,False,False
28_04_muscle,Metal_H,muscle,0.16,BLOQ,no,0.712882049070642,-0.8798617767605869,False,False
28_04_liver,Metal_H,liver,5.14,BLOQ,no,0.712882049070642,4.100138223239413,False,False
28_04_stomach,Metal_H,stomach,2.28,BLOQ,no,0.712882049070642,1.240138223239413,False,False
60_02_muscle,Metal_H,muscle,4.56,BLOD,no,1.0427844260304573,2.722894262461563,False,False
60_02_liver,Metal_H,liver,4.64,BLOD,no,1.0427844260304573,2.802894262461563,False,False
60_02_inksac,Metal_H,inksac,0.26,BLOQ,no,1.0427844260304573,-1.5771057375384365,False,False
60_02_stomach,Metal_H,stomach,1.52,BLOQ,no,1.0427844260304573,-0.3171057375384365,False,False
60_03_muscle,Metal_H,muscle,4.13,BLOD,no,1.0427844260304573,2.292894262461563,False,False
60_04_muscle,Metal_H,muscle,4.45,BLOD,no,1.0427844260304573,2.6128942624615634,False,False
60_03_liver,Metal_H,liver,4.28,BLOD,no,1.0427844260304573,2.4428942624615635,False,False
60_04_liver,Metal_H,liver,4.62,BLOD,no,1.0427844260304573,2.7828942624615634,False,False
60_04_inksac,Metal_H,inksac,0.21,BLOQ,no,1.0427844260304573,-1.6271057375384366,False,False
60_03_stomach,Metal_H,stomach,0.49,BLOQ,no,1.0427844260304573,-1.3471057375384365,False,False
60_04_stomach,Metal_H,stomach,3.11,BLOQ,no,1.0427844260304573,1.2728942624615633,False,False
47_12_muscle,Metal_H,muscle,0.08,BLOQ,no,0.831311622495038,-1.2163286822344903,False,False
47_12_liver,Metal_H,liver,0.71,BLOQ,no,0.831311622495038,-0.5863286822344904,False,False
47_12_inksac,Metal_H,inksac,0.22,BLOQ,no,0.831311622495038,-1.0763286822344904,False,False
47_12_stomach,Metal_H,stomach,1.66,BLOQ,no,0.831311622495038,0.36367131776550954,False,False
65_13_muscle,Metal_H,muscle,4.29,BLOD,no,1.0961525880786704,2.29737003401401,False,False
65_13_liver,Metal_H,liver,4.26,BLOD,no,1.0961525880786704,2.26737003401401,False,False
65_13_inksac,Metal_H,inksac,0.26,BLOQ,no,1.0961525880786704,-1.7326299659859896,False,False
65_13_stomach,Metal_H,stomach,2.89,BLOQ,no,1.0961525880786704,0.8973700340140105,False,False
60_06_muscle,Metal_H,muscle,4.48,BLOD,no,1.0427844260304573,2.6428942624615637,False,False
60_06_liver,Metal_H,liver,4.54,BLOD,no,1.0427844260304573,2.7028942624615633,False,False
60_06_inksac,Metal_H,inksac,0.28,BLOQ,no,1.0427844260304573,-1.5571057375384365,False,False
60_06_stomach,Metal_H,stomach,0.78,BLOQ,no,1.0427844260304573,-1.0571057375384365,False,False
49_01_muscle,Metal_H,muscle,0.08,BLOQ,no,0.6842316646380296,-0.9022482188850661,False,False
49_01_liver,Metal_H,liver,3.17,BLOQ,no,0.6842316646380296,2.187751781114934,False,False
49_01_stomach,Metal_H,stomach,3.16,BLOQ,no,0.6842316646380296,2.1777517811149343,False,False
26_15_muscle,Metal_H,muscle,0.18,BLOQ,no,0.8569465707928343,-1.1759559549999439,False,False
26_15_liver,Metal_H,liver,3.23,BLOQ,no,0.8569465707928343,1.8740440450000562,False,False
26_15_stomach,Metal_H,stomach,0.8,BLOQ,no,0.8569465707928343,-0.5559559549999438,False,False
28_10_muscle,Metal_H,muscle,0.13,BLOQ,no,0.712882049070642,-0.9098617767605869,False,False
28_10_liver,Metal_H,liver,5.69,BLOQ,no,0.712882049070642,4.650138223239414,False,False
28_10_stomach,Metal_H,stomach,1.31,BLOQ,no,0.712882049070642,0.27013822323941317,False,False
60_15_muscle,Metal_H,muscle,4.3,BLOD,no,1.0427844260304573,2.462894262461563,False,False
60_15_liver,Metal_H,liver,4.53,BLOD,no,1.0427844260304573,2.6928942624615635,False,False
60_15_stomach,Metal_H,stomach,2.5,BLOQ,no,1.0427844260304573,0.6628942624615635,False,False
47_03_muscle,Metal_H,muscle,0.09,BLOQ,no,0.831311622495038,-1.2063286822344903,False,False
47_03_liver,Metal_H,liver,2.0,BLOQ,no,0.831311622495038,0.7036713177655096,False,False
47_03_inksac,Metal_H,inksac,0.15,BLOQ,no,0.831311622495038,-1.1463286822344905,False,False
47_03_stomach,Metal_H,stomach,0.95,BLOQ,no,0.831311622495038,-0.3463286822344904,False,False
28_08_muscle,Metal_H,muscle,0.17,BLOQ,no,0.712882049070642,-0.8698617767605868,False,False
28_08_liver,Metal_H,liver,2.21,BLOQ,no,0.712882049070642,1.170138223239413,False,False
28_08_stomach,Metal_H,stomach,0.91,BLOQ,no,0.712882049070642,-0.12986177676058686,False,False
26_07_muscle,Metal_H,muscle,0.18,BLOQ,no,0.8569465707928343,-1.1759559549999439,False,False
26_07_liver,Metal_H,liver,4.95,BLOQ,no,0.8569465707928343,3.5940440450000564,False,False
26_07_stomach,Metal_H,stomach,2.01,BLOQ,no,0.8569465707928343,0.654044045000056,False,False
65_03_muscle,Metal_H,muscle,4.61,BLOD,no,1.0961525880786704,2.6173700340140105,False,False
65_03_liver,Metal_H,liver,4.28,BLOD,no,1.0961525880786704,2.2873700340140104,False,False
65_03_inksac,Metal_H,inksac,0.12,BLOQ,no,1.0961525880786704,-1.8726299659859897,False,False
65_03_stomach,Metal_H,stomach,3.26,BLOQ,no,1.0961525880786704,1.2673700340140102,False,False
65_04_muscle,Metal_H,muscle,4.25,BLOD,no,1.0961525880786704,2.25737003401401,False,False
65_04_liver,Metal_H,liver,4.26,BLOD,no,1.0961525880786704,2.26737003401401,False,False
65_04_inksac,Metal_H,inksac,0.26,BLOQ,no,1.0961525880786704,-1.7326299659859896,False,False
65_04_stomach,Metal_H,stomach,2.44,BLOQ,no,1.0961525880786704,0.4473700340140103,False,False
26_03_muscle,Metal_H,muscle,0.17,BLOQ,no,0.8569465707928343,-1.1859559549999439,False,False
26_03_liver,Metal_H,liver,2.0,BLOQ,no,0.8569465707928343,0.6440440450000562,False,False
26_03_stomach,Metal_H,stomach,0.56,BLOQ,no,0.8569465707928343,-0.7959559549999438,False,False
28_11_muscle,Metal_H,muscle,0.18,BLOQ,no,0.712882049070642,-0.859861776760587,False,False
28_11_liver,Metal_H,liver,2.96,BLOQ,no,0.712882049070642,1.920138223239413,False,False
28_11_stomach,Metal_H,stomach,1.61,BLOQ,no,0.712882049070642,0.5701382232394132,False,False
47_07_muscle,Metal_H,muscle,0.05,BLOQ,no,0.831311622495038,-1.2463286822344903,False,False
47_07_liver,Metal_H,liver,1.74,BLOQ,no,0.831311622495038,0.4436713177655096,False,False
47_07_inksac,Metal_H,inksac,0.13,BLOQ,no,0.831311622495038,-1.1663286822344903,False,False
47_07_stomach,Metal_H,stomach,3.1,BLOQ,no,0.831311622495038,1.8036713177655097,False,False
26_09_muscle,Metal_H,muscle,0.14,BLOQ,no,0.8569465707928343,-1.2159559549999437,False,False
26_09_liver,Metal_H,liver,2.45,BLOQ,no,0.8569465707928343,1.0940440450000564,False,False
26_09_stomach,Metal_H,stomach,0.92,BLOQ,no,0.8569465707928343,-0.4359559549999438,False,False
65_05_muscle,Metal_H,muscle,4.09,BLOD,no,1.0961525880786704,2.09737003401401,False,False
65_05_liver,Metal_H,liver,4.09,BLOD,no,1.0961525880786704,2.09737003401401,False,False
65_05_stomach,Metal_H,stomach,2.11,BLOQ,no,1.0961525880786704,0.11737003401401025,False,False
26_08_muscle,Metal_H,muscle,0.11,BLOQ,no,0.8569465707928343,-1.2459559549999437,False,False
26_08_liver,Metal_H,liver,2.92,BLOQ,no,0.8569465707928343,1.5640440450000561,False,False
26_08_stomach,Metal_H,stomach,1.72,BLOQ,no,0.8569465707928343,0.36404404500005616,False,False
47_02_muscle,Metal_H,muscle,0.08,BLOQ,no,0.831311622495038,-1.2163286822344903,False,False
47_02_liver,Metal_H,liver,3.38,BLOQ,no,0.831311622495038,2.0836713177655097,False,False
47_02_inksac,Metal_H,inksac,0.17,BLOQ,no,0.831311622495038,-1.1263286822344905,False,False
47_02_stomach,Metal_H,stomach,1.86,BLOQ,no,0.831311622495038,0.5636713177655097,False,False
28_05_muscle,Metal_H,muscle,0.17,BLOQ,no,0.712882049070642,-0.8698617767605868,False,False
28_05_liver,Metal_H,liver,4.22,BLOQ,no,0.712882049070642,3.180138223239413,False,False
28_05_stomach,Metal_H,stomach,1.16,BLOQ,no,0.712882049070642,0.12013822323941303,False,False
26_04_muscle,Metal_H,muscle,0.15,BLOQ,no,0.8569465707928343,-1.205955954999944,False,False
26_04_liver,Metal_H,liver,4.92,BLOQ,no,0.8569465707928343,3.564044045000056,False,False
26_04_stomach,Metal_H,stomach,2.01,BLOQ,no,0.8569465707928343,0.654044045000056,False,False
47_13_muscle,Metal_H,muscle,0.05,BLOQ,no,0.831311622495038,-1.2463286822344903,False,False
47_14_muscle,Metal_H,muscle,0.08,BLOQ,no,0.831311622495038,-1.2163286822344903,False,False
47_13_liver,Metal_H,liver,2.55,BLOQ,no,0.831311622495038,1.2536713177655094,False,False
47_14_liver,Metal_H,liver,0.37,BLOQ,no,0.831311622495038,-0.9263286822344904,False,False
47_13_inksac,Metal_H,inksac,0.24,BLOQ,no,0.831311622495038,-1.0563286822344904,False,False
47_14_inksac,Metal_H,inksac,0.12,BLOQ,no,0.831311622495038,-1.1763286822344905,False,False
47_13_stomach,Metal_H,stomach,2.4,BLOQ,no,0.831311622495038,1.1036713177655095,False,False
47_14_stomach,Metal_H,stomach,2.74,BLOQ,no,0.831311622495038,1.4436713177655098,False,False
28_03_muscle,Metal_H,muscle,0.12,BLOQ,no,0.712882049070642,-0.9198617767605869,False,False
28_03_liver,Metal_H,liver,4.61,BLOQ,no,0.712882049070642,3.5701382232394137,False,False
28_03_stomach,Metal_H,stomach,0.24,BLOQ,no,0.712882049070642,-0.7998617767605869,False,False
28_02_muscle,Metal_H,muscle,0.15,BLOQ,no,0.712882049070642,-0.8898617767605869,False,False
28_02_liver,Metal_H,liver,2.72,BLOQ,no,0.712882049070642,1.6801382232394133,False,False
28_02_stomach,Metal_H,stomach,2.09,BLOQ,no,0.712882049070642,1.050138223239413,False,False
49_05_muscle,Metal_H,muscle,0.04,BLOQ,no,0.6842316646380296,-0.942248218885066,False,False
49_05_liver,Metal_H,liver,0.81,BLOQ,no,0.6842316646380296,-0.17224821888506603,False,False
49_05_inksac,Metal_H,inksac,0.27,BLOQ,no,0.6842316646380296,-0.7122482188850661,False,False
49_05_stomach,Metal_H,stomach,1.87,BLOQ,no,0.6842316646380296,0.887751781114934,False,False
28_06_muscle,Metal_H,muscle,0.16,BLOQ,no,0.712882049070642,-0.8798617767605869,False,False
28_06_liver,Metal_H,liver,4.89,BLOQ,no,0.712882049070642,3.850138223239413,False,False
28_06_stomach,Metal_H,stomach,2.28,BLOQ,no,0.712882049070642,1.240138223239413,False,False
28_09_muscle,Metal_H,muscle,0.16,BLOQ,no,0.712882049070642,-0.8798617767605869,False,False
28_09_liver,Metal_H,liver,1.81,BLOQ,no,0.712882049070642,0.7701382232394132,False,False
28_09_stomach,Metal_H,stomach,1.0,BLOQ,no,0.712882049070642,-0.03986177676058689,False,False
49_02_muscle,Metal_H,muscle,0.07,BLOQ,no,0.6842316646380296,-0.912248218885066,False,False
49_02_liver,Metal_H,liver,0.22,BLOQ,no,0.6842316646380296,-0.7622482188850661,False,False
49_02_inksac,Metal_H,inksac,0.21,BLOQ,no,0.6842316646380296,-0.7722482188850661,False,False
49_02_stomach,Metal_H,stomach,3.41,BLOQ,no,0.6842316646380296,2.4277517811149343,False,False
28_14_muscle,Metal_H,muscle,0.1,BLOQ,no,0.712882049070642,-0.9398617767605869,False,False
28_14_liver,Metal_H,liver,5.61,BLOQ,no,0.712882049070642,4.570138223239414,False,False
28_14_stomach,Metal_H,stomach,1.66,BLOQ,no,0.712882049070642,0.620138223239413,False,False
26_06_muscle,Metal_H,muscle,0.15,BLOQ,no,0.8569465707928343,-1.205955954999944,False,False
26_06_liver,Metal_H,liver,0.68,BLOQ,no,0.8569465707928343,-0.6759559549999438,False,False
26_06_stomach,Metal_H,stomach,2.03,BLOQ,no,0.8569465707928343,0.674044045000056,False,False
47_05_muscle,Metal_H,muscle,0.04,BLOQ,no,0.831311622495038,-1.2563286822344903,False,False
47_05_liver,Metal_H,liver,3.57,BLOQ,no,0.831311622495038,2.2736713177655092,False,False
47_05_inksac,Metal_H,inksac,0.15,BLOQ,no,0.831311622495038,-1.1463286822344905,False,False
47_05_stomach,Metal_H,stomach,1.41,BLOQ,no,0.831311622495038,0.11367131776550954,False,False
28_13_muscle,Metal_H,muscle,0.15,BLOQ,no,0.712882049070642,-0.8898617767605869,False,False
28_13_liver,Metal_H,liver,0.75,BLOQ,no,0.712882049070642,-0.2898617767605869,False,False
28_13_stomach,Metal_H,stomach,0.77,BLOQ,no,0.712882049070642,-0.26986177676058687,False,False
28_01_muscle,Metal_H,muscle,0.18,BLOQ,no,0.712882049070642,-0.859861776760587,False,False
28_01_liver,Metal_H,liver,3.8,BLOQ,no,0.712882049070642,2.760138223239413,False,False
28_01_stomach,Metal_H,stomach,2.05,BLOQ,no,0.712882049070642,1.010138223239413,False,False
26_12_muscle,Metal_H,muscle,0.18,BLOQ,no,0.8569465707928343,-1.1759559549999439,False,False
26_12_liver,Metal_H,liver,1.79,BLOQ,no,0.8569465707928343,0.4340440450000562,False,False
26_12_stomach,Metal_H,stomach,1.03,BLOQ,no,0.8569465707928343,-0.3259559549999438,False,False
47_06_muscle,Metal_H,muscle,0.07,BLOQ,no,0.831311622495038,-1.2263286822344903,False,False
47_06_liver,Metal_H,liver,3.5,BLOQ,no,0.831311622495038,2.20367131776551,False,False
47_06_inksac,Metal_H,inksac,0.17,BLOQ,no,0.831311622495038,-1.1263286822344905,False,False
47_06_stomach,Metal_H,stomach,3.16,BLOQ,no,0.831311622495038,1.8636713177655098,False,False
26_05_muscle,Metal_H,muscle,0.13,BLOQ,no,0.8569465707928343,-1.225955954999944,False,False
26_05_liver,Metal_H,liver,0.45,BLOQ,no,0.8569465707928343,-0.9059559549999439,False,False
26_05_stomach,Metal_H,stomach,0.87,BLOQ,no,0.8569465707928343,-0.4859559549999438,False,False
28_07_muscle,Metal_H,muscle,0.13,BLOQ,no,0.712882049070642,-0.9098617767605869,False,False
28_07_liver,Metal_H,liver,2.1,BLOQ,no,0.712882049070642,1.0601382232394132,False,False
28_07_stomach,Metal_H,stomach,2.23,BLOQ,no,0.712882049070642,1.190138223239413,False,False
47_08_muscle,Metal_H,muscle,0.08,BLOQ,no,0.831311622495038,-1.2163286822344903,False,False
47_09_muscle,Metal_H,muscle,0.08,BLOQ,no,0.831311622495038,-1.2163286822344903,False,False
47_08_liver,Metal_H,liver,2.42,BLOQ,no,0.831311622495038,1.1236713177655095,False,False
47_09_liver,Metal_H,liver,0.9,BLOQ,no,0.831311622495038,-0.39632868223449036,False,False
47_08_inksac,Metal_H,inksac,0.22,BLOQ,no,0.831311622495038,-1.0763286822344904,False,False
47_09_inksac,Metal_H,inksac,0.11,BLOQ,no,0.831311622495038,-1.1863286822344903,False,False
47_08_stomach,Metal_H,stomach,2.69,BLOQ,no,0.831311622495038,1.3936713177655096,False,False
47_09_stomach,Metal_H,stomach,1.51,BLOQ,no,0.831311622495038,0.21367131776550963,False,False
26_13_muscle,Metal_H,muscle,0.13,BLOQ,no,0.8569465707928343,-1.225955954999944,False,False
26_13_liver,Metal_H,liver,1.4,BLOQ,no,0.8569465707928343,0.0440440450000561,False,False
26_13_stomach,Metal_H,stomach,1.5,BLOQ,no,0.8569465707928343,0.1440440450000562,False,False
47_15_muscle,Metal_H,muscle,0.05,BLOQ,no,0.831311622495038,-1.2463286822344903,False,False
47_15_liver,Metal_H,liver,2.44,BLOQ,no,0.831311622495038,1.1436713177655096,False,False
47_15_inksac,Metal_H,inksac,0.18,BLOQ,no,0.831311622495038,-1.1163286822344904,False,False
47_15_stomach,Metal_H,stomach,1.35,BLOQ,no,0.831311622495038,0.05367131776550971,False,False
26_14_muscle,Metal_H,muscle,0.17,BLOQ,no,0.8569465707928343,-1.1859559549999439,False,False
26_14_liver,Metal_H,liver,0.99,BLOQ,no,0.8569465707928343,-0.3659559549999438,False,False
26_14_stomach,Metal_H,stomach,1.66,BLOQ,no,0.8569465707928343,0.3040440450000561,False,False
47_10_muscle,Metal_H,muscle,0.08,BLOQ,no,0.831311622495038,-1.2163286822344903,False,False
47_10_liver,Metal_H,liver,1.37,BLOQ,no,0.831311622495038,0.07367131776550973,False,False
47_10_inksac,Metal_H,inksac,0.17,BLOQ,no,0.831311622495038,-1.1263286822344905,False,False
47_10_stomach,Metal_H,stomach,2.62,BLOQ,no,0.831311622495038,1.3236713177655097,False,False
26_02_muscle,Metal_H,muscle,0.11,BLOQ,no,0.8569465707928343,-1.2459559549999437,False,False
26_02_liver,Metal_H,liver,1.37,BLOQ,no,0.8569465707928343,0.014044045000056293,False,False
26_02_stomach,Metal_H,stomach,1.16,BLOQ,no,0.8569465707928343,-0.1959559549999439,False,False
26_10_muscle,Metal_H,muscle,0.15,BLOQ,no,0.8569465707928343,-1.205955954999944,False,False
26_10_liver,Metal_H,liver,2.57,BLOQ,no,0.8569465707928343,1.214044045000056,False,False
26_10_stomach,Metal_H,stomach,1.55,BLOQ,no,0.8569465707928343,0.19404404500005623,False,False
26_11_muscle,Metal_H,muscle,0.14,BLOQ,no,0.8569465707928343,-1.2159559549999437,False,False
26_11_liver,Metal_H,liver,5.17,BLOQ,no,0.8569465707928343,3.814044045000056,False,False
26_11_stomach,Metal_H,stomach,1.55,BLOQ,no,0.8569465707928343,0.19404404500005623,False,False
28_15_muscle,Metal_H,muscle,0.14,BLOQ,no,0.712882049070642,-0.8998617767605869,False,False
28_15_liver,Metal_H,liver,3.1,BLOQ,no,0.712882049070642,2.060138223239413,False,False
28_15_stomach,Metal_H,stomach,0.99,BLOQ,no,0.712882049070642,-0.049861776760586896,False,False
47_01_muscle,Metal_H,muscle,0.06,BLOQ,no,0.831311622495038,-1.2363286822344903,False,False
47_01_liver,Metal_H,liver,2.8,BLOQ,no,0.831311622495038,1.5036713177655094,False,False
47_01_inksac,Metal_H,inksac,0.29,BLOQ,no,0.831311622495038,-1.0063286822344903,False,False
47_01_stomach,Metal_H,stomach,0.96,BLOQ,no,0.831311622495038,-0.3363286822344904,False,False
49_04_muscle,Metal_H,muscle,0.03,BLOQ,no,0.6842316646380296,-0.9522482188850661,False,False
49_04_liver,Metal_H,liver,3.34,BLOQ,no,0.6842316646380296,2.357751781114934,False,False
49_04_inksac,Metal_H,inksac,0.18,BLOQ,no,0.6842316646380296,-0.8022482188850661,False,False
49_04_stomach,Metal_H,stomach,3.6,BLOQ,no,0.6842316646380296,2.617751781114934,False,False
26_01_muscle,Metal_H,muscle,0.13,BLOQ,no,0.8569465707928343,-1.225955954999944,False,False
26_01_liver,Metal_H,liver,5.33,BLOQ,no,0.8569465707928343,3.9740440450000563,False,False
26_01_stomach,Metal_H,stomach,0.64,BLOQ,no,0.8569465707928343,-0.7159559549999438,False,False
49_03_muscle,Metal_H,muscle,0.08,BLOQ,no,0.6842316646380296,-0.9022482188850661,False,False
49_03_liver,Metal_H,liver,2.0,BLOQ,no,0.6842316646380296,1.017751781114934,False,False
49_03_inksac,Metal_H,inksac,0.22,BLOQ,no,0.6842316646380296,-0.7622482188850661,False,False
49_03_stomach,Metal_H,stomach,0.42,BLOQ,no,0.6842316646380296,-0.5622482188850662,False,False
47_04_muscle,Metal_H,muscle,0.04,BLOQ,no,0.831311622495038,-1.2563286822344903,False,False
47_11_muscle,Metal_H,muscle,0.07,BLOQ,no,0.831311622495038,-1.2263286822344903,False,False
47_04_liver,Metal_H,liver,2.98,BLOQ,no,0.831311622495038,1.6836713177655096,False,False
47_11_liver,Metal_H,liver,1.22,BLOQ,no,0.831311622495038,-0.07632868223449041,False,False
47_04_inksac,Metal_H,inksac,0.14,BLOQ,no,0.831311622495038,-1.1563286822344905,False,False
47_11_inksac,Metal_H,inksac,0.19,BLOQ,no,0.831311622495038,-1.1063286822344904,False,False
47_04_stomach,Metal_H,stomach,3.09,BLOQ,no,0.831311622495038,1.7936713177655095,False,False
47_11_stomach,Metal_H,stomach,2.74,BLOQ,no,0.831311622495038,1.4436713177655098,False,False
49_14_muscle,Metal_I,muscle,0.01,BLOQ,no,0.09237586374499314,-0.08677698332210457,False,False
49_14_liver,Metal_I,liver,0.08,Detected,no,0.09237586374499314,-0.01677698332210456,False,False
49_14_inksac,Metal_I,inksac,0.0,BLOD,no,0.09237586374499314,-0.09677698332210456,False,False
49_14_stomach,Metal_I,stomach,0.02,BLOQ,no,0.09237586374499314,-0.07677698332210456,False,False
49_07_muscle,Metal_I,muscle,0.01,BLOQ,no,0.09237586374499314,-0.08677698332210457,False,False
49_07_liver,Metal_I,liver,0.09,BLOQ,no,0.09237586374499314,-0.0067769833221045656,False,False
49_07_inksac,Metal_I,inksac,0.0,BLOD,no,0.09237586374499314,-0.09677698332210456,False,False
49_07_stomach,Metal_I,stomach,0.03,BLOQ,no,0.09237586374499314,-0.06677698332210456,False,False
49_11_muscle,Metal_I,muscle,0.02,BLOQ,no,0.09237586374499314,-0.07677698332210456,False,False
49_11_liver,Metal_I,liver,0.03,BLOQ,no,0.09237586374499314,-0.06677698332210456,False,False
49_11_inksac,Metal_I,inksac,0.01,BLOD,no,0.09237586374499314,-0.08677698332210457,False,False
49_11_stomach,Metal_I,stomach,0.01,BLOQ,no,0.09237586374499314,-0.08677698332210457,False,False
49_12_muscle,Metal_I,muscle,0.01,BLOQ,no,0.09237586374499314,-0.08677698332210457,False,False
49_12_liver,Metal_I,liver,0.07,Detected,no,0.09237586374499314,-0.026776983322104556,False,False
49_12_inksac,Metal_I,inksac,0.0,BLOD,no,0.09237586374499314,-0.09677698332210456,False,False
49_12_stomach,Metal_I,stomach,0.03,BLOQ,no,0.09237586374499314,-0.06677698332210456,False,False
49_15_muscle,Metal_I,muscle,0.02,BLOQ,no,0.09237586374499314,-0.07677698332210456,False,False
49_15_liver,Metal_I,liver,0.11,BLOQ,no,0.09237586374499314,0.013223016677895438,False,False
49_15_inksac,Metal_I,inksac,0.0,BLOD,no,0.09237586374499314,-0.09677698332210456,False,False
49_15_stomach,Metal_I,stomach,0.03,BLOQ,no,0.09237586374499314,-0.06677698332210456,False,False
49_10_muscle,Metal_I,muscle,0.02,BLOQ,no,0.09237586374499314,-0.07677698332210456,False,False
49_13_muscle,Metal_I,muscle,0.01,BLOQ,no,0.09237586374499314,-0.08677698332210457,False,False
49_10_liver,Metal_I,liver,0.11,BLOQ,no,0.09237586374499314,0.013223016677895438,False,False
49_13_liver,Metal_I,liver,0.04,BLOQ,no,0.09237586374499314,-0.05677698332210456,False,False
49_10_inksac,Metal_I,inksac,0.0,BLOD,no,0.09237586374499314,-0.09677698332210456,False,False
49_13_inksac,Metal_I,inksac,0.0,BLOD,no,0.09237586374499314,-0.09677698332210456,False,False
49_10_stomach,Metal_I,stomach,0.05,BLOQ,no,0.09237586374499314,-0.04677698332210456,False,False
49_13_stomach,Metal_I,stomach,0.03,BLOQ,no,0.09237586374499314,-0.06677698332210456,False,False
49_08_muscle,Metal_I,muscle,0.02,BLOQ,no,0.09237586374499314,-0.07677698332210456,False,False
49_08_liver,Metal_I,liver,0.1,BLOQ,no,0.09237586374499314,0.0032230166778954433,False,False
49_08_inksac,Metal_I,inksac,0.0,BLOD,no,0.09237586374499314,-0.09677698332210456,False,False
49_08_stomach,Metal_I,stomach,0.03,BLOQ,no,0.09237586374499314,-0.06677698332210456,False,False
60_10_muscle,Metal_I,muscle,0.27,BLOD,no,0.34209550499608077,-0.1378947520762383,False,False
60_10_liver,Metal_I,liver,6.56,BLOQ,no,0.34209550499608077,6.152105247923761,False,False
60_10_stomach,Metal_I,stomach,0.04,BLOQ,no,0.34209550499608077,-0.36789475207623834,False,False
49_06_muscle,Metal_I,muscle,0.0,BLOD,no,0.09237586374499314,-0.09677698332210456,False,False
49_06_liver,Metal_I,liver,0.0,BLOD,no,0.09237586374499314,-0.09677698332210456,False,False
49_06_inksac,Metal_I,inksac,0.01,BLOQ,no,0.09237586374499314,-0.08677698332210457,False,False
49_06_stomach,Metal_I,stomach,0.0,BLOD,no,0.09237586374499314,-0.09677698332210456,False,False
60_09_muscle,Metal_I,muscle,0.28,BLOD,no,0.34209550499608077,-0.1278947520762383,False,False
60_09_liver,Metal_I,liver,4.27,BLOQ,no,0.34209550499608077,3.862105247923761,False,False
60_09_inksac,Metal_I,inksac,0.0,BLOD,no,0.34209550499608077,-0.4078947520762383,False,False
60_09_stomach,Metal_I,stomach,0.05,BLOQ,no,0.34209550499608077,-0.35789475207623833,False,False
49_09_muscle,Metal_I,muscle,0.02,BLOQ,no,0.09237586374499314,-0.07677698332210456,False,False
49_09_liver,Metal_I,liver,0.04,Detected,no,0.09237586374499314,-0.05677698332210456,False,False
49_09_inksac,Metal_I,inksac,0.0,BLOD,no,0.09237586374499314,-0.09677698332210456,False,False
49_09_stomach,Metal_I,stomach,0.02,BLOQ,no,0.09237586374499314,-0.07677698332210456,False,False
65_07_muscle,Metal_I,muscle,0.28,BLOD,no,0.3530772942283592,-0.14344116296791593,False,False
65_07_liver,Metal_I,liver,2.2,BLOQ,no,0.3530772942283592,1.7765588370320842,False,False
65_07_inksac,Metal_I,inksac,0.01,BLOQ,no,0.3530772942283592,-0.41344116296791594,False,False
65_07_stomach,Metal_I,stomach,0.04,BLOQ,no,0.3530772942283592,-0.38344116296791597,False,False
65_06_muscle,Metal_I,muscle,0.27,BLOD,no,0.3530772942283592,-0.15344116296791593,False,False
65_06_liver,Metal_I,liver,4.94,BLOQ,no,0.3530772942283592,4.516558837032084,False,False
65_06_inksac,Metal_I,inksac,0.0,BLOD,no,0.3530772942283592,-0.42344116296791595,False,False
65_06_stomach,Metal_I,stomach,0.02,BLOQ,no,0.3530772942283592,-0.40344116296791593,False,False
65_08_muscle,Metal_I,muscle,0.25,BLOD,no,0.3530772942283592,-0.17344116296791595,False,False
65_08_liver,Metal_I,liver,8.53,BLOQ,no,0.3530772942283592,8.106558837032084,False,False
65_08_stomach,Metal_I,stomach,0.03,BLOQ,no,0.3530772942283592,-0.393441162967916,False,False
60_08_muscle,Metal_I,muscle,0.28,BLOD,no,0.34209550499608077,-0.1278947520762383,False,False
60_08_liver,Metal_I,liver,1.4,BLOQ,no,0.34209550499608077,0.9921052479237615,False,False
60_08_inksac,Metal_I,inksac,0.01,BLOD,no,0.34209550499608077,-0.3978947520762383,False,False
60_08_stomach,Metal_I,stomach,0.05,BLOQ,no,0.34209550499608077,-0.35789475207623833,False,False
60_12_muscle,Metal_I,muscle,0.28,BLOD,no,0.34209550499608077,-0.1278947520762383,False,False
60_12_liver,Metal_I,liver,8.38,BLOQ,no,0.34209550499608077,7.972105247923762,False,False
60_12_inksac,Metal_I,inksac,0.0,BLOD,no,0.34209550499608077,-0.4078947520762383,False,False
60_12_stomach,Metal_I,stomach,0.04,BLOQ,no,0.34209550499608077,-0.36789475207623834,False,False
60_01_muscle,Metal_I,muscle,0.28,BLOD,no,0.34209550499608077,-0.1278947520762383,False,False
60_01_liver,Metal_I,liver,7.7,BLOQ,no,0.34209550499608077,7.292105247923762,False,False
60_01_inksac,Metal_I,inksac,0.01,BLOD,no,0.34209550499608077,-0.3978947520762383,False,False
60_01_stomach,Metal_I,stomach,0.03,BLOQ,no,0.34209550499608077,-0.37789475207623835,False,False
65_01_muscle,Metal_I,muscle,0.27,BLOD,no,0.3530772942283592,-0.15344116296791593,False,False
65_01_liver,Metal_I,liver,0.28,BLOD,no,0.3530772942283592,-0.14344116296791593,False,False
65_01_stomach,Metal_I,stomach,0.04,BLOQ,no,0.3530772942283592,-0.38344116296791597,False,False
28_12_muscle,Metal_I,muscle,0.0,BLOD,no,0.008796123082062346,-0.008834922651190746,False,False
28_12_liver,Metal_I,liver,0.03,Detected,no,0.008796123082062346,0.021165077348809253,False,False
28_12_stomach,Metal_I,stomach,0.03,BLOQ,no,0.008796123082062346,0.021165077348809253,False,False
65_15_muscle,Metal_I,muscle,0.3,BLOD,no,0.3530772942283592,-0.12344116296791596,False,False
65_15_liver,Metal_I,liver,4.8,BLOQ,no,0.3530772942283592,4.376558837032084,False,False
65_15_inksac,Metal_I,inksac,0.0,BLOD,no,0.3530772942283592,-0.42344116296791595,False,False
65_15_stomach,Metal_I,stomach,0.05,BLOQ,no,0.3530772942283592,-0.37344116296791596,False,False
65_09_muscle,Metal_I,muscle,0.26,BLOD,no,0.3530772942283592,-0.16344116296791594,False,False
65_09_liver,Metal_I,liver,9.53,BLOQ,no,0.3530772942283592,9.106558837032084,False,False
65_09_inksac,Metal_I,inksac,0.0,BLOD,no,0.3530772942283592,-0.42344116296791595,False,False
65_09_stomach,Metal_I,stomach,0.04,BLOQ,no,0.3530772942283592,-0.38344116296791597,False,False
65_02_muscle,Metal_I,muscle,0.29,BLOD,no,0.3530772942283592,-0.13344116296791597,False,False
65_12_muscle,Metal_I,muscle,0.26,BLOD,no,0.3530772942283592,-0.16344116296791594,False,False
65_02_liver,Metal_I,liver,2.52,BLOQ,no,0.3530772942283592,2.096558837032084,False,False
65_12_liver,Metal_I,liver,4.34,BLOQ,no,0.3530772942283592,3.916558837032084,False,False
65_02_inksac,Metal_I,inksac,0.01,BLOQ,no,0.3530772942283592,-0.41344116296791594,False,False
65_12_inksac,Metal_I,inksac,0.01,BLOQ,no,0.3530772942283592,-0.41344116296791594,False,False
65_02_stomach,Metal_I,stomach,0.05,BLOQ,no,0.3530772942283592,-0.37344116296791596,False,False
65_12_stomach,Metal_I,stomach,0.02,BLOQ,no,0.3530772942283592,-0.40344116296791593,False,False
60_11_muscle,Metal_I,muscle,0.27,BLOD,no,0.34209550499608077,-0.1378947520762383,False,False
60_11_liver,Metal_I,liver,3.98,BLOQ,no,0.34209550499608077,3.5721052479237616,False,False
60_11_inksac,Metal_I,inksac,0.0,BLOD,no,0.34209550499608077,-0.4078947520762383,False,False
60_11_stomach,Metal_I,stomach,0.03,BLOQ,no,0.34209550499608077,-0.37789475207623835,False,False
60_14_muscle,Metal_I,muscle,0.27,BLOD,no,0.34209550499608077,-0.1378947520762383,False,False
60_14_liver,Metal_I,liver,3.67,BLOQ,no,0.34209550499608077,3.2621052479237616,False,False
60_14_inksac,Metal_I,inksac,0.0,BLOD,no,0.34209550499608077,-0.4078947520762383,False,False
60_14_stomach,Metal_I,stomach,0.05,BLOQ,no,0.34209550499608077,-0.35789475207623833,False,False
60_05_muscle,Metal_I,muscle,0.29,BLOD,no,0.34209550499608077,-0.11789475207623834,False,False
60_05_liver,Metal_I,liver,4.07,BLOQ,no,0.34209550499608077,3.662105247923762,False,False
60_05_inksac,Metal_I,inksac,0.01,BLOD,no,0.34209550499608077,-0.3978947520762383,False,False
60_05_stomach,Metal_I,stomach,0.05,BLOQ,no,0.34209550499608077,-0.35789475207623833,False,False
65_11_muscle,Metal_I,muscle,0.29,BLOD,no,0.3530772942283592,-0.13344116296791597,False,False
65_11_liver,Metal_I,liver,7.9,BLOQ,no,0.3530772942283592,7.476558837032084,False,False
65_11_inksac,Metal_I,inksac,0.0,BLOD,no,0.3530772942283592,-0.42344116296791595,False,False
65_11_stomach,Metal_I,stomach,0.05,BLOQ,no,0.3530772942283592,-0.37344116296791596,False,False
60_13_muscle,Metal_I,muscle,0.29,BLOD,no,0.34209550499608077,-0.11789475207623834,False,False
65_10_muscle,Metal_I,muscle,0.29,BLOD,no,0.3530772942283592,-0.13344116296791597,False,False
60_13_liver,Metal_I,liver,5.3,BLOQ,no,0.34209550499608077,4.8921052479237614,False,False
65_10_liver,Metal_I,liver,4.65,BLOQ,no,0.3530772942283592,4.226558837032084,False,False
60_13_inksac,Metal_I,inksac,0.0,BLOD,no,0.34209550499608077,-0.4078947520762383,False,False
65_10_inksac,Metal_I,inksac,0.0,BLOD,no,0.3530772942283592,-0.42344116296791595,False,False
60_13_stomach,Metal_I,stomach,0.02,BLOQ,no,0.34209550499608077,-0.3878947520762383,False,False
65_10_stomach,Metal_I,stomach,0.05,BLOQ,no,0.3530772942283592,-0.37344116296791596,False,False
60_07_muscle,Metal_I,muscle,0.27,BLOD,no,0.34209550499608077,-0.1378947520762383,False,False
60_07_liver,Metal_I,liver,2.34,BLOQ,no,0.34209550499608077,1.9321052479237615,False,False
60_07_stomach,Metal_I,stomach,0.03,BLOQ,no,0.34209550499608077,-0.37789475207623835,False,False
65_14_muscle,Metal_I,muscle,0.29,BLOD,no,0.3530772942283592,-0.13344116296791597,False,False
65_14_liver,Metal_I,liver,2.89,BLOQ,no,0.3530772942283592,2.466558837032084,False,False
65_14_stomach,Metal_I,stomach,0.04,BLOQ,no,0.3530772942283592,-0.38344116296791597,False,False
28_04_muscle,Metal_I,muscle,0.0,BLOD,no,0.008796123082062346,-0.008834922651190746,False,False
28_04_liver,Metal_I,liver,0.03,Detected,no,0.008796123082062346,0.021165077348809253,False,False
28_04_stomach,Metal_I,stomach,0.02,BLOQ,no,0.008796123082062346,0.011165077348809255,False,False
60_02_muscle,Metal_I,muscle,0.29,BLOD,no,0.34209550499608077,-0.11789475207623834,False,False
60_02_liver,Metal_I,liver,3.61,BLOQ,no,0.34209550499608077,3.2021052479237615,False,False
60_02_inksac,Metal_I,inksac,0.0,BLOD,no,0.34209550499608077,-0.4078947520762383,False,False
60_02_stomach,Metal_I,stomach,0.02,BLOQ,no,0.34209550499608077,-0.3878947520762383,False,False
60_03_muscle,Metal_I,muscle,0.26,BLOD,no,0.34209550499608077,-0.1478947520762383,False,False
60_04_muscle,Metal_I,muscle,0.28,BLOD,no,0.34209550499608077,-0.1278947520762383,False,False
60_03_liver,Metal_I,liver,3.91,BLOQ,no,0.34209550499608077,3.5021052479237618,False,False
60_04_liver,Metal_I,liver,0.29,BLOD,no,0.34209550499608077,-0.11789475207623834,False,False
60_04_inksac,Metal_I,inksac,0.0,BLOD,no,0.34209550499608077,-0.4078947520762383,False,False
60_03_stomach,Metal_I,stomach,0.02,BLOQ,no,0.34209550499608077,-0.3878947520762383,False,False
60_04_stomach,Metal_I,stomach,0.04,BLOQ,no,0.34209550499608077,-0.36789475207623834,False,False
47_12_muscle,Metal_I,muscle,0.0,BLOD,no,0.15015511137355692,-0.16201447041083852,False,False
47_12_liver,Metal_I,liver,0.11,BLOQ,no,0.15015511137355692,-0.05201447041083852,False,False
47_12_inksac,Metal_I,inksac,0.0,BLOD,no,0.15015511137355692,-0.16201447041083852,False,False
47_12_stomach,Metal_I,stomach,0.01,BLOQ,no,0.15015511137355692,-0.15201447041083851,False,False
65_13_muscle,Metal_I,muscle,0.27,BLOD,no,0.3530772942283592,-0.15344116296791593,False,False
65_13_liver,Metal_I,liver,0.87,BLOQ,no,0.3530772942283592,0.44655883703208404,False,False
65_13_inksac,Metal_I,inksac,0.0,BLOD,no,0.3530772942283592,-0.42344116296791595,False,False
65_13_stomach,Metal_I,stomach,0.02,BLOQ,no,0.3530772942283592,-0.40344116296791593,False,False
60_06_muscle,Metal_I,muscle,0.29,BLOD,no,0.34209550499608077,-0.11789475207623834,False,False
60_06_liver,Metal_I,liver,1.2,BLOQ,no,0.34209550499608077,0.7921052479237616,False,False
60_06_inksac,Metal_I,inksac,0.0,BLOD,no,0.34209550499608077,-0.4078947520762383,False,False
60_06_stomach,Metal_I,stomach,0.03,BLOQ,no,0.34209550499608077,-0.37789475207623835,False,False
49_01_muscle,Metal_I,muscle,0.02,BLOQ,no,0.09237586374499314,-0.07677698332210456,False,False
49_01_liver,Metal_I,liver,0.09,BLOQ,no,0.09237586374499314,-0.0067769833221045656,False,False
49_01_stomach,Metal_I,stomach,0.0,BLOD,no,0.09237586374499314,-0.09677698332210456,False,False
26_15_muscle,Metal_I,muscle,0.0,BLOD,no,0.14522427079684977,-0.15629886525869577,False,False
26_15_liver,Metal_I,liver,0.05,Detected,no,0.14522427079684977,-0.10629886525869577,False,False
26_15_stomach,Metal_I,stomach,0.06,BLOQ,no,0.14522427079684977,-0.09629886525869577,False,False
28_10_muscle,Metal_I,muscle,0.0,BLOD,no,0.008796123082062346,-0.008834922651190746,False,False
28_10_liver,Metal_I,liver,0.1,Detected,no,0.008796123082062346,0.09116507734880926,False,False
28_10_stomach,Metal_I,stomach,0.05,BLOQ,no,0.008796123082062346,0.041165077348809254,False,False
60_15_muscle,Metal_I,muscle,0.27,BLOD,no,0.34209550499608077,-0.1378947520762383,False,False
60_15_liver,Metal_I,liver,5.84,BLOQ,no,0.34209550499608077,5.4321052479237615,False,False
60_15_stomach,Metal_I,stomach,0.05,BLOQ,no,0.34209550499608077,-0.35789475207623833,False,False
47_03_muscle,Metal_I,muscle,0.02,BLOQ,no,0.15015511137355692,-0.14201447041083853,False,False
47_03_liver,Metal_I,liver,0.09,BLOQ,no,0.15015511137355692,-0.07201447041083853,False,False
47_03_inksac,Metal_I,inksac,0.0,BLOD,no,0.15015511137355692,-0.16201447041083852,False,False
47_03_stomach,Metal_I,stomach,0.05,BLOQ,no,0.15015511137355692,-0.11201447041083852,False,False
28_08_muscle,Metal_I,muscle,0.0,BLOD,no,0.008796123082062346,-0.008834922651190746,False,False
28_08_liver,Metal_I,liver,0.03,Detected,no,0.008796123082062346,0.021165077348809253,False,False
28_08_stomach,Metal_I,stomach,0.03,BLOQ,no,0.008796123082062346,0.021165077348809253,False,False
26_07_muscle,Metal_I,muscle,0.0,BLOD,no,0.14522427079684977,-0.15629886525869577,False,False
26_07_liver,Metal_I,liver,0.04,BLOQ,no,0.14522427079684977,-0.11629886525869576,False,False
26_07_stomach,Metal_I,stomach,0.06,BLOQ,no,0.14522427079684977,-0.09629886525869577,False,False
65_03_muscle,Metal_I,muscle,0.29,BLOD,no,0.3530772942283592,-0.13344116296791597,False,False
65_03_liver,Metal_I,liver,4.65,BLOQ,no,0.3530772942283592,4.226558837032084,False,False
65_03_inksac,Metal_I,inksac,0.0,BLOD,no,0.3530772942283592,-0.42344116296791595,False,False
65_03_stomach,Metal_I,stomach,0.03,BLOQ,no,0.3530772942283592,-0.393441162967916,False,False
65_04_muscle,Metal_I,muscle,0.27,BLOD,no,0.3530772942283592,-0.15344116296791593,False,False
65_04_liver,Metal_I,liver,1.48,BLOQ,no,0.3530772942283592,1.056558837032084,False,False
65_04_inksac,Metal_I,inksac,0.0,BLOD,no,0.3530772942283592,-0.42344116296791595,False,False
65_04_stomach,Metal_I,stomach,0.02,BLOQ,no,0.3530772942283592,-0.40344116296791593,False,False
26_03_muscle,Metal_I,muscle,0.0,BLOD,no,0.14522427079684977,-0.15629886525869577,False,False
26_03_liver,Metal_I,liver,0.01,Detected,no,0.14522427079684977,-0.14629886525869576,False,False
26_03_stomach,Metal_I,stomach,0.06,BLOQ,no,0.14522427079684977,-0.09629886525869577,False,False
28_11_muscle,Metal_I,muscle,0.0,BLOD,no,0.008796123082062346,-0.008834922651190746,False,False
28_11_liver,Metal_I,liver,0.13,Detected,no,0.008796123082062346,0.12116507734880926,False,False
28_11_stomach,Metal_I,stomach,0.02,BLOQ,no,0.008796123082062346,0.011165077348809255,False,False
47_07_muscle,Metal_I,muscle,0.01,BLOQ,no,0.15015511137355692,-0.15201447041083851,False,False
47_07_liver,Metal_I,liver,0.04,BLOQ,no,0.15015511137355692,-0.12201447041083852,False,False
47_07_inksac,Metal_I,inksac,0.0,BLOD,no,0.15015511137355692,-0.16201447041083852,False,False
47_07_stomach,Metal_I,stomach,0.05,BLOQ,no,0.15015511137355692,-0.11201447041083852,False,False
26_09_muscle,Metal_I,muscle,0.0,BLOD,no,0.14522427079684977,-0.15629886525869577,False,False
26_09_liver,Metal_I,liver,0.12,Detected,no,0.14522427079684977,-0.03629886525869577,False,False
26_09_stomach,Metal_I,stomach,0.06,BLOQ,no,0.14522427079684977,-0.09629886525869577,False,False
65_05_muscle,Metal_I,muscle,0.26,BLOD,no,0.3530772942283592,-0.16344116296791594,False,False
65_05_liver,Metal_I,liver,4.37,BLOQ,no,0.3530772942283592,3.946558837032084,False,False
65_05_stomach,Metal_I,stomach,0.04,BLOQ,no,0.3530772942283592,-0.38344116296791597,False,False
26_08_muscle,Metal_I,muscle,0.0,BLOD,no,0.14522427079684977,-0.15629886525869577,False,False
26_08_liver,Metal_I,liver,0.11,Detected,no,0.14522427079684977,-0.04629886525869577,False,False
26_08_stomach,Metal_I,stomach,0.03,BLOQ,no,0.14522427079684977,-0.12629886525869577,False,False
47_02_muscle,Metal_I,muscle,0.01,BLOQ,no,0.15015511137355692,-0.15201447041083851,False,False
47_02_liver,Metal_I,liver,0.0,BLOD,no,0.15015511137355692,-0.16201447041083852,False,False
47_02_inksac,Metal_I,inksac,0.0,BLOD,no,0.15015511137355692,-0.16201447041083852,False,False
47_02_stomach,Metal_I,stomach,0.03,BLOQ,no,0.15015511137355692,-0.13201447041083852,False,False
28_05_muscle,Metal_I,muscle,0.0,BLOD,no,0.008796123082062346,-0.008834922651190746,False,False
28_05_liver,Metal_I,liver,0.03,BLOQ,no,0.008796123082062346,0.021165077348809253,False,False
28_05_stomach,Metal_I,stomach,0.04,BLOQ,no,0.008796123082062346,0.031165077348809255,False,False
26_04_muscle,Metal_I,muscle,0.0,BLOD,no,0.14522427079684977,-0.15629886525869577,False,False
26_04_liver,Metal_I,liver,0.11,Detected,no,0.14522427079684977,-0.04629886525869577,False,False
26_04_stomach,Metal_I,stomach,0.05,BLOQ,no,0.14522427079684977,-0.10629886525869577,False,False
47_13_muscle,Metal_I,muscle,0.0,BLOD,no,0.15015511137355692,-0.16201447041083852,False,False
47_14_muscle,Metal_I,muscle,0.01,BLOQ,no,0.15015511137355692,-0.15201447041083851,False,False
47_13_liver,Metal_I,liver,0.01,Detected,no,0.15015511137355692,-0.15201447041083851,False,False
47_14_liver,Metal_I,liver,0.07,BLOQ,no,0.15015511137355692,-0.09201447041083852,False,False
47_13_inksac,Metal_I,inksac,0.0,BLOD,no,0.15015511137355692,-0.16201447041083852,False,False
47_14_inksac,Metal_I,inksac,0.0,BLOD,no,0.15015511137355692,-0.16201447041083852,False,False
47_13_stomach,Metal_I,stomach,0.05,BLOQ,no,0.15015511137355692,-0.11201447041083852,False,False
47_14_stomach,Metal_I,stomach,0.05,BLOQ,no,0.15015511137355692,-0.11201447041083852,False,False
28_03_muscle,Metal_I,muscle,0.0,BLOD,no,0.008796123082062346,-0.008834922651190746,False,False
28_03_liver,Metal_I,liver,0.05,Detected,no,0.008796123082062346,0.041165077348809254,False,False
28_03_stomach,Metal_I,stomach,0.03,BLOQ,no,0.008796123082062346,0.021165077348809253,False,False
28_02_muscle,Metal_I,muscle,0.0,BLOD,no,0.008796123082062346,-0.008834922651190746,False,False
28_02_liver,Metal_I,liver,0.05,Detected,no,0.008796123082062346,0.041165077348809254,False,False
28_02_stomach,Metal_I,stomach,0.05,BLOQ,no,0.008796123082062346,0.041165077348809254,False,False
49_05_muscle,Metal_I,muscle,0.01,BLOQ,no,0.09237586374499314,-0.08677698332210457,False,False
49_05_liver,Metal_I,liver,0.1,BLOQ,no,0.09237586374499314,0.0032230166778954433,False,False
49_05_inksac,Metal_I,inksac,0.0,BLOD,no,0.09237586374499314,-0.09677698332210456,False,False
49_05_stomach,Metal_I,stomach,0.03,BLOQ,no,0.09237586374499314,-0.06677698332210456,False,False
28_06_muscle,Metal_I,muscle,0.0,BLOD,no,0.008796123082062346,-0.008834922651190746,False,False
28_06_liver,Metal_I,liver,0.02,Detected,no,0.008796123082062346,0.011165077348809255,False,False
28_06_stomach,Metal_I,stomach,0.01,BLOQ,no,0.008796123082062346,0.0011650773488092545,False,False
28_09_muscle,Metal_I,muscle,0.0,BLOD,no,0.008796123082062346,-0.008834922651190746,False,False
28_09_liver,Metal_I,liver,0.01,Detected,no,0.008796123082062346,0.0011650773488092545,False,False
28_09_stomach,Metal_I,stomach,0.03,BLOQ,no,0.008796123082062346,0.021165077348809253,False,False
49_02_muscle,Metal_I,muscle,0.02,BLOQ,no,0.09237586374499314,-0.07677698332210456,False,False
49_02_liver,Metal_I,liver,0.08,BLOQ,no,0.09237586374499314,-0.01677698332210456,False,False
49_02_inksac,Metal_I,inksac,0.0,BLOD,no,0.09237586374499314,-0.09677698332210456,False,False
49_02_stomach,Metal_I,stomach,0.04,BLOQ,no,0.09237586374499314,-0.05677698332210456,False,False
28_14_muscle,Metal_I,muscle,0.01,BLOQ,no,0.008796123082062346,0.0011650773488092545,False,False
28_14_liver,Metal_I,liver,0.01,Detected,no,0.008796123082062346,0.0011650773488092545,False,False
28_14_stomach,Metal_I,stomach,0.02,BLOQ,no,0.008796123082062346,0.011165077348809255,False,False
26_06_muscle,Metal_I,muscle,0.0,BLOD,no,0.14522427079684977,-0.15629886525869577,False,False
26_06_liver,Metal_I,liver,0.05,BLOQ,no,0.14522427079684977,-0.10629886525869577,False,False
26_06_stomach,Metal_I,stomach,0.06,BLOQ,no,0.14522427079684977,-0.09629886525869577,False,False
47_05_muscle,Metal_I,muscle,0.01,BLOQ,no,0.15015511137355692,-0.15201447041083851,False,False
47_05_liver,Metal_I,liver,0.07,Detected,no,0.15015511137355692,-0.09201447041083852,False,False
47_05_inksac,Metal_I,inksac,0.0,BLOD,no,0.15015511137355692,-0.16201447041083852,False,False
47_05_stomach,Metal_I,stomach,0.05,BLOQ,no,0.15015511137355692,-0.11201447041083852,False,False
28_13_muscle,Metal_I,muscle,0.0,BLOD,no,0.008796123082062346,-0.008834922651190746,False,False
28_13_liver,Metal_I,liver,0.09,Detected,no,0.008796123082062346,0.08116507734880925,False,False
28_13_stomach,Metal_I,stomach,0.04,BLOQ,no,0.008796123082062346,0.031165077348809255,False,False
28_01_muscle,Metal_I,muscle,0.0,BLOD,no,0.008796123082062346,-0.008834922651190746,False,False
28_01_liver,Metal_I,liver,0.08,Detected,no,0.008796123082062346,0.07116507734880925,False,False
28_01_stomach,Metal_I,stomach,0.01,BLOQ,no,0.008796123082062346,0.0011650773488092545,False,False
26_12_muscle,Metal_I,muscle,0.01,BLOQ,no,0.14522427079684977,-0.14629886525869576,False,False
26_12_liver,Metal_I,liver,0.02,Detected,no,0.14522427079684977,-0.13629886525869578,False,False
26_12_stomach,Metal_I,stomach,0.02,BLOQ,no,0.14522427079684977,-0.13629886525869578,False,False
47_06_muscle,Metal_I,muscle,0.02,BLOQ,no,0.15015511137355692,-0.14201447041083853,False,False
47_06_liver,Metal_I,liver,0.0,BLOD,no,0.15015511137355692,-0.16201447041083852,False,False
47_06_inksac,Metal_I,inksac,0.0,BLOD,no,0.15015511137355692,-0.16201447041083852,False,False
47_06_stomach,Metal_I,stomach,0.05,BLOQ,no,0.15015511137355692,-0.11201447041083852,False,False
26_05_muscle,Metal_I,muscle,0.0,BLOD,no,0.14522427079684977,-0.15629886525869577,False,False
26_05_liver,Metal_I,liver,0.13,Detected,no,0.14522427079684977,-0.026298865258695764,False,False
26_05_stomach,Metal_I,stomach,0.06,BLOQ,no,0.14522427079684977,-0.09629886525869577,False,False
28_07_muscle,Metal_I,muscle,0.0,BLOD,no,0.008796123082062346,-0.008834922651190746,False,False
28_07_liver,Metal_I,liver,0.11,Detected,no,0.008796123082062346,0.10116507734880925,False,False
28_07_stomach,Metal_I,stomach,0.01,BLOQ,no,0.008796123082062346,0.0011650773488092545,False,False
47_08_muscle,Metal_I,muscle,0.02,BLOQ,no,0.15015511137355692,-0.14201447041083853,False,False
47_09_muscle,Metal_I,muscle,0.01,BLOQ,no,0.15015511137355692,-0.15201447041083851,False,False
47_08_liver,Metal_I,liver,0.06,Detected,no,0.15015511137355692,-0.10201447041083853,False,False
47_09_liver,Metal_I,liver,0.09,BLOQ,no,0.15015511137355692,-0.07201447041083853,False,False
47_08_inksac,Metal_I,inksac,0.0,BLOD,no,0.15015511137355692,-0.16201447041083852,False,False
47_09_inksac,Metal_I,inksac,0.0,BLOD,no,0.15015511137355692,-0.16201447041083852,False,False
47_08_stomach,Metal_I,stomach,0.02,BLOQ,no,0.15015511137355692,-0.14201447041083853,False,False
47_09_stomach,Metal_I,stomach,0.05,BLOQ,no,0.15015511137355692,-0.11201447041083852,False,False
26_13_muscle,Metal_I,muscle,0.0,BLOD,no,0.14522427079684977,-0.15629886525869577,False,False
26_13_liver,Metal_I,liver,0.04,BLOQ,no,0.14522427079684977,-0.11629886525869576,False,False
26_13_stomach,Metal_I,stomach,0.05,BLOQ,no,0.14522427079684977,-0.10629886525869577,False,False
47_15_muscle,Metal_I,muscle,0.01,BLOQ,no,0.15015511137355692,-0.15201447041083851,False,False
47_15_liver,Metal_I,liver,0.14,BLOQ,no,0.15015511137355692,-0.02201447041083851,False,False
47_15_inksac,Metal_I,inksac,0.0,BLOD,no,0.15015511137355692,-0.16201447041083852,False,False
47_15_stomach,Metal_I,stomach,0.05,BLOQ,no,0.15015511137355692,-0.11201447041083852,False,False
26_14_muscle,Metal_I,muscle,0.0,BLOD,no,0.14522427079684977,-0.15629886525869577,False,False
26_14_liver,Metal_I,liver,0.03,BLOQ,no,0.14522427079684977,-0.12629886525869577,False,False
26_14_stomach,Metal_I,stomach,0.06,BLOQ,no,0.14522427079684977,-0.09629886525869577,False,False
47_10_muscle,Metal_I,muscle,0.01,BLOQ,no,0.15015511137355692,-0.15201447041083851,False,False
47_10_liver,Metal_I,liver,0.06,Detected,no,0.15015511137355692,-0.10201447041083853,False,False
47_10_inksac,Metal_I,inksac,0.0,BLOD,no,0.15015511137355692,-0.16201447041083852,False,False
47_10_stomach,Metal_I,stomach,0.04,BLOQ,no,0.15015511137355692,-0.12201447041083852,False,False
26_02_muscle,Metal_I,muscle,0.0,BLOD,no,0.14522427079684977,-0.15629886525869577,False,False
26_02_liver,Metal_I,liver,0.04,Detected,no,0.14522427079684977,-0.11629886525869576,False,False
26_02_stomach,Metal_I,stomach,0.03,BLOQ,no,0.14522427079684977,-0.12629886525869577,False,False
26_10_muscle,Metal_I,muscle,0.01,BLOQ,no,0.14522427079684977,-0.14629886525869576,False,False
26_10_liver,Metal_I,liver,0.05,Detected,no,0.14522427079684977,-0.10629886525869577,False,False
26_10_stomach,Metal_I,stomach,0.05,BLOQ,no,0.14522427079684977,-0.10629886525869577,False,False
26_11_muscle,Metal_I,muscle,0.01,BLOQ,no,0.14522427079684977,-0.14629886525869576,False,False
26_11_liver,Metal_I,liver,0.04,Detected,no,0.14522427079684977,-0.11629886525869576,False,False
26_11_stomach,Metal_I,stomach,0.05,BLOQ,no,0.14522427079684977,-0.10629886525869577,False,False
28_15_muscle,Metal_I,muscle,0.01,BLOQ,no,0.008796123082062346,0.0011650773488092545,False,False
28_15_liver,Metal_I,liver,0.0,BLOD,no,0.008796123082062346,-0.008834922651190746,False,False
28_15_stomach,Metal_I,stomach,0.03,BLOQ,no,0.008796123082062346,0.021165077348809253,False,False
47_01_muscle,Metal_I,muscle,0.01,BLOQ,no,0.15015511137355692,-0.15201447041083851,False,False
47_01_liver,Metal_I,liver,0.05,Detected,no,0.15015511137355692,-0.11201447041083852,False,False
47_01_inksac,Metal_I,inksac,0.0,BLOD,no,0.15015511137355692,-0.16201447041083852,False,False
47_01_stomach,Metal_I,stomach,0.04,BLOQ,no,0.15015511137355692,-0.12201447041083852,False,False
49_04_muscle,Metal_I,muscle,0.02,BLOQ,no,0.09237586374499314,-0.07677698332210456,False,False
49_04_liver,Metal_I,liver,0.11,BLOQ,no,0.09237586374499314,0.013223016677895438,False,False
49_04_inksac,Metal_I,inksac,0.0,BLOD,no,0.09237586374499314,-0.09677698332210456,False,False
49_04_stomach,Metal_I,stomach,0.01,BLOQ,no,0.09237586374499314,-0.08677698332210457,False,False
26_01_muscle,Metal_I,muscle,0.01,BLOQ,no,0.14522427079684977,-0.14629886525869576,False,False
26_01_liver,Metal_I,liver,0.12,Detected,no,0.14522427079684977,-0.03629886525869577,False,False
26_01_stomach,Metal_I,stomach,0.05,BLOQ,no,0.14522427079684977,-0.10629886525869577,False,False
49_03_muscle,Metal_I,muscle,0.01,BLOQ,no,0.09237586374499314,-0.08677698332210457,False,False
49_03_liver,Metal_I,liver,0.13,BLOQ,no,0.09237586374499314,0.03322301667789544,False,False
49_03_inksac,Metal_I,inksac,0.0,BLOD,no,0.09237586374499314,-0.09677698332210456,False,False
49_03_stomach,Metal_I,stomach,0.02,BLOQ,no,0.09237586374499314,-0.07677698332210456,False,False
47_04_muscle,Metal_I,muscle,0.02,BLOQ,no,0.15015511137355692,-0.14201447041083853,False,False
47_11_muscle,Metal_I,muscle,0.01,BLOQ,no,0.15015511137355692,-0.15201447041083851,False,False
47_04_liver,Metal_I,liver,0.13,BLOQ,no,0.15015511137355692,-0.03201447041083852,False,False
47_11_liver,Metal_I,liver,0.04,Detected,no,0.15015511137355692,-0.12201447041083852,False,False
47_04_inksac,Metal_I,inksac,0.0,BLOD,no,0.15015511137355692,-0.16201447041083852,False,False
47_11_inksac,Metal_I,inksac,0.0,BLOD,no,0.15015511137355692,-0.16201447041083852,False,False
47_04_stomach,Metal_I,stomach,0.04,BLOQ,no,0.15015511137355692,-0.12201447041083852,False,False
47_11_stomach,Metal_I,stomach,0.05,BLOQ,no,0.15015511137355692,-0.11201447041083852,False,False
49_14_muscle,Metal_J,muscle,0.41,Detected,no,0.2294683972249693,0.1520688875188318,False,False
49_14_liver,Metal_J,liver,0.23,Detected,no,0.2294683972249693,-0.02793111248116817,False,False
49_14_inksac,Metal_J,inksac,0.6,Detected,no,0.2294683972249693,0.3420688875188318,False,False
49_14_stomach,Metal_J,stomach,0.4,BLOQ,no,0.2294683972249693,0.14206888751883184,False,False
49_07_muscle,Metal_J,muscle,0.27,Detected,no,0.2294683972249693,0.012068887518831839,False,False
49_07_liver,Metal_J,liver,0.44,Detected,no,0.2294683972249693,0.18206888751883182,False,False
49_07_inksac,Metal_J,inksac,0.2,Detected,no,0.2294683972249693,-0.05793111248116817,False,False
49_07_stomach,Metal_J,stomach,0.88,BLOQ,no,0.2294683972249693,0.6220688875188318,False,False
49_11_muscle,Metal_J,muscle,0.21,Detected,no,0.2294683972249693,-0.04793111248116819,False,False
49_11_liver,Metal_J,liver,0.42,Detected,no,0.2294683972249693,0.1620688875188318,False,False
49_11_inksac,Metal_J,inksac,0.03,Detected,no,0.2294683972249693,-0.22793111248116818,False,False
49_11_stomach,Metal_J,stomach,0.33,BLOQ,no,0.2294683972249693,0.07206888751883184,False,False
49_12_muscle,Metal_J,muscle,0.14,Detected,no,0.2294683972249693,-0.11793111248116817,False,False
49_12_liver,Metal_J,liver,0.38,Detected,no,0.2294683972249693,0.12206888751883183,False,False
49_12_inksac,Metal_J,inksac,0.36,Detected,no,0.2294683972249693,0.10206888751883181,False,False
49_12_stomach,Metal_J,stomach,0.08,Detected,no,0.2294683972249693,-0.17793111248116816,False,False
49_15_muscle,Metal_J,muscle,0.33,Detected,no,0.2294683972249693,0.07206888751883184,False,False
49_15_liver,Metal_J,liver,0.41,Detected,no,0.2294683972249693,0.1520688875188318,False,False
49_15_inksac,Metal_J,inksac,0.58,Detected,no,0.2294683972249693,0.3220688875188318,False,False
49_15_stomach,Metal_J,stomach,0.39,BLOQ,no,0.2294683972249693,0.13206888751883183,False,False
49_10_muscle,Metal_J,muscle,0.23,Detected,no,0.2294683972249693,-0.02793111248116817,False,False
49_13_muscle,Metal_J,muscle,0.28,Detected,no,0.2294683972249693,0.022068887518831848,False,False
49_10_liver,Metal_J,liver,0.34,Detected,no,0.2294683972249693,0.08206888751883185,False,False
49_13_liver,Metal_J,liver,0.38,Detected,no,0.2294683972249693,0.12206888751883183,False,False
49_10_inksac,Metal_J,inksac,0.38,BLOQ,no,0.2294683972249693,0.12206888751883183,False,False
49_13_inksac,Metal_J,inksac,0.07,Detected,no,0.2294683972249693,-0.18793111248116817,False,False
49_10_stomach,Metal_J,stomach,0.57,BLOQ,no,0.2294683972249693,0.3120688875188318,False,False
49_13_stomach,Metal_J,stomach,0.46,BLOQ,no,0.2294683972249693,0.20206888751883184,False,False
49_08_muscle,Metal_J,muscle,0.24,Detected,no,0.2294683972249693,-0.017931112481168188,False,False
49_08_liver,Metal_J,liver,0.3,Detected,no,0.2294683972249693,0.04206888751883181,False,False
49_08_inksac,Metal_J,inksac,0.58,Detected,no,0.2294683972249693,0.3220688875188318,False,False
49_08_stomach,Metal_J,stomach,0.33,BLOQ,no,0.2294683972249693,0.07206888751883184,False,False
60_10_muscle,Metal_J,muscle,0.06,BLOD,no,0.2294683972249693,-0.19793111248116818,False,False
60_10_liver,Metal_J,liver,0.06,BLOD,no,0.2294683972249693,-0.19793111248116818,False,False
60_10_stomach,Metal_J,stomach,0.49,BLOQ,no,0.2294683972249693,0.2320688875188318,False,False
49_06_muscle,Metal_J,muscle,0.2,Detected,no,0.2294683972249693,-0.05793111248116817,False,False
49_06_liver,Metal_J,liver,0.45,Detected,no,0.2294683972249693,0.19206888751883183,False,False
49_06_inksac,Metal_J,inksac,0.25,Detected,no,0.2294683972249693,-0.007931112481168179,False,False
49_06_stomach,Metal_J,stomach,0.08,Detected,no,0.2294683972249693,-0.17793111248116816,False,False
60_09_muscle,Metal_J,muscle,0.06,BLOD,no,0.2294683972249693,-0.19793111248116818,False,False
60_09_liver,Metal_J,liver,0.06,BLOD,no,0.2294683972249693,-0.19793111248116818,False,False
60_09_inksac,Metal_J,inksac,0.04,Detected,no,0.2294683972249693,-0.21793111248116817,False,False
60_09_stomach,Metal_J,stomach,0.05,Detected,no,0.2294683972249693,-0.2079311124811682,False,False
49_09_muscle,Metal_J,muscle,0.47,Detected,no,0.2294683972249693,0.2120688875188318,False,False
49_09_liver,Metal_J,liver,0.26,Detected,no,0.2294683972249693,0.00206888751883183,False,False
49_09_inksac,Metal_J,inksac,0.37,BLOQ,no,0.2294683972249693,0.11206888751883182,False,False
49_09_stomach,Metal_J,stomach,0.0,BLOD,no,0.2294683972249693,-0.2579311124811682,False,False
65_07_muscle,Metal_J,muscle,0.06,BLOD,no,0.2294683972249693,-0.19793111248116818,False,False
65_07_liver,Metal_J,liver,0.06,BLOD,no,0.2294683972249693,-0.19793111248116818,False,False
65_07_inksac,Metal_J,inksac,0.08,Detected,no,0.2294683972249693,-0.17793111248116816,False,False
65_07_stomach,Metal_J,stomach,0.39,BLOQ,no,0.2294683972249693,0.13206888751883183,False,False
65_06_muscle,Metal_J,muscle,0.06,BLOD,no,0.2294683972249693,-0.19793111248116818,False,False
65_06_liver,Metal_J,liver,0.06,BLOD,no,0.2294683972249693,-0.19793111248116818,False,False
65_06_inksac,Metal_J,inksac,0.54,Detected,no,0.2294683972249693,0.28206888751883186,False,False
65_06_stomach,Metal_J,stomach,0.01,Detected,no,0.2294683972249693,-0.24793111248116817,False,False
65_08_muscle,Metal_J,muscle,0.05,BLOD,no,0.2294683972249693,-0.2079311124811682,False,False
65_08_liver,Metal_J,liver,0.06,BLOD,no,0.2294683972249693,-0.19793111248116818,False,False
65_08_stomach,Metal_J,stomach,0.42,BLOQ,no,0.2294683972249693,0.1620688875188318,False,False
60_08_muscle,Metal_J,muscle,0.06,BLOD,no,0.2294683972249693,-0.19793111248116818,False,False
60_08_liver,Metal_J,liver,0.06,BLOD,no,0.2294683972249693,-0.19793111248116818,False,False
60_08_inksac,Metal_J,inksac,0.92,BLOQ,no,0.2294683972249693,0.6620688875188319,False,False
60_08_stomach,Metal_J,stomach,0.58,BLOQ,no,0.2294683972249693,0.3220688875188318,False,False
60_12_muscle,Metal_J,muscle,0.06,BLOD,no,0.2294683972249693,-0.19793111248116818,False,False
60_12_liver,Metal_J,liver,0.06,BLOD,no,0.2294683972249693,-0.19793111248116818,False,False
60_12_inksac,Metal_J,inksac,0.49,Detected,no,0.2294683972249693,0.2320688875188318,False,False
60_12_stomach,Metal_J,stomach,0.44,BLOQ,no,0.2294683972249693,0.18206888751883182,False,False
60_01_muscle,Metal_J,muscle,0.06,BLOD,no,0.2294683972249693,-0.19793111248116818,False,False
60_01_liver,Metal_J,liver,0.06,BLOD,no,0.2294683972249693,-0.19793111248116818,False,False
60_01_inksac,Metal_J,inksac,0.23,Detected,no,0.2294683972249693,-0.02793111248116817,False,False
60_01_stomach,Metal_J,stomach,0.04,Detected,no,0.2294683972249693,-0.21793111248116817,False,False
65_01_muscle,Metal_J,muscle,0.06,BLOD,no,0.2294683972249693,-0.19793111248116818,False,False
65_01_liver,Metal_J,liver,0.06,BLOD,no,0.2294683972249693,-0.19793111248116818,False,False
65_01_stomach,Metal_J,stomach,0.47,BLOQ,no,0.2294683972249693,0.2120688875188318,False,False
28_12_muscle,Metal_J,muscle,0.4,Detected,no,0.2294683972249693,0.14206888751883184,False,False
28_12_liver,Metal_J,liver,0.33,Detected,no,0.2294683972249693,0.07206888751883184,False,False
28_12_stomach,Metal_J,stomach,0.06,BLOD,no,0.2294683972249693,-0.19793111248116818,False,False
65_15_muscle,Metal_J,muscle,0.07,BLOD,no,0.2294683972249693,-0.18793111248116817,False,False
65_15_liver,Metal_J,liver,0.06,BLOD,no,0.2294683972249693,-0.19793111248116818,False,False
65_15_inksac,Metal_J,inksac,0.11,Detected,no,0.2294683972249693,-0.1479311124811682,False,False
65_15_stomach,Metal_J,stomach,0.42,BLOQ,no,0.2294683972249693,0.1620688875188318,False,False
65_09_muscle,Metal_J,muscle,0.06,BLOD,no,0.2294683972249693,-0.19793111248116818,False,False
65_09_liver,Metal_J,liver,0.06,BLOD,no,0.2294683972249693,-0.19793111248116818,False,False
65_09_inksac,Metal_J,inksac,0.55,BLOQ,no,0.2294683972249693,0.29206888751883187,False,False
65_09_stomach,Metal_J,stomach,0.53,BLOQ,no,0.2294683972249693,0.27206888751883185,False,False
65_02_muscle,Metal_J,muscle,0.06,BLOD,no,0.2294683972249693,-0.19793111248116818,False,False
65_12_muscle,Metal_J,muscle,0.06,BLOD,no,0.2294683972249693,-0.19793111248116818,False,False
65_02_liver,Metal_J,liver,0.06,BLOD,no,0.2294683972249693,-0.19793111248116818,False,False
65_12_liver,Metal_J,liver,0.05,BLOD,no,0.2294683972249693,-0.2079311124811682,False,False
65_02_inksac,Metal_J,inksac,0.02,Detected,no,0.2294683972249693,-0.2379311124811682,False,False
65_12_inksac,Metal_J,inksac,0.64,BLOQ,no,0.2294683972249693,0.38206888751883183,False,False
65_02_stomach,Metal_J,stomach,0.05,Detected,no,0.2294683972249693,-0.2079311124811682,False,False
65_12_stomach,Metal_J,stomach,0.49,BLOQ,no,0.2294683972249693,0.2320688875188318,False,False
60_11_muscle,Metal_J,muscle,0.06,BLOD,no,0.2294683972249693,-0.19793111248116818,False,False
60_11_liver,Metal_J,liver,0.06,BLOD,no,0.2294683972249693,-0.19793111248116818,False,False
60_11_inksac,Metal_J,inksac,0.29,BLOQ,no,0.2294683972249693,0.0320688875188318,False,False
60_11_stomach,Metal_J,stomach,0.38,BLOQ,no,0.2294683972249693,0.12206888751883183,False,False
60_14_muscle,Metal_J,muscle,0.06,BLOD,no,0.2294683972249693,-0.19793111248116818,False,False
60_14_liver,Metal_J,liver,0.06,BLOD,no,0.2294683972249693,-0.19793111248116818,False,False
60_14_inksac,Metal_J,inksac,0.03,Detected,no,0.2294683972249693,-0.22793111248116818,False,False
60_14_stomach,Metal_J,stomach,0.53,BLOQ,no,0.2294683972249693,0.27206888751883185,False,False
60_05_muscle,Metal_J,muscle,0.06,BLOD,no,0.2294683972249693,-0.19793111248116818,False,False
60_05_liver,Metal_J,liver,0.06,BLOD,no,0.2294683972249693,-0.19793111248116818,False,False
60_05_inksac,Metal_J,inksac,1.38,Detected,yes,0.2294683972249693,1.1220688875188318,True,True
60_05_stomach,Metal_J,stomach,0.54,BLOQ,no,0.2294683972249693,0.28206888751883186,False,False
65_11_muscle,Metal_J,muscle,0.06,BLOD,no,0.2294683972249693,-0.19793111248116818,False,False
65_11_liver,Metal_J,liver,0.06,BLOD,no,0.2294683972249693,-0.19793111248116818,False,False
65_11_inksac,Metal_J,inksac,0.35,BLOQ,no,0.2294683972249693,0.0920688875188318,False,False
65_11_stomach,Metal_J,stomach,0.04,Detected,no,0.2294683972249693,-0.21793111248116817,False,False
60_13_muscle,Metal_J,muscle,0.06,BLOD,no,0.2294683972249693,-0.19793111248116818,False,False
65_10_muscle,Metal_J,muscle,0.06,BLOD,no,0.2294683972249693,-0.19793111248116818,False,False
60_13_liver,Metal_J,liver,0.06,BLOD,no,0.2294683972249693,-0.19793111248116818,False,False
65_10_liver,Metal_J,liver,0.05,BLOD,no,0.2294683972249693,-0.2079311124811682,False,False
60_13_inksac,Metal_J,inksac,0.22,Detected,no,0.2294683972249693,-0.03793111248116818,False,False
65_10_inksac,Metal_J,inksac,0.36,Detected,no,0.2294683972249693,0.10206888751883181,False,False
60_13_stomach,Metal_J,stomach,0.53,BLOQ,no,0.2294683972249693,0.27206888751883185,False,False
65_10_stomach,Metal_J,stomach,0.38,BLOQ,no,0.2294683972249693,0.12206888751883183,False,False
60_07_muscle,Metal_J,muscle,0.06,BLOD,no,0.2294683972249693,-0.19793111248116818,False,False
60_07_liver,Metal_J,liver,0.06,BLOD,no,0.2294683972249693,-0.19793111248116818,False,False
60_07_stomach,Metal_J,stomach,0.38,BLOQ,no,0.2294683972249693,0.12206888751883183,False,False
65_14_muscle,Metal_J,muscle,0.06,BLOD,no,0.2294683972249693,-0.19793111248116818,False,False
65_14_liver,Metal_J,liver,0.06,BLOD,no,0.2294683972249693,-0.19793111248116818,False,False
65_14_stomach,Metal_J,stomach,0.02,Detected,no,0.2294683972249693,-0.2379311124811682,False,False
28_04_muscle,Metal_J,muscle,0.2,Detected,no,0.2294683972249693,-0.05793111248116817,False,False
28_04_liver,Metal_J,liver,0.38,Detected,no,0.2294683972249693,0.12206888751883183,False,False
28_04_stomach,Metal_J,stomach,0.06,BLOD,no,0.2294683972249693,-0.19793111248116818,False,False
60_02_muscle,Metal_J,muscle,0.06,BLOD,no,0.2294683972249693,-0.19793111248116818,False,False
60_02_liver,Metal_J,liver,0.06,BLOD,no,0.2294683972249693,-0.19793111248116818,False,False
60_02_inksac,Metal_J,inksac,0.54,Detected,no,0.2294683972249693,0.28206888751883186,False,False
60_02_stomach,Metal_J,stomach,0.48,BLOQ,no,0.2294683972249693,0.2220688875188318,False,False
60_03_muscle,Metal_J,muscle,0.06,BLOD,no,0.2294683972249693,-0.19793111248116818,False,False
60_04_muscle,Metal_J,muscle,0.06,BLOD,no,0.2294683972249693,-0.19793111248116818,False,False
60_03_liver,Metal_J,liver,0.06,BLOD,no,0.2294683972249693,-0.19793111248116818,False,False
60_04_liver,Metal_J,liver,0.06,BLOD,no,0.2294683972249693,-0.19793111248116818,False,False
60_04_inksac,Metal_J,inksac,0.42,BLOQ,no,0.2294683972249693,0.1620688875188318,False,False
60_03_stomach,Metal_J,stomach,0.55,BLOQ,no,0.2294683972249693,0.29206888751883187,False,False
60_04_stomach,Metal_J,stomach,0.03,Detected,no,0.2294683972249693,-0.22793111248116818,False,False
47_12_muscle,Metal_J,muscle,0.34,Detected,no,0.2294683972249693,0.08206888751883185,False,False
47_12_liver,Metal_J,liver,0.43,Detected,no,0.2294683972249693,0.17206888751883181,False,False
47_12_inksac,Metal_J,inksac,0.02,Detected,no,0.2294683972249693,-0.2379311124811682,False,False
47_12_stomach,Metal_J,stomach,0.59,BLOQ,no,0.2294683972249693,0.3320688875188318,False,False
65_13_muscle,Metal_J,muscle,0.06,BLOD,no,0.2294683972249693,-0.19793111248116818,False,False
65_13_liver,Metal_J,liver,0.06,BLOD,no,0.2294683972249693,-0.19793111248116818,False,False
65_13_inksac,Metal_J,inksac,0.06,Detected,no,0.2294683972249693,-0.19793111248116818,False,False
65_13_stomach,Metal_J,stomach,0.43,BLOQ,no,0.2294683972249693,0.17206888751883181,False,False
60_06_muscle,Metal_J,muscle,0.06,BLOD,no,0.2294683972249693,-0.19793111248116818,False,False
60_06_liver,Metal_J,liver,0.06,BLOD,no,0.2294683972249693,-0.19793111248116818,False,False
60_06_inksac,Metal_J,inksac,0.58,BLOQ,no,0.2294683972249693,0.3220688875188318,False,False
60_06_stomach,Metal_J,stomach,0.35,BLOQ,no,0.2294683972249693,0.0920688875188318,False,False
49_01_muscle,Metal_J,muscle,0.06,Detected,no,0.2294683972249693,-0.19793111248116818,False,False
49_01_liver,Metal_J,liver,0.24,Detected,no,0.2294683972249693,-0.017931112481168188,False,False
49_01_stomach,Metal_J,stomach,0.55,BLOQ,no,0.2294683972249693,0.29206888751883187,False,False
26_15_muscle,Metal_J,muscle,0.4,Detected,no,0.2294683972249693,0.14206888751883184,False,False
26_15_liver,Metal_J,liver,0.35,Detected,no,0.2294683972249693,0.0920688875188318,False,False
26_15_stomach,Metal_J,stomach,0.06,BLOD,no,0.2294683972249693,-0.19793111248116818,False,False
28_10_muscle,Metal_J,muscle,0.17,Detected,no,0.2294683972249693,-0.08793111248116817,False,False
28_10_liver,Metal_J,liver,0.35,Detected,no,0.2294683972249693,0.0920688875188318,False,False
28_10_stomach,Metal_J,stomach,0.06,BLOD,no,0.2294683972249693,-0.19793111248116818,False,False
60_15_muscle,Metal_J,muscle,0.06,BLOD,no,0.2294683972249693,-0.19793111248116818,False,False
60_15_liver,Metal_J,liver,0.06,BLOD,no,0.2294683972249693,-0.19793111248116818,False,False
60_15_stomach,Metal_J,stomach,0.62,BLOQ,no,0.2294683972249693,0.3620688875188318,False,False
47_03_muscle,Metal_J,muscle,0.29,Detected,no,0.2294683972249693,0.0320688875188318,False,False
47_03_liver,Metal_J,liver,0.36,Detected,no,0.2294683972249693,0.10206888751883181,False,False
47_03_inksac,Metal_J,inksac,0.59,Detected,no,0.2294683972249693,0.3320688875188318,False,False
47_03_stomach,Metal_J,stomach,0.48,BLOQ,no,0.2294683972249693,0.2220688875188318,False,False
28_08_muscle,Metal_J,muscle,0.38,Detected,no,0.2294683972249693,0.12206888751883183,False,False
28_08_liver,Metal_J,liver,0.41,Detected,no,0.2294683972249693,0.1520688875188318,False,False
28_08_stomach,Metal_J,stomach,0.06,BLOD,no,0.2294683972249693,-0.19793111248116818,False,False
26_07_muscle,Metal_J,muscle,0.37,Detected,no,0.2294683972249693,0.11206888751883182,False,False
26_07_liver,Metal_J,liver,0.42,Detected,no,0.2294683972249693,0.1620688875188318,False,False
26_07_stomach,Metal_J,stomach,0.06,BLOD,no,0.2294683972249693,-0.19793111248116818,False,False
65_03_muscle,Metal_J,muscle,0.06,BLOD,no,0.2294683972249693,-0.19793111248116818,False,False
65_03_liver,Metal_J,liver,0.06,BLOD,no,0.2294683972249693,-0.19793111248116818,False,False
65_03_inksac,Metal_J,inksac,0.31,Detected,no,0.2294683972249693,0.05206888751883182,False,False
65_03_stomach,Metal_J,stomach,0.53,BLOQ,no,0.2294683972249693,0.27206888751883185,False,False
65_04_muscle,Metal_J,muscle,0.06,BLOD,no,0.2294683972249693,-0.19793111248116818,False,False
65_04_liver,Metal_J,liver,0.06,BLOD,no,0.2294683972249693,-0.19793111248116818,False,False
65_04_inksac,Metal_J,inksac,0.05,Detected,no,0.2294683972249693,-0.2079311124811682,False,False
65_04_stomach,Metal_J,stomach,0.08,Detected,no,0.2294683972249693,-0.17793111248116816,False,False
26_03_muscle,Metal_J,muscle,0.24,Detected,no,0.2294683972249693,-0.017931112481168188,False,False
26_03_liver,Metal_J,liver,0.43,Detected,no,0.2294683972249693,0.17206888751883181,False,False
26_03_stomach,Metal_J,stomach,0.06,BLOD,no,0.2294683972249693,-0.19793111248116818,False,False
28_11_muscle,Metal_J,muscle,0.23,Detected,no,0.2294683972249693,-0.02793111248116817,False,False
28_11_liver,Metal_J,liver,0.3,Detected,no,0.2294683972249693,0.04206888751883181,False,False
28_11_stomach,Metal_J,stomach,0.06,BLOD,no,0.2294683972249693,-0.19793111248116818,False,False
47_07_muscle,Metal_J,muscle,0.12,Detected,no,0.2294683972249693,-0.13793111248116818,False,False
47_07_liver,Metal_J,liver,0.32,Detected,no,0.2294683972249693,0.06206888751883183,False,False
47_07_inksac,Metal_J,inksac,0.44,Detected,no,0.2294683972249693,0.18206888751883182,False,False
47_07_stomach,Metal_J,stomach,0.41,BLOQ,no,0.2294683972249693,0.1520688875188318,False,False
26_09_muscle,Metal_J,muscle,0.33,Detected,no,0.2294683972249693,0.07206888751883184,False,False
26_09_liver,Metal_J,liver,0.4,Detected,no,0.2294683972249693,0.14206888751883184,False,False
26_09_stomach,Metal_J,stomach,0.06,BLOD,no,0.2294683972249693,-0.19793111248116818,False,False
65_05_muscle,Metal_J,muscle,0.06,BLOD,no,0.2294683972249693,-0.19793111248116818,False,False
65_05_liver,Metal_J,liver,0.06,BLOD,no,0.2294683972249693,-0.19793111248116818,False,False
65_05_stomach,Metal_J,stomach,0.59,BLOQ,no,0.2294683972249693,0.3320688875188318,False,False
26_08_muscle,Metal_J,muscle,0.37,Detected,no,0.2294683972249693,0.11206888751883182,False,False
26_08_liver,Metal_J,liver,0.36,Detected,no,0.2294683972249693,0.10206888751883181,False,False
26_08_stomach,Metal_J,stomach,0.06,BLOD,no,0.2294683972249693,-0.19793111248116818,False,False
47_02_muscle,Metal_J,muscle,0.16,Detected,no,0.2294683972249693,-0.09793111248116818,False,False
47_02_liver,Metal_J,liver,0.36,Detected,no,0.2294683972249693,0.10206888751883181,False,False
47_02_inksac,Metal_J,inksac,0.18,Detected,no,0.2294683972249693,-0.07793111248116819,False,False
47_02_stomach,Metal_J,stomach,0.6,BLOQ,no,0.2294683972249693,0.3420688875188318,False,False
28_05_muscle,Metal_J,muscle,0.2,Detected,no,0.2294683972249693,-0.05793111248116817,False,False
28_05_liver,Metal_J,liver,0.39,Detected,no,0.2294683972249693,0.13206888751883183,False,False
28_05_stomach,Metal_J,stomach,0.06,BLOD,no,0.2294683972249693,-0.19793111248116818,False,False
26_04_muscle,Metal_J,muscle,0.19,Detected,no,0.2294683972249693,-0.06793111248116818,False,False
26_04_liver,Metal_J,liver,0.32,Detected,no,0.2294683972249693,0.06206888751883183,False,False
26_04_stomach,Metal_J,stomach,0.06,BLOD,no,0.2294683972249693,-0.19793111248116818,False,False
47_13_muscle,Metal_J,muscle,0.33,Detected,no,0.2294683972249693,0.07206888751883184,False,False
47_14_muscle,Metal_J,muscle,0.21,Detected,no,0.2294683972249693,-0.04793111248116819,False,False
47_13_liver,Metal_J,liver,0.45,Detected,no,0.2294683972249693,0.19206888751883183,False,False
47_14_liver,Metal_J,liver,0.37,Detected,no,0.2294683972249693,0.11206888751883182,False,False
47_13_inksac,Metal_J,inksac,0.27,Detected,no,0.2294683972249693,0.012068887518831839,False,False
47_14_inksac,Metal_J,inksac,0.1,Detected,no,0.2294683972249693,-0.15793111248116817,False,False
47_13_stomach,Metal_J,stomach,0.3,BLOQ,no,0.2294683972249693,0.04206888751883181,False,False
47_14_stomach,Metal_J,stomach,0.59,BLOQ,no,0.2294683972249693,0.3320688875188318,False,False
28_03_muscle,Metal_J,muscle,0.39,Detected,no,0.2294683972249693,0.13206888751883183,False,False
28_03_liver,Metal_J,liver,0.45,Detected,no,0.2294683972249693,0.19206888751883183,False,False
28_03_stomach,Metal_J,stomach,0.06,BLOD,no,0.2294683972249693,-0.19793111248116818,False,False
28_02_muscle,Metal_J,muscle,0.26,Detected,no,0.2294683972249693,0.00206888751883183,False,False
28_02_liver,Metal_J,liver,0.54,Detected,no,0.2294683972249693,0.28206888751883186,False,False
28_02_stomach,Metal_J,stomach,0.06,BLOD,no,0.2294683972249693,-0.19793111248116818,False,False
49_05_muscle,Metal_J,muscle,0.49,Detected,no,0.2294683972249693,0.2320688875188318,False,False
49_05_liver,Metal_J,liver,0.21,Detected,no,0.2294683972249693,-0.04793111248116819,False,False
49_05_inksac,Metal_J,inksac,0.48,BLOQ,no,0.2294683972249693,0.2220688875188318,False,False
49_05_stomach,Metal_J,stomach,0.47,BLOQ,no,0.2294683972249693,0.2120688875188318,False,False
28_06_muscle,Metal_J,muscle,0.23,Detected,no,0.2294683972249693,-0.02793111248116817,False,False
28_06_liver,Metal_J,liver,0.44,Detected,no,0.2294683972249693,0.18206888751883182,False,False
28_06_stomach,Metal_J,stomach,0.06,BLOD,no,0.2294683972249693,-0.19793111248116818,False,False
28_09_muscle,Metal_J,muscle,0.24,Detected,no,0.2294683972249693,-0.017931112481168188,False,False
28_09_liver,Metal_J,liver,0.47,Detected,no,0.2294683972249693,0.2120688875188318,False,False
28_09_stomach,Metal_J,stomach,0.06,BLOD,no,0.2294683972249693,-0.19793111248116818,False,False
49_02_muscle,Metal_J,muscle,0.26,Detected,no,0.2294683972249693,0.00206888751883183,False,False
49_02_liver,Metal_J,liver,0.24,Detected,no,0.2294683972249693,-0.017931112481168188,False,False
49_02_inksac,Metal_J,inksac,0.42,Detected,no,0.2294683972249693,0.1620688875188318,False,False
49_02_stomach,Metal_J,stomach,0.5,BLOQ,no,0.2294683972249693,0.24206888751883182,False,False
28_14_muscle,Metal_J,muscle,0.39,Detected,no,0.2294683972249693,0.13206888751883183,False,False
28_14_liver,Metal_J,liver,0.49,Detected,no,0.2294683972249693,0.2320688875188318,False,False
28_14_stomach,Metal_J,stomach,0.06,BLOD,no,0.2294683972249693,-0.19793111248116818,False,False
26_06_muscle,Metal_J,muscle,0.24,Detected,no,0.2294683972249693,-0.017931112481168188,False,False
26_06_liver,Metal_J,liver,0.34,Detected,no,0.2294683972249693,0.08206888751883185,False,False
26_06_stomach,Metal_J,stomach,0.06,BLOD,no,0.2294683972249693,-0.19793111248116818,False,False
47_05_muscle,Metal_J,muscle,0.42,Detected,no,0.2294683972249693,0.1620688875188318,False,False
47_05_liver,Metal_J,liver,0.45,Detected,no,0.2294683972249693,0.19206888751883183,False,False
47_05_inksac,Metal_J,inksac,0.37,Detected,no,0.2294683972249693,0.11206888751883182,False,False
47_05_stomach,Metal_J,stomach,0.34,BLOQ,no,0.2294683972249693,0.08206888751883185,False,False
28_13_muscle,Metal_J,muscle,0.43,Detected,no,0.2294683972249693,0.17206888751883181,False,False
28_13_liver,Metal_J,liver,0.32,Detected,no,0.2294683972249693,0.06206888751883183,False,False
28_13_stomach,Metal_J,stomach,0.06,BLOD,no,0.2294683972249693,-0.19793111248116818,False,False
28_01_muscle,Metal_J,muscle,0.28,Detected,no,0.2294683972249693,0.022068887518831848,False,False
28_01_liver,Metal_J,liver,0.3,Detected,no,0.2294683972249693,0.04206888751883181,False,False
28_01_stomach,Metal_J,stomach,0.06,BLOD,no,0.2294683972249693,-0.19793111248116818,False,False
26_12_muscle,Metal_J,muscle,0.28,Detected,no,0.2294683972249693,0.022068887518831848,False,False
26_12_liver,Metal_J,liver,0.37,Detected,no,0.2294683972249693,0.11206888751883182,False,False
26_12_stomach,Metal_J,stomach,0.06,BLOD,no,0.2294683972249693,-0.19793111248116818,False,False
47_06_muscle,Metal_J,muscle,0.14,Detected,no,0.2294683972249693,-0.11793111248116817,False,False
47_06_liver,Metal_J,liver,0.48,Detected,no,0.2294683972249693,0.2220688875188318,False,False
47_06_inksac,Metal_J,inksac,0.38,Detected,no,0.2294683972249693,0.12206888751883183,False,False
47_06_stomach,Metal_J,stomach,0.35,BLOQ,no,0.2294683972249693,0.0920688875188318,False,False
26_05_muscle,Metal_J,muscle,0.21,Detected,no,0.2294683972249693,-0.04793111248116819,False,False
26_05_liver,Metal_J,liver,0.29,Detected,no,0.2294683972249693,0.0320688875188318,False,False
26_05_stomach,Metal_J,stomach,0.06,BLOD,no,0.2294683972249693,-0.19793111248116818,False,False
28_07_muscle,Metal_J,muscle,0.24,Detected,no,0.2294683972249693,-0.017931112481168188,False,False
28_07_liver,Metal_J,liver,0.5,Detected,no,0.2294683972249693,0.24206888751883182,False,False
28_07_stomach,Metal_J,stomach,0.06,BLOD,no,0.2294683972249693,-0.19793111248116818,False,False
47_08_muscle,Metal_J,muscle,0.35,Detected,no,0.2294683972249693,0.0920688875188318,False,False
47_09_muscle,Metal_J,muscle,0.47,Detected,no,0.2294683972249693,0.2120688875188318,False,False
47_08_liver,Metal_J,liver,0.45,Detected,no,0.2294683972249693,0.19206888751883183,False,False
47_09_liver,Metal_J,liver,0.29,Detected,no,0.2294683972249693,0.0320688875188318,False,False
47_08_inksac,Metal_J,inksac,0.59,BLOQ,no,0.2294683972249693,0.3320688875188318,False,False
47_09_inksac,Metal_J,inksac,0.41,BLOQ,no,0.2294683972249693,0.1520688875188318,False,False
47_08_stomach,Metal_J,stomach,0.36,BLOQ,no,0.2294683972249693,0.10206888751883181,False,False
47_09_stomach,Metal_J,stomach,0.56,BLOQ,no,0.2294683972249693,0.3020688875188319,False,False
26_13_muscle,Metal_J,muscle,0.23,Detected,no,0.2294683972249693,-0.02793111248116817,False,False
26_13_liver,Metal_J,liver,0.46,Detected,no,0.2294683972249693,0.20206888751883184,False,False
26_13_stomach,Metal_J,stomach,0.06,BLOD,no,0.2294683972249693,-0.19793111248116818,False,False
47_15_muscle,Metal_J,muscle,0.32,Detected,no,0.2294683972249693,0.06206888751883183,False,False
47_15_liver,Metal_J,liver,0.31,Detected,no,0.2294683972249693,0.05206888751883182,False,False
47_15_inksac,Metal_J,inksac,0.05,Detected,no,0.2294683972249693,-0.2079311124811682,False,False
47_15_stomach,Metal_J,stomach,0.61,BLOQ,no,0.2294683972249693,0.3520688875188318,False,False
26_14_muscle,Metal_J,muscle,0.33,Detected,no,0.2294683972249693,0.07206888751883184,False,False
26_14_liver,Metal_J,liver,0.44,Detected,no,0.2294683972249693,0.18206888751883182,False,False
26_14_stomach,Metal_J,stomach,0.06,BLOD,no,0.2294683972249693,-0.19793111248116818,False,False
47_10_muscle,Metal_J,muscle,0.41,Detected,no,0.2294683972249693,0.1520688875188318,False,False
47_10_liver,Metal_J,liver,0.42,Detected,no,0.2294683972249693,0.1620688875188318,False,False
47_10_inksac,Metal_J,inksac,0.13,Detected,no,0.2294683972249693,-0.12793111248116817,False,False
47_10_stomach,Metal_J,stomach,0.45,BLOQ,no,0.2294683972249693,0.19206888751883183,False,False
26_02_muscle,Metal_J,muscle,0.56,Detected,no,0.2294683972249693,0.3020688875188319,False,False
26_02_liver,Metal_J,liver,0.49,Detected,no,0.2294683972249693,0.2320688875188318,False,False
26_02_stomach,Metal_J,stomach,0.06,BLOD,no,0.2294683972249693,-0.19793111248116818,False,False
26_10_muscle,Metal_J,muscle,0.52,Detected,no,0.2294683972249693,0.26206888751883184,False,False
26_10_liver,Metal_J,liver,0.46,Detected,no,0.2294683972249693,0.20206888751883184,False,False
26_10_stomach,Metal_J,stomach,0.05,BLOD,no,0.2294683972249693,-0.2079311124811682,False,False
26_11_muscle,Metal_J,muscle,0.37,Detected,no,0.2294683972249693,0.11206888751883182,False,False
26_11_liver,Metal_J,liver,0.45,Detected,no,0.2294683972249693,0.19206888751883183,False,False
26_11_stomach,Metal_J,stomach,0.06,BLOD,no,0.2294683972249693,-0.19793111248116818,False,False
28_15_muscle,Metal_J,muscle,0.31,Detected,no,0.2294683972249693,0.05206888751883182,False,False
28_15_liver,Metal_J,liver,0.32,Detected,no,0.2294683972249693,0.06206888751883183,False,False
28_15_stomach,Metal_J,stomach,0.06,BLOD,no,0.2294683972249693,-0.19793111248116818,False,False
47_01_muscle,Metal_J,muscle,0.15,Detected,no,0.2294683972249693,-0.10793111248116818,False,False
47_01_liver,Metal_J,liver,0.36,Detected,no,0.2294683972249693,0.10206888751883181,False,False
47_01_inksac,Metal_J,inksac,0.47,BLOQ,no,0.2294683972249693,0.2120688875188318,False,False
47_01_stomach,Metal_J,stomach,0.55,BLOQ,no,0.2294683972249693,0.29206888751883187,False,False
49_04_muscle,Metal_J,muscle,0.36,Detected,no,0.2294683972249693,0.10206888751883181,False,False
49_04_liver,Metal_J,liver,0.34,Detected,no,0.2294683972249693,0.08206888751883185,False,False
49_04_inksac,Metal_J,inksac,0.61,Detected,no,0.2294683972249693,0.3520688875188318,False,False
49_04_stomach,Metal_J,stomach,0.6,BLOQ,no,0.2294683972249693,0.3420688875188318,False,False
26_01_muscle,Metal_J,muscle,0.42,Detected,no,0.2294683972249693,0.1620688875188318,False,False
26_01_liver,Metal_J,liver,0.33,Detected,no,0.2294683972249693,0.07206888751883184,False,False
26_01_stomach,Metal_J,stomach,0.06,BLOD,no,0.2294683972249693,-0.19793111248116818,False,False
49_03_muscle,Metal_J,muscle,0.26,Detected,no,0.2294683972249693,0.00206888751883183,False,False
49_03_liver,Metal_J,liver,0.43,Detected,no,0.2294683972249693,0.17206888751883181,False,False
49_03_inksac,Metal_J,inksac,0.63,Detected,no,0.2294683972249693,0.3720688875188318,False,False
49_03_stomach,Metal_J,stomach,0.37,BLOQ,no,0.2294683972249693,0.11206888751883182,False,False
47_04_muscle,Metal_J,muscle,0.07,Detected,no,0.2294683972249693,-0.18793111248116817,False,False
47_11_muscle,Metal_J,muscle,0.43,Detected,no,0.2294683972249693,0.17206888751883181,False,False
47_04_liver,Metal_J,liver,0.28,Detected,no,0.2294683972249693,0.022068887518831848,False,False
47_11_liver,Metal_J,liver,0.4,Detected,no,0.2294683972249693,0.14206888751883184,False,False
47_04_inksac,Metal_J,inksac,0.4,Detected,no,0.2294683972249693,0.14206888751883184,False,False
47_11_inksac,Metal_J,inksac,0.54,BLOQ,no,0.2294683972249693,0.28206888751883186,False,False
47_04_stomach,Metal_J,stomach,0.0,BLOD,no,0.2294683972249693,-0.2579311124811682,False,False
47_11_stomach,Metal_J,stomach,0.02,Detected,no,0.2294683972249693,-0.2379311124811682,False,False
49_14_muscle,Organic_A,muscle,0.179,Detected,no,0.44972933084496325,-0.38888774919958563,False,False
49_14_liver,Organic_A,liver,0.0,BLOD,no,0.44972933084496325,-0.5678877491995856,False,False
49_14_inksac,Organic_A,inksac,1.73,Detected,no,0.44972933084496325,1.1621122508004142,False,False
49_14_stomach,Organic_A,stomach,0.606,Detected,no,0.44972933084496325,0.03811225080041436,False,False
49_07_muscle,Organic_A,muscle,0.262,Detected,no,0.44972933084496325,-0.3058877491995856,False,False
49_07_liver,Organic_A,liver,0.0,BLOD,no,0.44972933084496325,-0.5678877491995856,False,False
49_07_inksac,Organic_A,inksac,0.0,BLOD,no,0.44972933084496325,-0.5678877491995856,False,False
49_07_stomach,Organic_A,stomach,0.0,BLOD,no,0.44972933084496325,-0.5678877491995856,False,False
49_11_muscle,Organic_A,muscle,0.0,BLOD,no,0.44972933084496325,-0.5678877491995856,False,False
49_11_liver,Organic_A,liver,0.0,BLOD,no,0.44972933084496325,-0.5678877491995856,False,False
49_11_inksac,Organic_A,inksac,1.116,Detected,no,0.44972933084496325,0.5481122508004145,False,False
49_11_stomach,Organic_A,stomach,0.115,Detected,no,0.44972933084496325,-0.45288774919958563,False,False
49_12_muscle,Organic_A,muscle,1.438,Detected,no,0.44972933084496325,0.8701122508004143,False,False
49_12_liver,Organic_A,liver,0.0,BLOD,no,0.44972933084496325,-0.5678877491995856,False,False
49_12_inksac,Organic_A,inksac,7.097,Detected,yes,0.44972933084496325,6.529112250800415,False,True
49_12_stomach,Organic_A,stomach,0.0,BLOD,no,0.44972933084496325,-0.5678877491995856,False,False
49_15_muscle,Organic_A,muscle,0.295,Detected,no,0.44972933084496325,-0.27288774919958564,False,False
49_15_liver,Organic_A,liver,0.0,BLOD,no,0.44972933084496325,-0.5678877491995856,False,False
49_15_inksac,Organic_A,inksac,1.893,Detected,no,0.44972933084496325,1.3251122508004145,False,False
49_15_stomach,Organic_A,stomach,0.0,BLOD,no,0.44972933084496325,-0.5678877491995856,False,False
49_10_muscle,Organic_A,muscle,0.163,Detected,no,0.44972933084496325,-0.4048877491995856,False,False
49_13_muscle,Organic_A,muscle,0.237,Detected,no,0.44972933084496325,-0.33088774919958563,False,False
49_10_liver,Organic_A,liver,0.0,BLOD,no,0.44972933084496325,-0.5678877491995856,False,False
49_13_liver,Organic_A,liver,0.0,BLOD,no,0.44972933084496325,-0.5678877491995856,False,False
49_10_inksac,Organic_A,inksac,0.0,BLOD,no,0.44972933084496325,-0.5678877491995856,False,False
49_13_inksac,Organic_A,inksac,0.562,Detected,no,0.44972933084496325,-0.005887749199585568,False,False
49_10_stomach,Organic_A,stomach,0.0,BLOD,no,0.44972933084496325,-0.5678877491995856,False,False
49_13_stomach,Organic_A,stomach,0.127,Detected,no,0.44972933084496325,-0.4408877491995856,False,False
49_08_muscle,Organic_A,muscle,0.193,Detected,no,0.44972933084496325,-0.3748877491995856,False,False
49_08_liver,Organic_A,liver,0.0,BLOD,no,0.44972933084496325,-0.5678877491995856,False,False
49_08_inksac,Organic_A,inksac,0.64,Detected,no,0.44972933084496325,0.07211225080041439,False,False
49_08_stomach,Organic_A,stomach,0.0,BLOD,no,0.44972933084496325,-0.5678877491995856,False,False
60_10_muscle,Organic_A,muscle,0.04,Detected,no,1.4310112013829648,-3.1429268354643702,False,False
60_10_liver,Organic_A,liver,119.816,Detected,no,1.4310112013829648,116.63307316453563,False,False
60_10_stomach,Organic_A,stomach,25.0,BLOQ,no,1.4310112013829648,21.81707316453563,False,False
49_06_muscle,Organic_A,muscle,0.262,Detected,no,0.44972933084496325,-0.3058877491995856,False,False
49_06_liver,Organic_A,liver,0.0,BLOD,no,0.44972933084496325,-0.5678877491995856,False,False
49_06_inksac,Organic_A,inksac,1.612,Detected,no,0.44972933084496325,1.0441122508004144,False,False
49_06_stomach,Organic_A,stomach,0.097,Detected,no,0.44972933084496325,-0.47088774919958565,False,False
60_09_muscle,Organic_A,muscle,0.087,Detected,no,1.4310112013829648,-3.09592683546437,False,False
60_09_liver,Organic_A,liver,29.188,Detected,no,1.4310112013829648,26.005073164535627,False,False
60_09_inksac,Organic_A,inksac,0.327,Detected,no,1.4310112013829648,-2.8559268354643703,False,False
60_09_stomach,Organic_A,stomach,1.274,Detected,no,1.4310112013829648,-1.9089268354643703,False,False
49_09_muscle,Organic_A,muscle,0.132,Detected,no,0.44972933084496325,-0.4358877491995856,False,False
49_09_liver,Organic_A,liver,0.0,BLOD,no,0.44972933084496325,-0.5678877491995856,False,False
49_09_inksac,Organic_A,inksac,4.641,Detected,no,0.44972933084496325,4.073112250800414,False,False
49_09_stomach,Organic_A,stomach,0.0,BLOD,no,0.44972933084496325,-0.5678877491995856,False,False
65_07_muscle,Organic_A,muscle,0.041,Detected,no,1.2907109049323704,-2.5943700398305247,False,False
65_07_liver,Organic_A,liver,0.0,BLOD,no,1.2907109049323704,-2.6353700398305246,False,False
65_07_stomach,Organic_A,stomach,25.0,BLOQ,no,1.2907109049323704,22.364629960169474,False,False
65_06_muscle,Organic_A,muscle,0.067,Detected,no,1.2907109049323704,-2.5683700398305245,False,False
65_06_liver,Organic_A,liver,0.0,BLOD,no,1.2907109049323704,-2.6353700398305246,False,False
65_06_inksac,Organic_A,inksac,0.0,BLOD,no,1.2907109049323704,-2.6353700398305246,False,False
65_06_stomach,Organic_A,stomach,25.0,BLOQ,no,1.2907109049323704,22.364629960169474,False,False
65_08_muscle,Organic_A,muscle,0.171,Detected,no,1.2907109049323704,-2.464370039830525,False,False
65_08_liver,Organic_A,liver,80.672,Detected,no,1.2907109049323704,78.03662996016948,False,False
65_08_stomach,Organic_A,stomach,2.207,Detected,yes,1.2907109049323704,-0.4283700398305248,False,True
60_08_muscle,Organic_A,muscle,2.5,BLOQ,no,1.4310112013829648,-0.6829268354643703,False,False
60_08_liver,Organic_A,liver,0.0,BLOD,no,1.4310112013829648,-3.1829268354643703,False,False
60_08_stomach,Organic_A,stomach,25.0,BLOQ,no,1.4310112013829648,21.81707316453563,False,False
60_12_muscle,Organic_A,muscle,2.5,BLOQ,no,1.4310112013829648,-0.6829268354643703,False,False
60_12_liver,Organic_A,liver,61.925,Detected,no,1.4310112013829648,58.742073164535626,False,False
60_12_inksac,Organic_A,inksac,0.971,Detected,no,1.4310112013829648,-2.21192683546437,False,False
60_12_stomach,Organic_A,stomach,0.271,Detected,no,1.4310112013829648,-2.9119268354643704,False,False
60_01_muscle,Organic_A,muscle,0.06,Detected,no,1.4310112013829648,-3.12292683546437,False,False
60_01_liver,Organic_A,liver,20.997,Detected,no,1.4310112013829648,17.81407316453563,False,False
60_01_inksac,Organic_A,inksac,0.143,Detected,no,1.4310112013829648,-3.0399268354643705,False,False
60_01_stomach,Organic_A,stomach,0.449,Detected,no,1.4310112013829648,-2.7339268354643704,False,False
65_01_muscle,Organic_A,muscle,2.5,BLOQ,,1.2907109049323704,-0.13537003983052465,False,False
65_01_liver,Organic_A,liver,262.029,Detected,no,1.2907109049323704,259.39362996016945,True,True
65_01_stomach,Organic_A,stomach,25.0,BLOQ,no,1.2907109049323704,22.364629960169474,False,False
28_12_muscle,Organic_A,muscle,0.0,BLOD,no,0.8216118277047536,-1.2741624430257315,False,False
28_12_liver,Organic_A,liver,8.709,Detected,no,0.8216118277047536,7.434837556974268,False,False
28_12_stomach,Organic_A,stomach,0.0,BLOD,no,0.8216118277047536,-1.2741624430257315,False,False
65_15_muscle,Organic_A,muscle,0.11,Detected,no,1.2907109049323704,-2.5253700398305248,False,False
65_15_liver,Organic_A,liver,0.0,BLOD,no,1.2907109049323704,-2.6353700398305246,False,False
65_15_inksac,Organic_A,inksac,1.982,Detected,no,1.2907109049323704,-0.6533700398305247,False,False
65_15_stomach,Organic_A,stomach,25.0,BLOQ,no,1.2907109049323704,22.364629960169474,False,False
65_09_muscle,Organic_A,muscle,0.164,Detected,no,1.2907109049323704,-2.4713700398305245,False,False
65_09_liver,Organic_A,liver,0.0,BLOD,no,1.2907109049323704,-2.6353700398305246,False,False
65_09_stomach,Organic_A,stomach,25.0,BLOQ,no,1.2907109049323704,22.364629960169474,False,False
65_02_muscle,Organic_A,muscle,2.5,BLOQ,,1.2907109049323704,-0.13537003983052465,False,False
65_12_muscle,Organic_A,muscle,0.198,Detected,no,1.2907109049323704,-2.4373700398305247,False,False
65_02_liver,Organic_A,liver,333.896,Detected,no,1.2907109049323704,331.26062996016947,True,True
65_12_liver,Organic_A,liver,0.0,BLOD,no,1.2907109049323704,-2.6353700398305246,False,False
65_02_inksac,Organic_A,inksac,0.0,BLOD,no,1.2907109049323704,-2.6353700398305246,False,False
65_12_inksac,Organic_A,inksac,0.258,Detected,no,1.2907109049323704,-2.3773700398305246,False,False
65_02_stomach,Organic_A,stomach,25.0,BLOQ,no,1.2907109049323704,22.364629960169474,False,False
65_12_stomach,Organic_A,stomach,25.0,BLOQ,no,1.2907109049323704,22.364629960169474,False,False
60_11_muscle,Organic_A,muscle,2.5,BLOQ,no,1.4310112013829648,-0.6829268354643703,False,False
60_11_liver,Organic_A,liver,46.201,Detected,no,1.4310112013829648,43.01807316453563,False,False
60_11_stomach,Organic_A,stomach,25.0,BLOQ,no,1.4310112013829648,21.81707316453563,False,False
60_14_muscle,Organic_A,muscle,2.5,BLOQ,,1.4310112013829648,-0.6829268354643703,False,False
60_14_liver,Organic_A,liver,279.327,Detected,no,1.4310112013829648,276.14407316453565,True,True
60_14_inksac,Organic_A,inksac,0.409,Detected,no,1.4310112013829648,-2.7739268354643705,False,False
60_14_stomach,Organic_A,stomach,0.262,Detected,no,1.4310112013829648,-2.9209268354643703,False,False
60_05_muscle,Organic_A,muscle,2.5,BLOQ,no,1.4310112013829648,-0.6829268354643703,False,False
60_05_liver,Organic_A,liver,47.917,Detected,no,1.4310112013829648,44.73407316453563,False,False
60_05_inksac,Organic_A,inksac,0.379,Detected,no,1.4310112013829648,-2.8039268354643703,False,False
60_05_stomach,Organic_A,stomach,0.361,Detected,no,1.4310112013829648,-2.82192683546437,False,False
65_11_muscle,Organic_A,muscle,0.096,Detected,no,1.2907109049323704,-2.5393700398305246,False,False
65_11_liver,Organic_A,liver,15.709,Detected,no,1.2907109049323704,13.073629960169475,False,False
65_11_inksac,Organic_A,inksac,0.098,Detected,no,1.2907109049323704,-2.537370039830525,False,False
65_11_stomach,Organic_A,stomach,25.0,BLOQ,no,1.2907109049323704,22.364629960169474,False,False
60_13_muscle,Organic_A,muscle,0.035,Detected,no,1.4310112013829648,-3.14792683546437,False,False
65_10_muscle,Organic_A,muscle,0.06,Detected,no,1.2907109049323704,-2.5753700398305246,False,False
60_13_liver,Organic_A,liver,230.516,Detected,no,1.4310112013829648,227.33307316453562,True,True
65_10_liver,Organic_A,liver,0.0,BLOD,no,1.2907109049323704,-2.6353700398305246,False,False
65_10_inksac,Organic_A,inksac,5.0,BLOQ,no,1.2907109049323704,2.3646299601694754,False,False
60_13_stomach,Organic_A,stomach,25.0,BLOQ,no,1.4310112013829648,21.81707316453563,False,False
65_10_stomach,Organic_A,stomach,0.987,Detected,no,1.2907109049323704,-1.6483700398305245,False,False
60_07_muscle,Organic_A,muscle,2.5,BLOQ,no,1.4310112013829648,-0.6829268354643703,False,False
60_07_liver,Organic_A,liver,0.0,BLOD,no,1.4310112013829648,-3.1829268354643703,False,False
60_07_stomach,Organic_A,stomach,0.259,Detected,no,1.4310112013829648,-2.9239268354643704,False,False
65_14_muscle,Organic_A,muscle,0.287,Detected,yes,1.2907109049323704,-2.3483700398305247,False,True
65_14_liver,Organic_A,liver,0.0,BLOD,no,1.2907109049323704,-2.6353700398305246,False,False
65_14_stomach,Organic_A,stomach,25.0,BLOQ,no,1.2907109049323704,22.364629960169474,False,False
28_04_muscle,Organic_A,muscle,1.443,Detected,no,0.8216118277047536,0.1688375569742686,False,False
28_04_liver,Organic_A,liver,0.0,BLOD,no,0.8216118277047536,-1.2741624430257315,False,False
28_04_stomach,Organic_A,stomach,4.251,Detected,no,0.8216118277047536,2.976837556974269,False,False
60_02_muscle,Organic_A,muscle,2.5,BLOQ,no,1.4310112013829648,-0.6829268354643703,False,False
60_02_liver,Organic_A,liver,86.712,Detected,no,1.4310112013829648,83.52907316453563,False,False
60_02_stomach,Organic_A,stomach,25.0,BLOQ,no,1.4310112013829648,21.81707316453563,False,False
60_03_muscle,Organic_A,muscle,0.071,Detected,no,1.4310112013829648,-3.11192683546437,False,False
60_04_muscle,Organic_A,muscle,0.032,Detected,no,1.4310112013829648,-3.1509268354643702,False,False
60_03_liver,Organic_A,liver,199.517,Detected,no,1.4310112013829648,196.33407316453562,True,True
60_04_liver,Organic_A,liver,0.0,BLOD,no,1.4310112013829648,-3.1829268354643703,False,False
60_04_inksac,Organic_A,inksac,0.536,Detected,no,1.4310112013829648,-2.6469268354643702,False,False
60_03_stomach,Organic_A,stomach,25.0,BLOQ,no,1.4310112013829648,21.81707316453563,False,False
60_04_stomach,Organic_A,stomach,0.703,Detected,no,1.4310112013829648,-2.4799268354643704,False,False
47_12_muscle,Organic_A,muscle,0.548,Detected,no,0.9769524289061362,-1.1083484828669203,False,False
47_12_liver,Organic_A,liver,67.003,Detected,no,0.9769524289061362,65.34665151713308,False,False
47_12_inksac,Organic_A,inksac,0.365,Detected,no,0.9769524289061362,-1.2913484828669204,False,False
47_12_stomach,Organic_A,stomach,0.476,Detected,no,0.9769524289061362,-1.1803484828669204,False,False
65_13_muscle,Organic_A,muscle,0.12,Detected,no,1.2907109049323704,-2.5153700398305245,False,False
65_13_liver,Organic_A,liver,0.0,BLOD,no,1.2907109049323704,-2.6353700398305246,False,False
65_13_inksac,Organic_A,inksac,0.0,BLOD,no,1.2907109049323704,-2.6353700398305246,False,False
65_13_stomach,Organic_A,stomach,25.0,BLOQ,no,1.2907109049323704,22.364629960169474,False,False
60_06_muscle,Organic_A,muscle,2.5,BLOQ,no,1.4310112013829648,-0.6829268354643703,False,False
60_06_liver,Organic_A,liver,147.836,Detected,no,1.4310112013829648,144.65307316453564,True,True
60_06_inksac,Organic_A,inksac,0.123,Detected,no,1.4310112013829648,-3.0599268354643705,False,False
60_06_stomach,Organic_A,stomach,0.0,BLOD,no,1.4310112013829648,-3.1829268354643703,False,False
49_01_muscle,Organic_A,muscle,0.662,Detected,no,0.44972933084496325,0.09411225080041441,False,False
49_01_liver,Organic_A,liver,0.0,BLOD,no,0.44972933084496325,-0.5678877491995856,False,False
49_01_stomach,Organic_A,stomach,0.501,Detected,no,0.44972933084496325,-0.06688774919958562,False,False
26_15_muscle,Organic_A,muscle,7.865,Detected,no,1.0498804498819447,6.007690494045071,False,False
26_15_liver,Organic_A,liver,28.689,Detected,no,1.0498804498819447,26.83169049404507,False,False
26_15_stomach,Organic_A,stomach,19.225,Detected,yes,1.0498804498819447,17.36769049404507,False,True
28_10_muscle,Organic_A,muscle,2.977,Detected,no,0.8216118277047536,1.7028375569742684,False,False
28_10_liver,Organic_A,liver,0.0,BLOD,no,0.8216118277047536,-1.2741624430257315,False,False
28_10_stomach,Organic_A,stomach,0.0,BLOD,no,0.8216118277047536,-1.2741624430257315,False,False
60_15_muscle,Organic_A,muscle,0.031,Detected,no,1.4310112013829648,-3.15192683546437,False,False
60_15_liver,Organic_A,liver,0.0,BLOD,no,1.4310112013829648,-3.1829268354643703,False,False
60_15_stomach,Organic_A,stomach,25.0,BLOQ,no,1.4310112013829648,21.81707316453563,False,False
47_03_muscle,Organic_A,muscle,2.313,Detected,no,0.9769524289061362,0.6566515171330798,False,False
47_03_liver,Organic_A,liver,0.0,BLOD,no,0.9769524289061362,-1.6563484828669204,False,False
47_03_inksac,Organic_A,inksac,3.488,Detected,no,0.9769524289061362,1.8316515171330796,False,False
47_03_stomach,Organic_A,stomach,9.084,Detected,yes,0.9769524289061362,7.4276515171330795,False,True
28_08_muscle,Organic_A,muscle,0.365,Detected,no,0.8216118277047536,-0.9091624430257315,False,False
28_08_liver,Organic_A,liver,0.0,BLOD,no,0.8216118277047536,-1.2741624430257315,False,False
28_08_stomach,Organic_A,stomach,0.0,BLOD,no,0.8216118277047536,-1.2741624430257315,False,False
26_07_muscle,Organic_A,muscle,4.866,Detected,no,1.0498804498819447,3.0086904940450703,False,False
26_07_liver,Organic_A,liver,3.971,Detected,no,1.0498804498819447,2.1136904940450707,False,False
26_07_stomach,Organic_A,stomach,0.0,BLOD,no,1.0498804498819447,-1.8573095059549294,False,False
65_03_muscle,Organic_A,muscle,2.5,BLOQ,no,1.2907109049323704,-0.13537003983052465,False,False
65_03_liver,Organic_A,liver,38.1,Detected,no,1.2907109049323704,35.464629960169475,False,False
65_03_inksac,Organic_A,inksac,0.0,BLOD,no,1.2907109049323704,-2.6353700398305246,False,False
65_03_stomach,Organic_A,stomach,25.0,BLOQ,no,1.2907109049323704,22.364629960169474,False,False
65_04_muscle,Organic_A,muscle,2.5,BLOQ,,1.2907109049323704,-0.13537003983052465,False,False
65_04_liver,Organic_A,liver,340.685,Detected,no,1.2907109049323704,338.04962996016945,True,True
65_04_inksac,Organic_A,inksac,0.188,Detected,no,1.2907109049323704,-2.4473700398305245,False,False
65_04_stomach,Organic_A,stomach,25.0,BLOQ,no,1.2907109049323704,22.364629960169474,False,False
26_03_muscle,Organic_A,muscle,4.204,Detected,no,1.0498804498819447,2.3466904940450704,False,False
26_03_liver,Organic_A,liver,5.842,Detected,no,1.0498804498819447,3.9846904940450703,False,False
26_03_stomach,Organic_A,stomach,0.0,BLOD,no,1.0498804498819447,-1.8573095059549294,False,False
28_11_muscle,Organic_A,muscle,0.344,Detected,no,0.8216118277047536,-0.9301624430257315,False,False
28_11_liver,Organic_A,liver,0.0,BLOD,no,0.8216118277047536,-1.2741624430257315,False,False
28_11_stomach,Organic_A,stomach,0.826,Detected,no,0.8216118277047536,-0.4481624430257315,False,False
47_07_muscle,Organic_A,muscle,0.868,Detected,no,0.9769524289061362,-0.7883484828669204,False,False
47_07_liver,Organic_A,liver,0.0,BLOD,no,0.9769524289061362,-1.6563484828669204,False,False
47_07_inksac,Organic_A,inksac,3.58,Detected,no,0.9769524289061362,1.9236515171330797,False,False
47_07_stomach,Organic_A,stomach,0.0,BLOD,no,0.9769524289061362,-1.6563484828669204,False,False
26_09_muscle,Organic_A,muscle,8.695,Detected,yes,1.0498804498819447,6.837690494045071,False,True
26_09_liver,Organic_A,liver,0.0,BLOD,no,1.0498804498819447,-1.8573095059549294,False,False
26_09_stomach,Organic_A,stomach,0.0,BLOD,no,1.0498804498819447,-1.8573095059549294,False,False
65_05_muscle,Organic_A,muscle,2.5,BLOQ,no,1.2907109049323704,-0.13537003983052465,False,False
65_05_liver,Organic_A,liver,0.0,BLOD,no,1.2907109049323704,-2.6353700398305246,False,False
65_05_stomach,Organic_A,stomach,1.255,Detected,no,1.2907109049323704,-1.3803700398305248,False,False
26_08_muscle,Organic_A,muscle,1.822,Detected,no,1.0498804498819447,-0.03530950595492932,False,False
26_08_liver,Organic_A,liver,0.0,BLOD,no,1.0498804498819447,-1.8573095059549294,False,False
26_08_stomach,Organic_A,stomach,0.0,BLOD,no,1.0498804498819447,-1.8573095059549294,False,False
47_02_muscle,Organic_A,muscle,2.473,Detected,no,0.9769524289061362,0.8166515171330795,False,False
47_02_liver,Organic_A,liver,0.0,BLOD,no,0.9769524289061362,-1.6563484828669204,False,False
47_02_inksac,Organic_A,inksac,0.768,Detected,no,0.9769524289061362,-0.8883484828669204,False,False
47_02_stomach,Organic_A,stomach,0.0,BLOD,no,0.9769524289061362,-1.6563484828669204,False,False
28_05_muscle,Organic_A,muscle,2.435,Detected,no,0.8216118277047536,1.1608375569742686,False,False
28_05_liver,Organic_A,liver,0.0,BLOD,no,0.8216118277047536,-1.2741624430257315,False,False
28_05_stomach,Organic_A,stomach,2.017,Detected,no,0.8216118277047536,0.7428375569742685,False,False
26_04_muscle,Organic_A,muscle,0.728,Detected,no,1.0498804498819447,-1.1293095059549294,False,False
26_04_liver,Organic_A,liver,0.0,BLOD,no,1.0498804498819447,-1.8573095059549294,False,False
26_04_stomach,Organic_A,stomach,0.0,BLOD,no,1.0498804498819447,-1.8573095059549294,False,False
47_13_muscle,Organic_A,muscle,1.155,Detected,no,0.9769524289061362,-0.5013484828669204,False,False
47_14_muscle,Organic_A,muscle,2.95,Detected,no,0.9769524289061362,1.2936515171330798,False,False
47_13_liver,Organic_A,liver,0.0,BLOD,no,0.9769524289061362,-1.6563484828669204,False,False
47_14_liver,Organic_A,liver,0.0,BLOD,no,0.9769524289061362,-1.6563484828669204,False,False
47_13_inksac,Organic_A,inksac,0.0,BLOD,no,0.9769524289061362,-1.6563484828669204,False,False
47_14_inksac,Organic_A,inksac,0.346,Detected,no,0.9769524289061362,-1.3103484828669205,False,False
47_13_stomach,Organic_A,stomach,0.0,BLOD,no,0.9769524289061362,-1.6563484828669204,False,False
47_14_stomach,Organic_A,stomach,1.641,Detected,no,0.9769524289061362,-0.015348482866920365,False,False
28_03_muscle,Organic_A,muscle,2.547,Detected,no,0.8216118277047536,1.2728375569742687,False,False
28_03_liver,Organic_A,liver,5.914,Detected,no,0.8216118277047536,4.6398375569742685,False,False
28_03_stomach,Organic_A,stomach,4.988,Detected,no,0.8216118277047536,3.713837556974269,False,False
28_02_muscle,Organic_A,muscle,2.999,Detected,no,0.8216118277047536,1.7248375569742687,False,False
28_02_liver,Organic_A,liver,27.416,Detected,no,0.8216118277047536,26.14183755697427,False,False
28_02_stomach,Organic_A,stomach,12.147,Detected,no,0.8216118277047536,10.872837556974268,False,False
49_05_muscle,Organic_A,muscle,0.938,Detected,no,0.44972933084496325,0.3701122508004143,False,False
49_05_liver,Organic_A,liver,0.0,BLOD,no,0.44972933084496325,-0.5678877491995856,False,False
49_05_inksac,Organic_A,inksac,0.377,Detected,no,0.44972933084496325,-0.19088774919958562,False,False
49_05_stomach,Organic_A,stomach,0.938,Detected,no,0.44972933084496325,0.3701122508004143,False,False
28_06_muscle,Organic_A,muscle,0.424,Detected,no,0.8216118277047536,-0.8501624430257315,False,False
28_06_liver,Organic_A,liver,0.0,BLOD,no,0.8216118277047536,-1.2741624430257315,False,False
28_06_stomach,Organic_A,stomach,0.0,BLOD,no,0.8216118277047536,-1.2741624430257315,False,False
28_09_muscle,Organic_A,muscle,0.49,Detected,no,0.8216118277047536,-0.7841624430257315,False,False
28_09_liver,Organic_A,liver,0.0,BLOD,no,0.8216118277047536,-1.2741624430257315,False,False
28_09_stomach,Organic_A,stomach,0.0,BLOD,no,0.8216118277047536,-1.2741624430257315,False,False
49_02_muscle,Organic_A,muscle,0.377,Detected,no,0.44972933084496325,-0.19088774919958562,False,False
49_02_liver,Organic_A,liver,253.202,Detected,yes,0.44972933084496325,252.6341122508004,True,True
49_02_inksac,Organic_A,inksac,0.339,Detected,no,0.44972933084496325,-0.2288877491995856,False,False
49_02_stomach,Organic_A,stomach,0.0,BLOD,no,0.44972933084496325,-0.5678877491995856,False,False
28_14_muscle,Organic_A,muscle,0.0,BLOD,no,0.8216118277047536,-1.2741624430257315,False,False
28_14_liver,Organic_A,liver,0.0,BLOD,no,0.8216118277047536,-1.2741624430257315,False,False
28_14_stomach,Organic_A,stomach,0.0,BLOD,no,0.8216118277047536,-1.2741624430257315,False,False
26_06_muscle,Organic_A,muscle,3.375,Detected,no,1.0498804498819447,1.5176904940450706,False,False
26_06_liver,Organic_A,liver,3.617,Detected,no,1.0498804498819447,1.7596904940450706,False,False
26_06_stomach,Organic_A,stomach,0.0,BLOD,no,1.0498804498819447,-1.8573095059549294,False,False
47_05_muscle,Organic_A,muscle,2.769,Detected,no,0.9769524289061362,1.1126515171330797,False,False
47_05_liver,Organic_A,liver,0.0,BLOD,no,0.9769524289061362,-1.6563484828669204,False,False
47_05_inksac,Organic_A,inksac,5.817,Detected,yes,0.9769524289061362,4.16065151713308,False,True
47_05_stomach,Organic_A,stomach,0.0,BLOD,no,0.9769524289061362,-1.6563484828669204,False,False
28_13_muscle,Organic_A,muscle,1.046,Detected,no,0.8216118277047536,-0.2281624430257314,False,False
28_13_liver,Organic_A,liver,0.0,BLOD,no,0.8216118277047536,-1.2741624430257315,False,False
28_13_stomach,Organic_A,stomach,11.171,Detected,no,0.8216118277047536,9.896837556974267,False,False
28_01_muscle,Organic_A,muscle,9.72,Detected,yes,0.8216118277047536,8.445837556974269,False,True
28_01_liver,Organic_A,liver,88.792,Detected,no,0.8216118277047536,87.51783755697427,False,False
28_01_stomach,Organic_A,stomach,12.118,Detected,no,0.8216118277047536,10.843837556974268,False,False
26_12_muscle,Organic_A,muscle,1.013,Detected,no,1.0498804498819447,-0.8443095059549295,False,False
26_12_liver,Organic_A,liver,0.0,BLOD,no,1.0498804498819447,-1.8573095059549294,False,False
26_12_stomach,Organic_A,stomach,0.0,BLOD,no,1.0498804498819447,-1.8573095059549294,False,False
47_06_muscle,Organic_A,muscle,5.025,Detected,yes,0.9769524289061362,3.36865151713308,False,True
47_06_liver,Organic_A,liver,0.0,BLOD,no,0.9769524289061362,-1.6563484828669204,False,False
47_06_inksac,Organic_A,inksac,0.699,Detected,no,0.9769524289061362,-0.9573484828669204,False,False
47_06_stomach,Organic_A,stomach,0.0,BLOD,no,0.9769524289061362,-1.6563484828669204,False,False
26_05_muscle,Organic_A,muscle,3.674,Detected,no,1.0498804498819447,1.8166904940450705,False,False
26_05_liver,Organic_A,liver,0.0,BLOD,no,1.0498804498819447,-1.8573095059549294,False,False
26_05_stomach,Organic_A,stomach,0.0,BLOD,no,1.0498804498819447,-1.8573095059549294,False,False
28_07_muscle,Organic_A,muscle,0.084,Detected,no,0.8216118277047536,-1.1901624430257314,False,False
28_07_liver,Organic_A,liver,153.579,Detected,yes,0.8216118277047536,152.30483755697426,True,True
28_07_stomach,Organic_A,stomach,0.0,BLOD,no,0.8216118277047536,-1.2741624430257315,False,False
47_08_muscle,Organic_A,muscle,2.374,Detected,no,0.9769524289061362,0.7176515171330797,False,False
47_09_muscle,Organic_A,muscle,1.505,Detected,no,0.9769524289061362,-0.1513484828669205,False,False
47_08_liver,Organic_A,liver,0.0,BLOD,no,0.9769524289061362,-1.6563484828669204,False,False
47_09_liver,Organic_A,liver,0.0,BLOD,no,0.9769524289061362,-1.6563484828669204,False,False
47_08_inksac,Organic_A,inksac,3.628,Detected,no,0.9769524289061362,1.9716515171330797,False,False
47_09_inksac,Organic_A,inksac,0.688,Detected,no,0.9769524289061362,-0.9683484828669204,False,False
47_08_stomach,Organic_A,stomach,0.0,BLOD,no,0.9769524289061362,-1.6563484828669204,False,False
47_09_stomach,Organic_A,stomach,0.0,BLOD,no,0.9769524289061362,-1.6563484828669204,False,False
26_13_muscle,Organic_A,muscle,0.283,Detected,no,1.0498804498819447,-1.5743095059549295,False,False
26_13_liver,Organic_A,liver,0.0,BLOD,no,1.0498804498819447,-1.8573095059549294,False,False
26_13_stomach,Organic_A,stomach,1.528,Detected,no,1.0498804498819447,-0.32930950595492936,False,False
47_15_muscle,Organic_A,muscle,6.595,Detected,yes,0.9769524289061362,4.93865151713308,False,True
47_15_liver,Organic_A,liver,0.0,BLOD,no,0.9769524289061362,-1.6563484828669204,False,False
47_15_inksac,Organic_A,inksac,0.268,Detected,no,0.9769524289061362,-1.3883484828669204,False,False
47_15_stomach,Organic_A,stomach,0.659,Detected,no,0.9769524289061362,-0.9973484828669203,False,False
26_14_muscle,Organic_A,muscle,0.852,Detected,no,1.0498804498819447,-1.0053095059549295,False,False
26_14_liver,Organic_A,liver,395.648,Detected,yes,1.0498804498819447,393.7906904940451,True,True
26_14_stomach,Organic_A,stomach,1.394,Detected,no,1.0498804498819447,-0.4633095059549295,False,False
47_10_muscle,Organic_A,muscle,3.778,Detected,no,0.9769524289061362,2.1216515171330794,False,False
47_10_liver,Organic_A,liver,0.0,BLOD,no,0.9769524289061362,-1.6563484828669204,False,False
47_10_inksac,Organic_A,inksac,0.261,Detected,no,0.9769524289061362,-1.3953484828669205,False,False
47_10_stomach,Organic_A,stomach,0.948,Detected,no,0.9769524289061362,-0.7083484828669204,False,False
26_02_muscle,Organic_A,muscle,10.124,Detected,yes,1.0498804498819447,8.266690494045072,False,True
26_02_liver,Organic_A,liver,0.0,BLOD,no,1.0498804498819447,-1.8573095059549294,False,False
26_02_stomach,Organic_A,stomach,0.0,BLOD,no,1.0498804498819447,-1.8573095059549294,False,False
26_10_muscle,Organic_A,muscle,1.253,Detected,no,1.0498804498819447,-0.6043095059549295,False,False
26_10_liver,Organic_A,liver,4.73,Detected,no,1.0498804498819447,2.872690494045071,False,False
26_10_stomach,Organic_A,stomach,0.0,BLOD,no,1.0498804498819447,-1.8573095059549294,False,False
26_11_muscle,Organic_A,muscle,0.0,BLOD,no,1.0498804498819447,-1.8573095059549294,False,False
26_11_liver,Organic_A,liver,4.034,Detected,no,1.0498804498819447,2.1766904940450704,False,False
26_11_stomach,Organic_A,stomach,1.493,Detected,no,1.0498804498819447,-0.3643095059549293,False,False
28_15_muscle,Organic_A,muscle,0.0,BLOD,no,0.8216118277047536,-1.2741624430257315,False,False
28_15_liver,Organic_A,liver,13.229,Detected,no,0.8216118277047536,11.954837556974267,False,False
28_15_stomach,Organic_A,stomach,0.0,BLOD,no,0.8216118277047536,-1.2741624430257315,False,False
47_01_muscle,Organic_A,muscle,2.397,Detected,no,0.9769524289061362,0.7406515171330794,False,False
47_01_liver,Organic_A,liver,0.0,BLOD,no,0.9769524289061362,-1.6563484828669204,False,False
47_01_inksac,Organic_A,inksac,3.975,Detected,no,0.9769524289061362,2.3186515171330795,False,False
47_01_stomach,Organic_A,stomach,3.035,Detected,no,0.9769524289061362,1.3786515171330798,False,False
49_04_muscle,Organic_A,muscle,0.447,Detected,no,0.44972933084496325,-0.12088774919958561,False,False
49_04_liver,Organic_A,liver,0.0,BLOD,no,0.44972933084496325,-0.5678877491995856,False,False
49_04_inksac,Organic_A,inksac,0.233,Detected,no,0.44972933084496325,-0.33488774919958564,False,False
49_04_stomach,Organic_A,stomach,0.355,Detected,no,0.44972933084496325,-0.21288774919958564,False,False
26_01_muscle,Organic_A,muscle,3.138,Detected,no,1.0498804498819447,1.2806904940450705,False,False
26_01_liver,Organic_A,liver,0.0,BLOD,no,1.0498804498819447,-1.8573095059549294,False,False
26_01_stomach,Organic_A,stomach,0.0,BLOD,no,1.0498804498819447,-1.8573095059549294,False,False
49_03_muscle,Organic_A,muscle,0.483,Detected,no,0.44972933084496325,-0.08488774919958564,False,False
49_03_liver,Organic_A,liver,0.0,BLOD,no,0.44972933084496325,-0.5678877491995856,False,False
49_03_inksac,Organic_A,inksac,0.3,Detected,no,0.44972933084496325,-0.26788774919958563,False,False
49_03_stomach,Organic_A,stomach,0.657,Detected,no,0.44972933084496325,0.0891122508004144,False,False
47_04_muscle,Organic_A,muscle,4.533,Detected,yes,0.9769524289061362,2.87665151713308,False,True
47_11_muscle,Organic_A,muscle,0.259,Detected,no,0.9769524289061362,-1.3973484828669203,False,False
47_04_liver,Organic_A,liver,0.0,BLOD,no,0.9769524289061362,-1.6563484828669204,False,False
47_11_liver,Organic_A,liver,4.004,Detected,no,0.9769524289061362,2.3476515171330794,False,False
47_04_inksac,Organic_A,inksac,1.996,Detected,no,0.9769524289061362,0.3396515171330796,False,False
47_11_inksac,Organic_A,inksac,0.0,BLOD,no,0.9769524289061362,-1.6563484828669204,False,False
47_04_stomach,Organic_A,stomach,0.0,BLOD,no,0.9769524289061362,-1.6563484828669204,False,False
47_11_stomach,Organic_A,stomach,0.637,Detected,no,0.9769524289061362,-1.0193484828669204,False,False
60_10_inksac,Organic_A,inksac,0.264,Detected,no,1.4310112013829648,-2.9189268354643705,False,False
65_08_inksac,Organic_A,inksac,5.0,BLOQ,no,1.2907109049323704,2.3646299601694754,False,False
65_01_inksac,Organic_A,inksac,0.368,Detected,no,1.2907109049323704,-2.2673700398305248,False,False
60_15_inksac,Organic_A,inksac,0.091,Detected,no,1.3380868395374037,-2.720744047070884,False,False
60_07_inksac,Organic_A,inksac,4.883,Detected,yes,1.4310112013829648,1.7000731645356297,False,True
65_14_inksac,Organic_A,inksac,4.754,Detected,yes,1.2907109049323704,2.118629960169475,False,True
60_03_inksac,Organic_A,inksac,0.234,Detected,no,1.4310112013829648,-2.9489268354643703,False,False
49_01_inksac,Organic_A,inksac,0.238,Detected,no,0.44972933084496325,-0.32988774919958563,False,False
65_05_inksac,Organic_A,inksac,0.367,Detected,no,1.2907109049323704,-2.2683700398305247,False,False
49_14_muscle,Organic_B,muscle,0.108,Detected,no,0.23683874943555233,-0.15923675865659265,False,False
49_14_liver,Organic_B,liver,0.084,Detected,no,0.23683874943555233,-0.1832367586565926,False,False
49_14_inksac,Organic_B,inksac,0.52,Detected,no,0.23683874943555233,0.2527632413434074,False,False
49_14_stomach,Organic_B,stomach,0.211,Detected,yes,0.23683874943555233,-0.05623675865659264,False,True
49_07_muscle,Organic_B,muscle,0.09,Detected,no,0.23683874943555233,-0.17723675865659264,False,False
49_07_liver,Organic_B,liver,0.038,Detected,no,0.23683874943555233,-0.22923675865659263,False,False
49_07_inksac,Organic_B,inksac,0.077,Detected,no,0.23683874943555233,-0.19023675865659262,False,False
49_07_stomach,Organic_B,stomach,0.056,Detected,no,0.23683874943555233,-0.21123675865659264,False,False
49_11_muscle,Organic_B,muscle,0.075,Detected,no,0.23683874943555233,-0.19223675865659262,False,False
49_11_liver,Organic_B,liver,0.413,Detected,no,0.23683874943555233,0.14576324134340735,False,False
49_11_inksac,Organic_B,inksac,0.398,Detected,no,0.23683874943555233,0.1307632413434074,False,False
49_11_stomach,Organic_B,stomach,0.175,Detected,no,0.23683874943555233,-0.09223675865659264,False,False
49_12_muscle,Organic_B,muscle,0.171,Detected,no,0.23683874943555233,-0.09623675865659262,False,False
49_12_liver,Organic_B,liver,0.07,Detected,no,0.23683874943555233,-0.19723675865659263,False,False
49_12_inksac,Organic_B,inksac,0.289,Detected,no,0.23683874943555233,0.021763241343407347,False,False
49_12_stomach,Organic_B,stomach,2.5,BLOQ,no,0.23683874943555233,2.2327632413434073,False,False
49_15_muscle,Organic_B,muscle,0.117,Detected,no,0.23683874943555233,-0.15023675865659264,False,False
49_15_liver,Organic_B,liver,0.121,Detected,no,0.23683874943555233,-0.14623675865659264,False,False
49_15_inksac,Organic_B,inksac,0.608,Detected,no,0.23683874943555233,0.34076324134340735,False,False
49_15_stomach,Organic_B,stomach,2.5,BLOQ,no,0.23683874943555233,2.2327632413434073,False,False
49_10_muscle,Organic_B,muscle,0.09,Detected,no,0.23683874943555233,-0.17723675865659264,False,False
49_13_muscle,Organic_B,muscle,0.145,Detected,no,0.23683874943555233,-0.12223675865659264,False,False
49_10_liver,Organic_B,liver,0.109,Detected,no,0.23683874943555233,-0.15823675865659265,False,False
49_13_liver,Organic_B,liver,0.104,Detected,no,0.23683874943555233,-0.16323675865659265,False,False
49_10_inksac,Organic_B,inksac,0.472,Detected,no,0.23683874943555233,0.20476324134340734,False,False
49_13_inksac,Organic_B,inksac,0.231,Detected,no,0.23683874943555233,-0.03623675865659262,False,False
49_10_stomach,Organic_B,stomach,0.111,Detected,no,0.23683874943555233,-0.15623675865659264,False,False
49_13_stomach,Organic_B,stomach,2.5,BLOQ,no,0.23683874943555233,2.2327632413434073,False,False
49_08_muscle,Organic_B,muscle,0.126,Detected,no,0.23683874943555233,-0.14123675865659263,False,False
49_08_liver,Organic_B,liver,0.304,Detected,no,0.23683874943555233,0.03676324134340736,False,False
49_08_inksac,Organic_B,inksac,0.126,Detected,no,0.23683874943555233,-0.14123675865659263,False,False
49_08_stomach,Organic_B,stomach,2.5,BLOQ,no,0.23683874943555233,2.2327632413434073,False,False
60_10_muscle,Organic_B,muscle,0.032,Detected,no,0.23683874943555233,-0.23523675865659263,False,False
60_10_liver,Organic_B,liver,1.8,Detected,no,0.23683874943555233,1.5327632413434074,False,False
60_10_stomach,Organic_B,stomach,0.063,Detected,no,0.23683874943555233,-0.20423675865659263,False,False
49_06_muscle,Organic_B,muscle,0.096,Detected,no,0.23683874943555233,-0.17123675865659263,False,False
49_06_liver,Organic_B,liver,0.046,Detected,no,0.23683874943555233,-0.22123675865659265,False,False
49_06_inksac,Organic_B,inksac,0.398,Detected,no,0.23683874943555233,0.1307632413434074,False,False
49_06_stomach,Organic_B,stomach,2.5,BLOQ,no,0.23683874943555233,2.2327632413434073,False,False
60_09_muscle,Organic_B,muscle,0.02,Detected,no,0.23683874943555233,-0.24723675865659264,False,False
60_09_liver,Organic_B,liver,0.706,Detected,no,0.23683874943555233,0.43876324134340733,False,False
60_09_inksac,Organic_B,inksac,0.234,Detected,no,0.23683874943555233,-0.03323675865659262,False,False
60_09_stomach,Organic_B,stomach,0.208,Detected,no,0.23683874943555233,-0.05923675865659264,False,False
49_09_muscle,Organic_B,muscle,0.058,Detected,no,0.23683874943555233,-0.20923675865659264,False,False
49_09_liver,Organic_B,liver,0.075,Detected,no,0.23683874943555233,-0.19223675865659262,False,False
49_09_inksac,Organic_B,inksac,0.628,Detected,no,0.23683874943555233,0.36076324134340737,False,False
49_09_stomach,Organic_B,stomach,0.039,Detected,no,0.23683874943555233,-0.22823675865659263,False,False
65_07_muscle,Organic_B,muscle,0.038,Detected,no,0.23683874943555233,-0.22923675865659263,False,False
65_07_liver,Organic_B,liver,0.575,Detected,no,0.23683874943555233,0.3077632413434073,False,False
65_07_stomach,Organic_B,stomach,0.039,Detected,no,0.23683874943555233,-0.22823675865659263,False,False
65_06_muscle,Organic_B,muscle,0.015,Detected,no,0.23683874943555233,-0.2522367586565926,False,False
65_06_liver,Organic_B,liver,0.21,Detected,no,0.23683874943555233,-0.05723675865659264,False,False
65_06_inksac,Organic_B,inksac,0.099,Detected,no,0.23683874943555233,-0.16823675865659263,False,False
65_06_stomach,Organic_B,stomach,0.021,Detected,no,0.23683874943555233,-0.24623675865659264,False,False
65_08_muscle,Organic_B,muscle,0.034,Detected,no,0.23683874943555233,-0.23323675865659263,False,False
65_08_liver,Organic_B,liver,0.858,Detected,no,0.23683874943555233,0.5907632413434074,False,False
65_08_stomach,Organic_B,stomach,0.173,Detected,no,0.23683874943555233,-0.09423675865659265,False,False
60_08_muscle,Organic_B,muscle,0.05,Detected,no,0.23683874943555233,-0.21723675865659264,False,False
60_08_liver,Organic_B,liver,0.557,Detected,no,0.23683874943555233,0.2897632413434074,False,False
60_08_stomach,Organic_B,stomach,0.307,Detected,yes,0.23683874943555233,0.03976324134340736,False,True
60_12_muscle,Organic_B,muscle,0.017,Detected,no,0.23683874943555233,-0.2502367586565926,False,False
60_12_liver,Organic_B,liver,0.635,Detected,no,0.23683874943555233,0.3677632413434074,False,False
60_12_inksac,Organic_B,inksac,0.18,Detected,no,0.23683874943555233,-0.08723675865659264,False,False
60_12_stomach,Organic_B,stomach,0.126,Detected,no,0.23683874943555233,-0.14123675865659263,False,False
60_01_muscle,Organic_B,muscle,0.049,Detected,no,0.23683874943555233,-0.21823675865659264,False,False
60_01_liver,Organic_B,liver,0.268,Detected,no,0.23683874943555233,0.0007632413434073837,False,False
60_01_inksac,Organic_B,inksac,0.372,Detected,no,0.23683874943555233,0.10476324134340737,False,False
60_01_stomach,Organic_B,stomach,0.06,Detected,no,0.23683874943555233,-0.20723675865659263,False,False
65_01_muscle,Organic_B,muscle,1.0,BLOQ,,0.23683874943555233,0.7327632413434073,False,False
65_01_liver,Organic_B,liver,0.63,Detected,no,0.23683874943555233,0.36276324134340737,False,False
65_01_stomach,Organic_B,stomach,0.053,Detected,no,0.23683874943555233,-0.21423675865659264,False,False
28_12_muscle,Organic_B,muscle,0.149,Detected,no,0.23683874943555233,-0.11823675865659264,False,False
28_12_liver,Organic_B,liver,0.648,Detected,no,0.23683874943555233,0.3807632413434074,False,False
28_12_stomach,Organic_B,stomach,0.158,Detected,no,0.23683874943555233,-0.10923675865659263,False,False
65_15_muscle,Organic_B,muscle,0.034,Detected,no,0.23683874943555233,-0.23323675865659263,False,False
65_15_liver,Organic_B,liver,1.041,Detected,no,0.23683874943555233,0.7737632413434072,False,False
65_15_inksac,Organic_B,inksac,0.177,Detected,no,0.23683874943555233,-0.09023675865659264,False,False
65_15_stomach,Organic_B,stomach,0.059,Detected,no,0.23683874943555233,-0.20823675865659264,False,False
65_09_muscle,Organic_B,muscle,0.021,Detected,no,0.23683874943555233,-0.24623675865659264,False,False
65_09_liver,Organic_B,liver,0.374,Detected,no,0.23683874943555233,0.10676324134340737,False,False
65_09_stomach,Organic_B,stomach,0.058,Detected,no,0.23683874943555233,-0.20923675865659264,False,False
65_02_muscle,Organic_B,muscle,1.0,BLOQ,,0.23683874943555233,0.7327632413434073,False,False
65_12_muscle,Organic_B,muscle,0.022,Detected,no,0.23683874943555233,-0.24523675865659264,False,False
65_02_liver,Organic_B,liver,2.231,Detected,yes,0.23683874943555233,1.9637632413434072,True,True
65_12_liver,Organic_B,liver,0.406,Detected,no,0.23683874943555233,0.1387632413434074,False,False
65_02_inksac,Organic_B,inksac,0.247,Detected,no,0.23683874943555233,-0.020236758656592635,False,False
65_12_inksac,Organic_B,inksac,0.189,Detected,no,0.23683874943555233,-0.07823675865659263,False,False
65_02_stomach,Organic_B,stomach,0.097,Detected,no,0.23683874943555233,-0.17023675865659263,False,False
65_12_stomach,Organic_B,stomach,0.027,Detected,no,0.23683874943555233,-0.24023675865659264,False,False
60_11_muscle,Organic_B,muscle,0.012,Detected,no,0.23683874943555233,-0.2552367586565926,False,False
60_11_liver,Organic_B,liver,1.15,Detected,no,0.23683874943555233,0.8827632413434072,False,False
60_11_stomach,Organic_B,stomach,0.086,Detected,no,0.23683874943555233,-0.18123675865659264,False,False
60_14_muscle,Organic_B,muscle,1.0,BLOQ,,0.23683874943555233,0.7327632413434073,False,False
60_14_liver,Organic_B,liver,1.41,Detected,no,0.23683874943555233,1.1427632413434072,False,False
60_14_inksac,Organic_B,inksac,0.25,Detected,no,0.23683874943555233,-0.017236758656592632,False,False
60_14_stomach,Organic_B,stomach,0.091,Detected,no,0.23683874943555233,-0.17623675865659263,False,False
60_05_muscle,Organic_B,muscle,0.018,Detected,no,0.23683874943555233,-0.24923675865659264,False,False
60_05_liver,Organic_B,liver,0.818,Detected,no,0.23683874943555233,0.5507632413434074,False,False
60_05_inksac,Organic_B,inksac,0.292,Detected,no,0.23683874943555233,0.02476324134340735,False,False
60_05_stomach,Organic_B,stomach,0.119,Detected,no,0.23683874943555233,-0.14823675865659264,False,False
65_11_muscle,Organic_B,muscle,0.026,Detected,no,0.23683874943555233,-0.24123675865659264,False,False
65_11_liver,Organic_B,liver,0.328,Detected,no,0.23683874943555233,0.06076324134340738,False,False
65_11_inksac,Organic_B,inksac,0.176,Detected,no,0.23683874943555233,-0.09123675865659264,False,False
65_11_stomach,Organic_B,stomach,0.026,Detected,no,0.23683874943555233,-0.24123675865659264,False,False
60_13_muscle,Organic_B,muscle,1.0,BLOQ,no,0.23683874943555233,0.7327632413434073,False,False
65_10_muscle,Organic_B,muscle,0.018,Detected,no,0.23683874943555233,-0.24923675865659264,False,False
60_13_liver,Organic_B,liver,0.679,Detected,no,0.23683874943555233,0.4117632413434074,False,False
65_10_liver,Organic_B,liver,0.271,Detected,no,0.23683874943555233,0.0037632413434073864,False,False
65_10_inksac,Organic_B,inksac,0.194,Detected,no,0.23683874943555233,-0.07323675865659263,False,False
60_13_stomach,Organic_B,stomach,0.037,Detected,no,0.23683874943555233,-0.23023675865659263,False,False
65_10_stomach,Organic_B,stomach,0.186,Detected,no,0.23683874943555233,-0.08123675865659263,False,False
60_07_muscle,Organic_B,muscle,0.039,Detected,no,0.23683874943555233,-0.22823675865659263,False,False
60_07_liver,Organic_B,liver,0.165,Detected,no,0.23683874943555233,-0.10223675865659262,False,False
60_07_stomach,Organic_B,stomach,0.102,Detected,no,0.23683874943555233,-0.16523675865659265,False,False
65_14_muscle,Organic_B,muscle,0.046,Detected,no,0.23683874943555233,-0.22123675865659265,False,False
65_14_liver,Organic_B,liver,0.124,Detected,no,0.23683874943555233,-0.14323675865659263,False,False
65_14_stomach,Organic_B,stomach,0.099,Detected,no,0.23683874943555233,-0.16823675865659263,False,False
28_04_muscle,Organic_B,muscle,0.049,Detected,no,0.23683874943555233,-0.21823675865659264,False,False
28_04_liver,Organic_B,liver,0.401,Detected,no,0.23683874943555233,0.1337632413434074,False,False
28_04_stomach,Organic_B,stomach,0.208,Detected,no,0.23683874943555233,-0.05923675865659264,False,False
60_02_muscle,Organic_B,muscle,0.015,Detected,no,0.23683874943555233,-0.2522367586565926,False,False
60_02_liver,Organic_B,liver,0.593,Detected,no,0.23683874943555233,0.32576324134340734,False,False
60_02_stomach,Organic_B,stomach,0.037,Detected,no,0.23683874943555233,-0.23023675865659263,False,False
60_03_muscle,Organic_B,muscle,0.015,Detected,no,0.23683874943555233,-0.2522367586565926,False,False
60_04_muscle,Organic_B,muscle,0.041,Detected,no,0.23683874943555233,-0.22623675865659262,False,False
60_03_liver,Organic_B,liver,1.499,Detected,no,0.23683874943555233,1.2317632413434074,False,False
60_04_liver,Organic_B,liver,0.639,Detected,no,0.23683874943555233,0.3717632413434074,False,False
60_04_inksac,Organic_B,inksac,0.151,Detected,no,0.23683874943555233,-0.11623675865659264,False,False
60_03_stomach,Organic_B,stomach,0.086,Detected,no,0.23683874943555233,-0.18123675865659264,False,False
60_04_stomach,Organic_B,stomach,0.222,Detected,no,0.23683874943555233,-0.04523675865659263,False,False
47_12_muscle,Organic_B,muscle,0.091,Detected,no,0.23683874943555233,-0.17623675865659263,False,False
47_12_liver,Organic_B,liver,0.418,Detected,no,0.23683874943555233,0.15076324134340735,False,False
47_12_inksac,Organic_B,inksac,0.424,Detected,no,0.23683874943555233,0.15676324134340736,False,False
47_12_stomach,Organic_B,stomach,0.044,Detected,no,0.23683874943555233,-0.22323675865659265,False,False
65_13_muscle,Organic_B,muscle,0.025,Detected,no,0.23683874943555233,-0.24223675865659264,False,False
65_13_liver,Organic_B,liver,0.478,Detected,no,0.23683874943555233,0.21076324134340735,False,False
65_13_inksac,Organic_B,inksac,0.181,Detected,no,0.23683874943555233,-0.08623675865659264,False,False
65_13_stomach,Organic_B,stomach,0.447,Detected,yes,0.23683874943555233,0.17976324134340738,False,True
60_06_muscle,Organic_B,muscle,0.037,Detected,no,0.23683874943555233,-0.23023675865659263,False,False
60_06_liver,Organic_B,liver,1.413,Detected,no,0.23683874943555233,1.1457632413434073,False,False
60_06_inksac,Organic_B,inksac,0.425,Detected,no,0.23683874943555233,0.15776324134340736,False,False
60_06_stomach,Organic_B,stomach,0.042,Detected,no,0.23683874943555233,-0.22523675865659262,False,False
49_01_muscle,Organic_B,muscle,0.434,Detected,yes,0.23683874943555233,0.16676324134340736,False,True
49_01_liver,Organic_B,liver,0.046,Detected,no,0.23683874943555233,-0.22123675865659265,False,False
49_01_stomach,Organic_B,stomach,0.117,Detected,no,0.23683874943555233,-0.15023675865659264,False,False
26_15_muscle,Organic_B,muscle,0.312,Detected,yes,0.23683874943555233,0.04476324134340737,False,True
26_15_liver,Organic_B,liver,0.865,Detected,no,0.23683874943555233,0.5977632413434073,False,False
26_15_stomach,Organic_B,stomach,0.208,Detected,no,0.23683874943555233,-0.05923675865659264,False,False
28_10_muscle,Organic_B,muscle,0.103,Detected,no,0.23683874943555233,-0.16423675865659265,False,False
28_10_liver,Organic_B,liver,0.248,Detected,no,0.23683874943555233,-0.019236758656592634,False,False
28_10_stomach,Organic_B,stomach,0.172,Detected,no,0.23683874943555233,-0.09523675865659265,False,False
60_15_muscle,Organic_B,muscle,1.0,BLOQ,no,0.23683874943555233,0.7327632413434073,False,False
60_15_liver,Organic_B,liver,0.422,Detected,no,0.23683874943555233,0.15476324134340735,False,False
60_15_stomach,Organic_B,stomach,0.071,Detected,no,0.23683874943555233,-0.19623675865659262,False,False
47_03_muscle,Organic_B,muscle,0.123,Detected,no,0.23683874943555233,-0.14423675865659263,False,False
47_03_liver,Organic_B,liver,0.058,Detected,no,0.23683874943555233,-0.20923675865659264,False,False
47_03_inksac,Organic_B,inksac,0.459,Detected,no,0.23683874943555233,0.1917632413434074,False,False
47_03_stomach,Organic_B,stomach,0.089,Detected,no,0.23683874943555233,-0.17823675865659264,False,False
28_08_muscle,Organic_B,muscle,0.035,Detected,no,0.23683874943555233,-0.23223675865659263,False,False
28_08_liver,Organic_B,liver,0.25,Detected,no,0.23683874943555233,-0.017236758656592632,False,False
28_08_stomach,Organic_B,stomach,0.079,Detected,no,0.23683874943555233,-0.18823675865659262,False,False
26_07_muscle,Organic_B,muscle,0.076,Detected,no,0.23683874943555233,-0.19123675865659262,False,False
26_07_liver,Organic_B,liver,0.44,Detected,no,0.23683874943555233,0.17276324134340737,False,False
26_07_stomach,Organic_B,stomach,0.202,Detected,no,0.23683874943555233,-0.06523675865659262,False,False
65_03_muscle,Organic_B,muscle,0.014,Detected,no,0.23683874943555233,-0.2532367586565926,False,False
65_03_liver,Organic_B,liver,1.423,Detected,no,0.23683874943555233,1.1557632413434074,False,False
65_03_inksac,Organic_B,inksac,0.205,Detected,no,0.23683874943555233,-0.062236758656592645,False,False
65_03_stomach,Organic_B,stomach,0.068,Detected,no,0.23683874943555233,-0.19923675865659263,False,False
65_04_muscle,Organic_B,muscle,1.0,BLOQ,,0.23683874943555233,0.7327632413434073,False,False
65_04_liver,Organic_B,liver,0.657,Detected,no,0.23683874943555233,0.3897632413434074,False,False
65_04_inksac,Organic_B,inksac,0.071,Detected,no,0.23683874943555233,-0.19623675865659262,False,False
65_04_stomach,Organic_B,stomach,0.028,Detected,no,0.23683874943555233,-0.23923675865659264,False,False
26_03_muscle,Organic_B,muscle,0.046,Detected,no,0.23683874943555233,-0.22123675865659265,False,False
26_03_liver,Organic_B,liver,0.59,Detected,no,0.23683874943555233,0.32276324134340734,False,False
26_03_stomach,Organic_B,stomach,0.138,Detected,no,0.23683874943555233,-0.12923675865659262,False,False
28_11_muscle,Organic_B,muscle,0.099,Detected,no,0.23683874943555233,-0.16823675865659263,False,False
28_11_liver,Organic_B,liver,0.199,Detected,no,0.23683874943555233,-0.06823675865659262,False,False
28_11_stomach,Organic_B,stomach,0.201,Detected,no,0.23683874943555233,-0.06623675865659262,False,False
47_07_muscle,Organic_B,muscle,0.117,Detected,no,0.23683874943555233,-0.15023675865659264,False,False
47_07_liver,Organic_B,liver,0.027,Detected,no,0.23683874943555233,-0.24023675865659264,False,False
47_07_inksac,Organic_B,inksac,0.03,Detected,no,0.23683874943555233,-0.23723675865659263,False,False
47_07_stomach,Organic_B,stomach,2.5,BLOQ,no,0.23683874943555233,2.2327632413434073,False,False
26_09_muscle,Organic_B,muscle,0.08,Detected,no,0.23683874943555233,-0.18723675865659262,False,False
26_09_liver,Organic_B,liver,0.24,Detected,no,0.23683874943555233,-0.02723675865659264,False,False
26_09_stomach,Organic_B,stomach,0.161,Detected,no,0.23683874943555233,-0.10623675865659263,False,False
65_05_muscle,Organic_B,muscle,0.025,Detected,no,0.23683874943555233,-0.24223675865659264,False,False
65_05_liver,Organic_B,liver,1.006,Detected,no,0.23683874943555233,0.7387632413434073,False,False
65_05_stomach,Organic_B,stomach,0.095,Detected,no,0.23683874943555233,-0.17223675865659263,False,False
26_08_muscle,Organic_B,muscle,0.038,Detected,no,0.23683874943555233,-0.22923675865659263,False,False
26_08_liver,Organic_B,liver,0.321,Detected,no,0.23683874943555233,0.053763241343407375,False,False
26_08_stomach,Organic_B,stomach,0.17,Detected,no,0.23683874943555233,-0.09723675865659262,False,False
47_02_muscle,Organic_B,muscle,0.03,Detected,no,0.23683874943555233,-0.23723675865659263,False,False
47_02_liver,Organic_B,liver,0.065,Detected,no,0.23683874943555233,-0.20223675865659263,False,False
47_02_inksac,Organic_B,inksac,0.432,Detected,no,0.23683874943555233,0.16476324134340736,False,False
47_02_stomach,Organic_B,stomach,0.041,Detected,no,0.23683874943555233,-0.22623675865659262,False,False
28_05_muscle,Organic_B,muscle,0.071,Detected,no,0.23683874943555233,-0.19623675865659262,False,False
28_05_liver,Organic_B,liver,0.374,Detected,no,0.23683874943555233,0.10676324134340737,False,False
28_05_stomach,Organic_B,stomach,0.141,Detected,no,0.23683874943555233,-0.12623675865659265,False,False
26_04_muscle,Organic_B,muscle,0.032,Detected,no,0.23683874943555233,-0.23523675865659263,False,False
26_04_liver,Organic_B,liver,0.196,Detected,no,0.23683874943555233,-0.07123675865659262,False,False
26_04_stomach,Organic_B,stomach,0.118,Detected,no,0.23683874943555233,-0.14923675865659264,False,False
47_13_muscle,Organic_B,muscle,0.179,Detected,no,0.23683874943555233,-0.08823675865659264,False,False
47_14_muscle,Organic_B,muscle,0.12,Detected,no,0.23683874943555233,-0.14723675865659264,False,False
47_13_liver,Organic_B,liver,0.72,Detected,yes,0.23683874943555233,0.45276324134340734,False,True
47_14_liver,Organic_B,liver,0.057,Detected,no,0.23683874943555233,-0.21023675865659264,False,False
47_13_inksac,Organic_B,inksac,0.052,Detected,no,0.23683874943555233,-0.21523675865659264,False,False
47_14_inksac,Organic_B,inksac,0.277,Detected,no,0.23683874943555233,0.009763241343407392,False,False
47_13_stomach,Organic_B,stomach,0.034,Detected,no,0.23683874943555233,-0.23323675865659263,False,False
47_14_stomach,Organic_B,stomach,0.104,Detected,no,0.23683874943555233,-0.16323675865659265,False,False
28_03_muscle,Organic_B,muscle,0.176,Detected,no,0.23683874943555233,-0.09123675865659264,False,False
28_03_liver,Organic_B,liver,0.42,Detected,no,0.23683874943555233,0.15276324134340735,False,False
28_03_stomach,Organic_B,stomach,0.208,Detected,no,0.23683874943555233,-0.05923675865659264,False,False
28_02_muscle,Organic_B,muscle,0.145,Detected,no,0.23683874943555233,-0.12223675865659264,False,False
28_02_liver,Organic_B,liver,0.9,Detected,no,0.23683874943555233,0.6327632413434074,False,False
28_02_stomach,Organic_B,stomach,0.236,Detected,no,0.23683874943555233,-0.031236758656592645,False,False
49_05_muscle,Organic_B,muscle,0.051,Detected,no,0.23683874943555233,-0.21623675865659264,False,False
49_05_liver,Organic_B,liver,0.181,Detected,no,0.23683874943555233,-0.08623675865659264,False,False
49_05_inksac,Organic_B,inksac,0.158,Detected,no,0.23683874943555233,-0.10923675865659263,False,False
49_05_stomach,Organic_B,stomach,0.027,Detected,no,0.23683874943555233,-0.24023675865659264,False,False
28_06_muscle,Organic_B,muscle,0.122,Detected,no,0.23683874943555233,-0.14523675865659263,False,False
28_06_liver,Organic_B,liver,0.413,Detected,no,0.23683874943555233,0.14576324134340735,False,False
28_06_stomach,Organic_B,stomach,0.093,Detected,no,0.23683874943555233,-0.17423675865659263,False,False
28_09_muscle,Organic_B,muscle,0.072,Detected,no,0.23683874943555233,-0.19523675865659262,False,False
28_09_liver,Organic_B,liver,0.192,Detected,no,0.23683874943555233,-0.07523675865659263,False,False
28_09_stomach,Organic_B,stomach,0.134,Detected,no,0.23683874943555233,-0.13323675865659262,False,False
49_02_muscle,Organic_B,muscle,0.279,Detected,no,0.23683874943555233,0.011763241343407393,False,False
49_02_liver,Organic_B,liver,0.228,Detected,no,0.23683874943555233,-0.039236758656592624,False,False
49_02_inksac,Organic_B,inksac,0.381,Detected,no,0.23683874943555233,0.11376324134340737,False,False
49_02_stomach,Organic_B,stomach,0.159,Detected,no,0.23683874943555233,-0.10823675865659263,False,False
28_14_muscle,Organic_B,muscle,0.134,Detected,no,0.23683874943555233,-0.13323675865659262,False,False
28_14_liver,Organic_B,liver,0.216,Detected,no,0.23683874943555233,-0.051236758656592635,False,False
28_14_stomach,Organic_B,stomach,0.158,Detected,no,0.23683874943555233,-0.10923675865659263,False,False
26_06_muscle,Organic_B,muscle,0.078,Detected,no,0.23683874943555233,-0.18923675865659262,False,False
26_06_liver,Organic_B,liver,0.422,Detected,no,0.23683874943555233,0.15476324134340735,False,False
26_06_stomach,Organic_B,stomach,0.145,Detected,no,0.23683874943555233,-0.12223675865659264,False,False
47_05_muscle,Organic_B,muscle,0.108,Detected,no,0.23683874943555233,-0.15923675865659265,False,False
47_05_liver,Organic_B,liver,0.089,Detected,no,0.23683874943555233,-0.17823675865659264,False,False
47_05_inksac,Organic_B,inksac,0.06,Detected,no,0.23683874943555233,-0.20723675865659263,False,False
47_05_stomach,Organic_B,stomach,0.035,Detected,no,0.23683874943555233,-0.23223675865659263,False,False
28_13_muscle,Organic_B,muscle,0.17,Detected,no,0.23683874943555233,-0.09723675865659262,False,False
28_13_liver,Organic_B,liver,0.422,Detected,no,0.23683874943555233,0.15476324134340735,False,False
28_13_stomach,Organic_B,stomach,0.242,Detected,no,0.23683874943555233,-0.02523675865659264,False,False
28_01_muscle,Organic_B,muscle,0.047,Detected,no,0.23683874943555233,-0.22023675865659265,False,False
28_01_liver,Organic_B,liver,0.443,Detected,no,0.23683874943555233,0.17576324134340737,False,False
28_01_stomach,Organic_B,stomach,0.189,Detected,no,0.23683874943555233,-0.07823675865659263,False,False
26_12_muscle,Organic_B,muscle,0.096,Detected,no,0.23683874943555233,-0.17123675865659263,False,False
26_12_liver,Organic_B,liver,0.404,Detected,no,0.23683874943555233,0.1367632413434074,False,False
26_12_stomach,Organic_B,stomach,0.106,Detected,no,0.23683874943555233,-0.16123675865659265,False,False
47_06_muscle,Organic_B,muscle,0.048,Detected,no,0.23683874943555233,-0.21923675865659265,False,False
47_06_liver,Organic_B,liver,0.041,Detected,no,0.23683874943555233,-0.22623675865659262,False,False
47_06_inksac,Organic_B,inksac,0.036,Detected,no,0.23683874943555233,-0.23123675865659263,False,False
47_06_stomach,Organic_B,stomach,2.5,BLOQ,no,0.23683874943555233,2.2327632413434073,False,False
26_05_muscle,Organic_B,muscle,0.045,Detected,no,0.23683874943555233,-0.22223675865659265,False,False
26_05_liver,Organic_B,liver,0.272,Detected,no,0.23683874943555233,0.004763241343407387,False,False
26_05_stomach,Organic_B,stomach,0.112,Detected,no,0.23683874943555233,-0.15523675865659264,False,False
28_07_muscle,Organic_B,muscle,0.024,Detected,no,0.23683874943555233,-0.24323675865659264,False,False
28_07_liver,Organic_B,liver,1.131,Detected,no,0.23683874943555233,0.8637632413434073,False,False
28_07_stomach,Organic_B,stomach,0.131,Detected,no,0.23683874943555233,-0.13623675865659263,False,False
47_08_muscle,Organic_B,muscle,0.034,Detected,no,0.23683874943555233,-0.23323675865659263,False,False
47_09_muscle,Organic_B,muscle,0.047,Detected,no,0.23683874943555233,-0.22023675865659265,False,False
47_08_liver,Organic_B,liver,0.087,Detected,no,0.23683874943555233,-0.18023675865659264,False,False
47_09_liver,Organic_B,liver,0.082,Detected,no,0.23683874943555233,-0.18523675865659261,False,False
47_08_inksac,Organic_B,inksac,0.347,Detected,no,0.23683874943555233,0.07976324134340734,False,False
47_09_inksac,Organic_B,inksac,0.106,Detected,no,0.23683874943555233,-0.16123675865659265,False,False
47_08_stomach,Organic_B,stomach,2.5,BLOQ,no,0.23683874943555233,2.2327632413434073,False,False
47_09_stomach,Organic_B,stomach,2.5,BLOQ,no,0.23683874943555233,2.2327632413434073,False,False
26_13_muscle,Organic_B,muscle,0.04,Detected,no,0.23683874943555233,-0.22723675865659262,False,False
26_13_liver,Organic_B,liver,0.221,Detected,no,0.23683874943555233,-0.04623675865659263,False,False
26_13_stomach,Organic_B,stomach,0.138,Detected,no,0.23683874943555233,-0.12923675865659262,False,False
47_15_muscle,Organic_B,muscle,0.161,Detected,no,0.23683874943555233,-0.10623675865659263,False,False
47_15_liver,Organic_B,liver,0.123,Detected,no,0.23683874943555233,-0.14423675865659263,False,False
47_15_inksac,Organic_B,inksac,0.26,Detected,no,0.23683874943555233,-0.007236758656592623,False,False
47_15_stomach,Organic_B,stomach,0.051,Detected,no,0.23683874943555233,-0.21623675865659264,False,False
26_14_muscle,Organic_B,muscle,0.069,Detected,no,0.23683874943555233,-0.19823675865659263,False,False
26_14_liver,Organic_B,liver,1.144,Detected,no,0.23683874943555233,0.8767632413434072,False,False
26_14_stomach,Organic_B,stomach,0.19,Detected,no,0.23683874943555233,-0.07723675865659263,False,False
47_10_muscle,Organic_B,muscle,0.12,Detected,no,0.23683874943555233,-0.14723675865659264,False,False
47_10_liver,Organic_B,liver,0.04,Detected,no,0.23683874943555233,-0.22723675865659262,False,False
47_10_inksac,Organic_B,inksac,0.041,Detected,no,0.23683874943555233,-0.22623675865659262,False,False
47_10_stomach,Organic_B,stomach,0.077,Detected,no,0.23683874943555233,-0.19023675865659262,False,False
26_02_muscle,Organic_B,muscle,0.048,Detected,no,0.23683874943555233,-0.21923675865659265,False,False
26_02_liver,Organic_B,liver,0.2,Detected,no,0.23683874943555233,-0.06723675865659262,False,False
26_02_stomach,Organic_B,stomach,0.104,Detected,no,0.23683874943555233,-0.16323675865659265,False,False
26_10_muscle,Organic_B,muscle,0.074,Detected,no,0.23683874943555233,-0.19323675865659262,False,False
26_10_liver,Organic_B,liver,1.153,Detected,no,0.23683874943555233,0.8857632413434073,False,False
26_10_stomach,Organic_B,stomach,0.131,Detected,no,0.23683874943555233,-0.13623675865659263,False,False
26_11_muscle,Organic_B,muscle,0.025,Detected,no,0.23683874943555233,-0.24223675865659264,False,False
26_11_liver,Organic_B,liver,0.239,Detected,no,0.23683874943555233,-0.028236758656592642,False,False
26_11_stomach,Organic_B,stomach,0.201,Detected,no,0.23683874943555233,-0.06623675865659262,False,False
28_15_muscle,Organic_B,muscle,0.153,Detected,no,0.23683874943555233,-0.11423675865659264,False,False
28_15_liver,Organic_B,liver,0.911,Detected,no,0.23683874943555233,0.6437632413434073,False,False
28_15_stomach,Organic_B,stomach,0.152,Detected,no,0.23683874943555233,-0.11523675865659264,False,False
47_01_muscle,Organic_B,muscle,0.064,Detected,no,0.23683874943555233,-0.20323675865659263,False,False
47_01_liver,Organic_B,liver,0.034,Detected,no,0.23683874943555233,-0.23323675865659263,False,False
47_01_inksac,Organic_B,inksac,0.442,Detected,no,0.23683874943555233,0.17476324134340737,False,False
47_01_stomach,Organic_B,stomach,0.026,Detected,no,0.23683874943555233,-0.24123675865659264,False,False
49_04_muscle,Organic_B,muscle,0.046,Detected,no,0.23683874943555233,-0.22123675865659265,False,False
49_04_liver,Organic_B,liver,0.061,Detected,no,0.23683874943555233,-0.20623675865659263,False,False
49_04_inksac,Organic_B,inksac,0.14,Detected,no,0.23683874943555233,-0.12723675865659262,False,False
49_04_stomach,Organic_B,stomach,0.034,Detected,no,0.23683874943555233,-0.23323675865659263,False,False
26_01_muscle,Organic_B,muscle,0.026,Detected,no,0.23683874943555233,-0.24123675865659264,False,False
26_01_liver,Organic_B,liver,0.196,Detected,no,0.23683874943555233,-0.07123675865659262,False,False
26_01_stomach,Organic_B,stomach,0.109,Detected,no,0.23683874943555233,-0.15823675865659265,False,False
49_03_muscle,Organic_B,muscle,0.024,Detected,no,0.23683874943555233,-0.24323675865659264,False,False
49_03_liver,Organic_B,liver,0.337,Detected,no,0.23683874943555233,0.06976324134340739,False,False
49_03_inksac,Organic_B,inksac,0.455,Detected,no,0.23683874943555233,0.18776324134340738,False,False
49_03_stomach,Organic_B,stomach,0.028,Detected,no,0.23683874943555233,-0.23923675865659264,False,False
47_04_muscle,Organic_B,muscle,0.041,Detected,no,0.23683874943555233,-0.22623675865659262,False,False
47_11_muscle,Organic_B,muscle,2.5,BLOQ,no,0.23683874943555233,2.2327632413434073,False,False
47_04_liver,Organic_B,liver,0.08,Detected,no,0.23683874943555233,-0.18723675865659262,False,False
47_11_liver,Organic_B,liver,0.508,Detected,yes,0.23683874943555233,0.24076324134340737,False,True
47_04_inksac,Organic_B,inksac,0.291,Detected,no,0.23683874943555233,0.02376324134340735,False,False
47_11_inksac,Organic_B,inksac,0.125,Detected,no,0.23683874943555233,-0.14223675865659263,False,False
47_04_stomach,Organic_B,stomach,2.5,BLOQ,no,0.23683874943555233,2.2327632413434073,False,False
47_11_stomach,Organic_B,stomach,0.066,Detected,no,0.23683874943555233,-0.20123675865659263,False,False
60_10_inksac,Organic_B,inksac,0.642,Detected,no,0.23683874943555233,0.3747632413434074,False,False
65_08_inksac,Organic_B,inksac,0.392,Detected,no,0.23683874943555233,0.12476324134340738,False,False
65_01_inksac,Organic_B,inksac,0.1,Detected,no,0.23683874943555233,-0.16723675865659263,False,False
60_15_inksac,Organic_B,inksac,0.082,Detected,no,0.23683874943555233,-0.18523675865659261,False,False
60_07_inksac,Organic_B,inksac,0.294,Detected,no,0.23683874943555233,0.02676324134340735,False,False
65_14_inksac,Organic_B,inksac,0.674,Detected,no,0.23683874943555233,0.4067632413434074,False,False
60_03_inksac,Organic_B,inksac,0.397,Detected,no,0.23683874943555233,0.1297632413434074,False,False
49_01_inksac,Organic_B,inksac,0.028,Detected,no,0.23683874943555233,-0.23923675865659264,False,False
65_05_inksac,Organic_B,inksac,0.817,Detected,yes,0.23683874943555233,0.5497632413434073,False,True
49_14_muscle,Organic_C,muscle,0.0,BLOD,no,0.23431073091642934,-0.2640372066299787,False,False
49_14_liver,Organic_C,liver,0.0,BLOD,no,0.23431073091642934,-0.2640372066299787,False,False
49_14_inksac,Organic_C,inksac,0.0,BLOD,no,0.23431073091642934,-0.2640372066299787,False,False
49_14_stomach,Organic_C,stomach,0.0,BLOD,no,0.23431073091642934,-0.2640372066299787,False,False
49_07_muscle,Organic_C,muscle,0.0,BLOD,no,0.23431073091642934,-0.2640372066299787,False,False
49_07_liver,Organic_C,liver,0.0,BLOD,no,0.23431073091642934,-0.2640372066299787,False,False
49_07_inksac,Organic_C,inksac,0.0,BLOD,no,0.23431073091642934,-0.2640372066299787,False,False
49_07_stomach,Organic_C,stomach,0.0,BLOD,no,0.23431073091642934,-0.2640372066299787,False,False
49_11_muscle,Organic_C,muscle,10.0,BLOQ,no,0.23431073091642934,9.735962793370021,False,False
49_11_liver,Organic_C,liver,0.0,BLOD,no,0.23431073091642934,-0.2640372066299787,False,False
49_11_inksac,Organic_C,inksac,0.0,BLOD,no,0.23431073091642934,-0.2640372066299787,False,False
49_11_stomach,Organic_C,stomach,0.0,BLOD,no,0.23431073091642934,-0.2640372066299787,False,False
49_12_muscle,Organic_C,muscle,10.0,BLOQ,no,0.23431073091642934,9.735962793370021,False,False
49_12_liver,Organic_C,liver,0.0,BLOD,no,0.23431073091642934,-0.2640372066299787,False,False
49_12_inksac,Organic_C,inksac,0.0,BLOD,no,0.23431073091642934,-0.2640372066299787,False,False
49_12_stomach,Organic_C,stomach,0.0,BLOD,no,0.23431073091642934,-0.2640372066299787,False,False
49_15_muscle,Organic_C,muscle,0.0,BLOD,no,0.23431073091642934,-0.2640372066299787,False,False
49_15_liver,Organic_C,liver,0.0,BLOD,no,0.23431073091642934,-0.2640372066299787,False,False
49_15_inksac,Organic_C,inksac,0.0,BLOD,no,0.23431073091642934,-0.2640372066299787,False,False
49_15_stomach,Organic_C,stomach,0.0,BLOD,no,0.23431073091642934,-0.2640372066299787,False,False
49_10_muscle,Organic_C,muscle,0.0,BLOD,no,0.23431073091642934,-0.2640372066299787,False,False
49_13_muscle,Organic_C,muscle,10.0,BLOQ,no,0.23431073091642934,9.735962793370021,False,False
49_10_liver,Organic_C,liver,0.0,BLOD,no,0.23431073091642934,-0.2640372066299787,False,False
49_13_liver,Organic_C,liver,0.0,BLOD,no,0.23431073091642934,-0.2640372066299787,False,False
49_10_inksac,Organic_C,inksac,0.0,BLOD,no,0.23431073091642934,-0.2640372066299787,False,False
49_13_inksac,Organic_C,inksac,0.0,BLOD,no,0.23431073091642934,-0.2640372066299787,False,False
49_10_stomach,Organic_C,stomach,0.0,BLOD,no,0.23431073091642934,-0.2640372066299787,False,False
49_13_stomach,Organic_C,stomach,0.0,BLOD,no,0.23431073091642934,-0.2640372066299787,False,False
49_08_muscle,Organic_C,muscle,0.0,BLOD,no,0.23431073091642934,-0.2640372066299787,False,False
49_08_liver,Organic_C,liver,0.0,BLOD,no,0.23431073091642934,-0.2640372066299787,False,False
49_08_inksac,Organic_C,inksac,0.0,BLOD,no,0.23431073091642934,-0.2640372066299787,False,False
49_08_stomach,Organic_C,stomach,0.0,BLOD,no,0.23431073091642934,-0.2640372066299787,False,False
60_10_muscle,Organic_C,muscle,1.0,BLOQ,no,0.7801280787305187,-0.18175168359000327,False,False
60_10_liver,Organic_C,liver,0.122,Detected,no,0.7801280787305187,-1.0597516835900032,False,False
60_10_stomach,Organic_C,stomach,2.5,BLOQ,no,0.7801280787305187,1.3182483164099967,False,False
49_06_muscle,Organic_C,muscle,0.0,BLOD,no,0.23431073091642934,-0.2640372066299787,False,False
49_06_liver,Organic_C,liver,0.0,BLOD,no,0.23431073091642934,-0.2640372066299787,False,False
49_06_inksac,Organic_C,inksac,0.0,BLOD,no,0.23431073091642934,-0.2640372066299787,False,False
49_06_stomach,Organic_C,stomach,0.0,BLOD,no,0.23431073091642934,-0.2640372066299787,False,False
60_09_muscle,Organic_C,muscle,1.0,BLOQ,no,0.7801280787305187,-0.18175168359000327,False,False
60_09_liver,Organic_C,liver,0.074,Detected,no,0.7801280787305187,-1.1077516835900032,False,False
60_09_inksac,Organic_C,inksac,5.0,BLOQ,no,0.7801280787305187,3.8182483164099965,False,False
60_09_stomach,Organic_C,stomach,2.5,BLOQ,no,0.7801280787305187,1.3182483164099967,False,False
49_09_muscle,Organic_C,muscle,0.0,BLOD,no,0.23431073091642934,-0.2640372066299787,False,False
49_09_liver,Organic_C,liver,0.0,BLOD,no,0.23431073091642934,-0.2640372066299787,False,False
49_09_inksac,Organic_C,inksac,0.0,BLOD,no,0.23431073091642934,-0.2640372066299787,False,False
49_09_stomach,Organic_C,stomach,0.0,BLOD,no,0.23431073091642934,-0.2640372066299787,False,False
65_07_muscle,Organic_C,muscle,1.0,BLOQ,no,0.8117435162372294,-0.25183066938784315,False,False
65_07_liver,Organic_C,liver,0.113,Detected,no,0.8117435162372294,-1.1388306693878432,False,False
65_07_stomach,Organic_C,stomach,2.5,BLOQ,no,0.8117435162372294,1.2481693306121568,False,False
65_06_muscle,Organic_C,muscle,1.0,BLOQ,no,0.8117435162372294,-0.25183066938784315,False,False
65_06_liver,Organic_C,liver,0.025,Detected,no,0.8117435162372294,-1.2268306693878432,False,False
65_06_inksac,Organic_C,inksac,5.0,BLOQ,no,0.8117435162372294,3.748169330612157,False,False
65_06_stomach,Organic_C,stomach,2.5,BLOQ,no,0.8117435162372294,1.2481693306121568,False,False
65_08_muscle,Organic_C,muscle,1.0,BLOQ,no,0.8117435162372294,-0.25183066938784315,False,False
65_08_liver,Organic_C,liver,0.063,Detected,no,0.8117435162372294,-1.1888306693878432,False,False
65_08_stomach,Organic_C,stomach,2.5,BLOQ,no,0.8117435162372294,1.2481693306121568,False,False
60_08_muscle,Organic_C,muscle,1.0,BLOQ,no,0.7801280787305187,-0.18175168359000327,False,False
60_08_liver,Organic_C,liver,2.5,BLOQ,no,0.7801280787305187,1.3182483164099967,False,False
60_08_stomach,Organic_C,stomach,2.5,BLOQ,no,0.7801280787305187,1.3182483164099967,False,False
60_12_muscle,Organic_C,muscle,1.0,BLOQ,no,0.7801280787305187,-0.18175168359000327,False,False
60_12_liver,Organic_C,liver,0.077,Detected,no,0.7801280787305187,-1.1047516835900033,False,False
60_12_inksac,Organic_C,inksac,5.0,BLOQ,no,0.7801280787305187,3.8182483164099965,False,False
60_12_stomach,Organic_C,stomach,2.5,BLOQ,no,0.7801280787305187,1.3182483164099967,False,False
60_01_muscle,Organic_C,muscle,1.0,BLOQ,no,0.7801280787305187,-0.18175168359000327,False,False
60_01_liver,Organic_C,liver,2.5,BLOQ,no,0.7801280787305187,1.3182483164099967,False,False
60_01_inksac,Organic_C,inksac,5.0,BLOQ,no,0.7801280787305187,3.8182483164099965,False,False
60_01_stomach,Organic_C,stomach,2.5,BLOQ,no,0.7801280787305187,1.3182483164099967,False,False
65_01_muscle,Organic_C,muscle,1.0,BLOQ,,0.8117435162372294,-0.25183066938784315,False,False
65_01_liver,Organic_C,liver,0.118,Detected,no,0.8117435162372294,-1.133830669387843,False,False
65_01_stomach,Organic_C,stomach,2.5,BLOQ,no,0.8117435162372294,1.2481693306121568,False,False
28_12_muscle,Organic_C,muscle,0.0,BLOD,no,0.06379460739106096,-0.06587345374796702,False,False
28_12_liver,Organic_C,liver,0.0,BLOD,no,0.06379460739106096,-0.06587345374796702,False,False
28_12_stomach,Organic_C,stomach,0.0,BLOD,no,0.06379460739106096,-0.06587345374796702,False,False
65_15_muscle,Organic_C,muscle,1.0,BLOQ,no,0.8117435162372294,-0.25183066938784315,False,False
65_15_liver,Organic_C,liver,0.0,BLOD,no,0.8117435162372294,-1.2518306693878432,False,False
65_15_inksac,Organic_C,inksac,5.0,BLOQ,no,0.8117435162372294,3.748169330612157,False,False
65_15_stomach,Organic_C,stomach,2.5,BLOQ,no,0.8117435162372294,1.2481693306121568,False,False
65_09_muscle,Organic_C,muscle,1.0,BLOQ,no,0.8117435162372294,-0.25183066938784315,False,False
65_09_liver,Organic_C,liver,0.033,Detected,no,0.8117435162372294,-1.2188306693878432,False,False
65_09_stomach,Organic_C,stomach,2.5,BLOQ,no,0.8117435162372294,1.2481693306121568,False,False
65_02_muscle,Organic_C,muscle,1.0,BLOQ,,0.8117435162372294,-0.25183066938784315,False,False
65_12_muscle,Organic_C,muscle,1.0,BLOQ,no,0.8117435162372294,-0.25183066938784315,False,False
65_02_liver,Organic_C,liver,0.03,Detected,no,0.8117435162372294,-1.2218306693878431,False,False
65_12_liver,Organic_C,liver,0.063,Detected,no,0.8117435162372294,-1.1888306693878432,False,False
65_02_inksac,Organic_C,inksac,5.0,BLOQ,no,0.8117435162372294,3.748169330612157,False,False
65_12_inksac,Organic_C,inksac,5.0,BLOQ,no,0.8117435162372294,3.748169330612157,False,False
65_02_stomach,Organic_C,stomach,2.5,BLOQ,no,0.8117435162372294,1.2481693306121568,False,False
65_12_stomach,Organic_C,stomach,2.5,BLOQ,no,0.8117435162372294,1.2481693306121568,False,False
60_11_muscle,Organic_C,muscle,1.0,BLOQ,no,0.7801280787305187,-0.18175168359000327,False,False
60_11_liver,Organic_C,liver,0.056,Detected,no,0.7801280787305187,-1.1257516835900032,False,False
60_11_stomach,Organic_C,stomach,2.5,BLOQ,no,0.7801280787305187,1.3182483164099967,False,False
60_14_muscle,Organic_C,muscle,1.0,BLOQ,,0.7801280787305187,-0.18175168359000327,False,False
60_14_liver,Organic_C,liver,0.043,Detected,no,0.7801280787305187,-1.1387516835900033,False,False
60_14_inksac,Organic_C,inksac,5.0,BLOQ,no,0.7801280787305187,3.8182483164099965,False,False
60_14_stomach,Organic_C,stomach,2.5,BLOQ,no,0.7801280787305187,1.3182483164099967,False,False
60_05_muscle,Organic_C,muscle,1.0,BLOQ,no,0.7801280787305187,-0.18175168359000327,False,False
60_05_liver,Organic_C,liver,0.053,Detected,no,0.7801280787305187,-1.1287516835900033,False,False
60_05_inksac,Organic_C,inksac,5.0,BLOQ,no,0.7801280787305187,3.8182483164099965,False,False
60_05_stomach,Organic_C,stomach,2.5,BLOQ,no,0.7801280787305187,1.3182483164099967,False,False
65_11_muscle,Organic_C,muscle,1.0,BLOQ,no,0.8117435162372294,-0.25183066938784315,False,False
65_11_liver,Organic_C,liver,0.08,Detected,no,0.8117435162372294,-1.171830669387843,False,False
65_11_inksac,Organic_C,inksac,5.0,BLOQ,no,0.8117435162372294,3.748169330612157,False,False
65_11_stomach,Organic_C,stomach,2.5,BLOQ,no,0.8117435162372294,1.2481693306121568,False,False
60_13_muscle,Organic_C,muscle,1.0,BLOQ,no,0.7801280787305187,-0.18175168359000327,False,False
65_10_muscle,Organic_C,muscle,1.0,BLOQ,no,0.8117435162372294,-0.25183066938784315,False,False
60_13_liver,Organic_C,liver,0.127,Detected,no,0.7801280787305187,-1.0547516835900033,False,False
65_10_liver,Organic_C,liver,0.056,Detected,no,0.8117435162372294,-1.195830669387843,False,False
65_10_inksac,Organic_C,inksac,5.0,BLOQ,no,0.8117435162372294,3.748169330612157,False,False
60_13_stomach,Organic_C,stomach,2.5,BLOQ,no,0.7801280787305187,1.3182483164099967,False,False
65_10_stomach,Organic_C,stomach,2.5,BLOQ,no,0.8117435162372294,1.2481693306121568,False,False
60_07_muscle,Organic_C,muscle,1.0,BLOQ,no,0.7801280787305187,-0.18175168359000327,False,False
60_07_liver,Organic_C,liver,0.0,BLOD,no,0.7801280787305187,-1.1817516835900033,False,False
60_07_stomach,Organic_C,stomach,2.5,BLOQ,no,0.7801280787305187,1.3182483164099967,False,False
65_14_muscle,Organic_C,muscle,1.0,BLOQ,no,0.8117435162372294,-0.25183066938784315,False,False
65_14_liver,Organic_C,liver,2.5,BLOQ,no,0.8117435162372294,1.2481693306121568,False,False
65_14_stomach,Organic_C,stomach,2.5,BLOQ,no,0.8117435162372294,1.2481693306121568,False,False
28_04_muscle,Organic_C,muscle,0.0,BLOD,no,0.06379460739106096,-0.06587345374796702,False,False
28_04_liver,Organic_C,liver,0.0,BLOD,no,0.06379460739106096,-0.06587345374796702,False,False
28_04_stomach,Organic_C,stomach,0.0,BLOD,no,0.06379460739106096,-0.06587345374796702,False,False
60_02_muscle,Organic_C,muscle,1.0,BLOQ,no,0.7801280787305187,-0.18175168359000327,False,False
60_02_liver,Organic_C,liver,0.079,Detected,no,0.7801280787305187,-1.1027516835900033,False,False
60_02_stomach,Organic_C,stomach,2.5,BLOQ,no,0.7801280787305187,1.3182483164099967,False,False
60_03_muscle,Organic_C,muscle,1.0,BLOQ,no,0.7801280787305187,-0.18175168359000327,False,False
60_04_muscle,Organic_C,muscle,1.0,BLOQ,no,0.7801280787305187,-0.18175168359000327,False,False
60_03_liver,Organic_C,liver,0.105,Detected,no,0.7801280787305187,-1.0767516835900033,False,False
60_04_liver,Organic_C,liver,0.043,Detected,no,0.7801280787305187,-1.1387516835900033,False,False
60_04_inksac,Organic_C,inksac,5.0,BLOQ,no,0.7801280787305187,3.8182483164099965,False,False
60_03_stomach,Organic_C,stomach,2.5,BLOQ,no,0.7801280787305187,1.3182483164099967,False,False
60_04_stomach,Organic_C,stomach,2.5,BLOQ,no,0.7801280787305187,1.3182483164099967,False,False
47_12_muscle,Organic_C,muscle,10.0,BLOQ,no,0.379748277242312,9.538083454550685,False,False
47_12_liver,Organic_C,liver,0.0,BLOD,no,0.379748277242312,-0.4619165454493143,False,False
47_12_inksac,Organic_C,inksac,5.0,BLOQ,no,0.379748277242312,4.538083454550685,False,False
47_12_stomach,Organic_C,stomach,0.0,BLOD,no,0.379748277242312,-0.4619165454493143,False,False
65_13_muscle,Organic_C,muscle,1.0,BLOQ,no,0.8117435162372294,-0.25183066938784315,False,False
65_13_liver,Organic_C,liver,0.069,Detected,no,0.8117435162372294,-1.1828306693878432,False,False
65_13_inksac,Organic_C,inksac,5.0,BLOQ,no,0.8117435162372294,3.748169330612157,False,False
65_13_stomach,Organic_C,stomach,0.065,Detected,no,0.8117435162372294,-1.1868306693878432,False,False
60_06_muscle,Organic_C,muscle,1.0,BLOQ,no,0.7801280787305187,-0.18175168359000327,False,False
60_06_liver,Organic_C,liver,0.091,Detected,no,0.7801280787305187,-1.0907516835900033,False,False
60_06_inksac,Organic_C,inksac,5.0,BLOQ,no,0.7801280787305187,3.8182483164099965,False,False
60_06_stomach,Organic_C,stomach,2.5,BLOQ,no,0.7801280787305187,1.3182483164099967,False,False
49_01_muscle,Organic_C,muscle,0.0,BLOD,no,0.23431073091642934,-0.2640372066299787,False,False
49_01_liver,Organic_C,liver,0.0,BLOD,no,0.23431073091642934,-0.2640372066299787,False,False
49_01_stomach,Organic_C,stomach,0.0,BLOD,no,0.23431073091642934,-0.2640372066299787,False,False
26_15_muscle,Organic_C,muscle,0.0,BLOD,no,0.36733673877074036,-0.44388404900094636,False,False
26_15_liver,Organic_C,liver,0.0,BLOD,no,0.36733673877074036,-0.44388404900094636,False,False
26_15_stomach,Organic_C,stomach,0.0,BLOD,no,0.36733673877074036,-0.44388404900094636,False,False
28_10_muscle,Organic_C,muscle,0.0,BLOD,no,0.06379460739106096,-0.06587345374796702,False,False
28_10_liver,Organic_C,liver,0.0,BLOD,no,0.06379460739106096,-0.06587345374796702,False,False
28_10_stomach,Organic_C,stomach,0.0,BLOD,no,0.06379460739106096,-0.06587345374796702,False,False
60_15_muscle,Organic_C,muscle,1.0,BLOQ,no,0.7801280787305187,-0.18175168359000327,False,False
60_15_liver,Organic_C,liver,0.091,Detected,no,0.7801280787305187,-1.0907516835900033,False,False
60_15_stomach,Organic_C,stomach,2.5,BLOQ,no,0.7801280787305187,1.3182483164099967,False,False
47_03_muscle,Organic_C,muscle,10.0,BLOQ,no,0.379748277242312,9.538083454550685,False,False
47_03_liver,Organic_C,liver,0.0,BLOD,no,0.379748277242312,-0.4619165454493143,False,False
47_03_inksac,Organic_C,inksac,0.0,BLOD,no,0.379748277242312,-0.4619165454493143,False,False
47_03_stomach,Organic_C,stomach,0.0,BLOD,no,0.379748277242312,-0.4619165454493143,False,False
28_08_muscle,Organic_C,muscle,0.0,BLOD,no,0.06379460739106096,-0.06587345374796702,False,False
28_08_liver,Organic_C,liver,0.0,BLOD,no,0.06379460739106096,-0.06587345374796702,False,False
28_08_stomach,Organic_C,stomach,0.0,BLOD,no,0.06379460739106096,-0.06587345374796702,False,False
26_07_muscle,Organic_C,muscle,0.0,BLOD,no,0.36733673877074036,-0.44388404900094636,False,False
26_07_liver,Organic_C,liver,0.0,BLOD,no,0.36733673877074036,-0.44388404900094636,False,False
26_07_stomach,Organic_C,stomach,0.0,BLOD,no,0.36733673877074036,-0.44388404900094636,False,False
65_03_muscle,Organic_C,muscle,1.0,BLOQ,no,0.8117435162372294,-0.25183066938784315,False,False
65_03_liver,Organic_C,liver,0.053,Detected,no,0.8117435162372294,-1.1988306693878432,False,False
65_03_inksac,Organic_C,inksac,5.0,BLOQ,no,0.8117435162372294,3.748169330612157,False,False
65_03_stomach,Organic_C,stomach,2.5,BLOQ,no,0.8117435162372294,1.2481693306121568,False,False
65_04_muscle,Organic_C,muscle,1.0,BLOQ,,0.8117435162372294,-0.25183066938784315,False,False
65_04_liver,Organic_C,liver,0.126,Detected,no,0.8117435162372294,-1.125830669387843,False,False
65_04_inksac,Organic_C,inksac,5.0,BLOQ,no,0.8117435162372294,3.748169330612157,False,False
65_04_stomach,Organic_C,stomach,2.5,BLOQ,no,0.8117435162372294,1.2481693306121568,False,False
26_03_muscle,Organic_C,muscle,0.0,BLOD,no,0.36733673877074036,-0.44388404900094636,False,False
26_03_liver,Organic_C,liver,0.0,BLOD,no,0.36733673877074036,-0.44388404900094636,False,False
26_03_stomach,Organic_C,stomach,0.0,BLOD,no,0.36733673877074036,-0.44388404900094636,False,False
28_11_muscle,Organic_C,muscle,0.0,BLOD,no,0.06379460739106096,-0.06587345374796702,False,False
28_11_liver,Organic_C,liver,0.0,BLOD,no,0.06379460739106096,-0.06587345374796702,False,False
28_11_stomach,Organic_C,stomach,0.0,BLOD,no,0.06379460739106096,-0.06587345374796702,False,False
47_07_muscle,Organic_C,muscle,10.0,BLOQ,no,0.379748277242312,9.538083454550685,False,False
47_07_liver,Organic_C,liver,0.0,BLOD,no,0.379748277242312,-0.4619165454493143,False,False
47_07_inksac,Organic_C,inksac,5.0,BLOQ,no,0.379748277242312,4.538083454550685,False,False
47_07_stomach,Organic_C,stomach,2.5,BLOQ,no,0.379748277242312,2.038083454550686,False,False
26_09_muscle,Organic_C,muscle,0.0,BLOD,no,0.36733673877074036,-0.44388404900094636,False,False
26_09_liver,Organic_C,liver,0.0,BLOD,no,0.36733673877074036,-0.44388404900094636,False,False
26_09_stomach,Organic_C,stomach,0.0,BLOD,no,0.36733673877074036,-0.44388404900094636,False,False
65_05_muscle,Organic_C,muscle,1.0,BLOQ,no,0.8117435162372294,-0.25183066938784315,False,False
65_05_liver,Organic_C,liver,0.062,Detected,no,0.8117435162372294,-1.189830669387843,False,False
65_05_stomach,Organic_C,stomach,2.5,BLOQ,no,0.8117435162372294,1.2481693306121568,False,False
26_08_muscle,Organic_C,muscle,0.0,BLOD,no,0.36733673877074036,-0.44388404900094636,False,False
26_08_liver,Organic_C,liver,0.0,BLOD,no,0.36733673877074036,-0.44388404900094636,False,False
26_08_stomach,Organic_C,stomach,0.0,BLOD,no,0.36733673877074036,-0.44388404900094636,False,False
47_02_muscle,Organic_C,muscle,0.0,BLOD,no,0.379748277242312,-0.4619165454493143,False,False
47_02_liver,Organic_C,liver,0.0,BLOD,no,0.379748277242312,-0.4619165454493143,False,False
47_02_inksac,Organic_C,inksac,5.0,BLOQ,no,0.379748277242312,4.538083454550685,False,False
47_02_stomach,Organic_C,stomach,0.0,BLOD,no,0.379748277242312,-0.4619165454493143,False,False
28_05_muscle,Organic_C,muscle,0.0,BLOD,no,0.06379460739106096,-0.06587345374796702,False,False
28_05_liver,Organic_C,liver,0.0,BLOD,no,0.06379460739106096,-0.06587345374796702,False,False
28_05_stomach,Organic_C,stomach,0.0,BLOD,no,0.06379460739106096,-0.06587345374796702,False,False
26_04_muscle,Organic_C,muscle,0.0,BLOD,no,0.36733673877074036,-0.44388404900094636,False,False
26_04_liver,Organic_C,liver,0.0,BLOD,no,0.36733673877074036,-0.44388404900094636,False,False
26_04_stomach,Organic_C,stomach,0.0,BLOD,no,0.36733673877074036,-0.44388404900094636,False,False
47_13_muscle,Organic_C,muscle,10.0,BLOQ,no,0.379748277242312,9.538083454550685,False,False
47_14_muscle,Organic_C,muscle,10.0,BLOQ,no,0.379748277242312,9.538083454550685,False,False
47_13_liver,Organic_C,liver,0.0,BLOD,no,0.379748277242312,-0.4619165454493143,False,False
47_14_liver,Organic_C,liver,0.0,BLOD,no,0.379748277242312,-0.4619165454493143,False,False
47_13_inksac,Organic_C,inksac,0.0,BLOD,no,0.379748277242312,-0.4619165454493143,False,False
47_14_inksac,Organic_C,inksac,0.0,BLOD,no,0.379748277242312,-0.4619165454493143,False,False
47_13_stomach,Organic_C,stomach,0.0,BLOD,no,0.379748277242312,-0.4619165454493143,False,False
47_14_stomach,Organic_C,stomach,0.0,BLOD,no,0.379748277242312,-0.4619165454493143,False,False
28_03_muscle,Organic_C,muscle,0.0,BLOD,no,0.06379460739106096,-0.06587345374796702,False,False
28_03_liver,Organic_C,liver,0.0,BLOD,no,0.06379460739106096,-0.06587345374796702,False,False
28_03_stomach,Organic_C,stomach,0.0,BLOD,no,0.06379460739106096,-0.06587345374796702,False,False
28_02_muscle,Organic_C,muscle,0.0,BLOD,no,0.06379460739106096,-0.06587345374796702,False,False
28_02_liver,Organic_C,liver,0.0,BLOD,no,0.06379460739106096,-0.06587345374796702,False,False
28_02_stomach,Organic_C,stomach,0.0,BLOD,no,0.06379460739106096,-0.06587345374796702,False,False
49_05_muscle,Organic_C,muscle,0.0,BLOD,no,0.23431073091642934,-0.2640372066299787,False,False
49_05_liver,Organic_C,liver,0.0,BLOD,no,0.23431073091642934,-0.2640372066299787,False,False
49_05_inksac,Organic_C,inksac,0.0,BLOD,no,0.23431073091642934,-0.2640372066299787,False,False
49_05_stomach,Organic_C,stomach,0.0,BLOD,no,0.23431073091642934,-0.2640372066299787,False,False
28_06_muscle,Organic_C,muscle,0.0,BLOD,no,0.06379460739106096,-0.06587345374796702,False,False
28_06_liver,Organic_C,liver,0.392,Detected,no,0.06379460739106096,0.32612654625203297,False,False
28_06_stomach,Organic_C,stomach,0.0,BLOD,no,0.06379460739106096,-0.06587345374796702,False,False
28_09_muscle,Organic_C,muscle,0.0,BLOD,no,0.06379460739106096,-0.06587345374796702,False,False
28_09_liver,Organic_C,liver,0.0,BLOD,no,0.06379460739106096,-0.06587345374796702,False,False
28_09_stomach,Organic_C,stomach,2.5,BLOQ,no,0.06379460739106096,2.434126546252033,False,False
49_02_muscle,Organic_C,muscle,0.0,BLOD,no,0.23431073091642934,-0.2640372066299787,False,False
49_02_liver,Organic_C,liver,0.0,BLOD,no,0.23431073091642934,-0.2640372066299787,False,False
49_02_inksac,Organic_C,inksac,5.0,BLOQ,no,0.23431073091642934,4.735962793370021,False,False
49_02_stomach,Organic_C,stomach,0.0,BLOD,no,0.23431073091642934,-0.2640372066299787,False,False
28_14_muscle,Organic_C,muscle,0.0,BLOD,no,0.06379460739106096,-0.06587345374796702,False,False
28_14_liver,Organic_C,liver,0.0,BLOD,no,0.06379460739106096,-0.06587345374796702,False,False
28_14_stomach,Organic_C,stomach,0.0,BLOD,no,0.06379460739106096,-0.06587345374796702,False,False
26_06_muscle,Organic_C,muscle,0.0,BLOD,no,0.36733673877074036,-0.44388404900094636,False,False
26_06_liver,Organic_C,liver,0.0,BLOD,no,0.36733673877074036,-0.44388404900094636,False,False
26_06_stomach,Organic_C,stomach,0.0,BLOD,no,0.36733673877074036,-0.44388404900094636,False,False
47_05_muscle,Organic_C,muscle,0.0,BLOD,no,0.379748277242312,-0.4619165454493143,False,False
47_05_liver,Organic_C,liver,0.0,BLOD,no,0.379748277242312,-0.4619165454493143,False,False
47_05_inksac,Organic_C,inksac,5.0,BLOQ,no,0.379748277242312,4.538083454550685,False,False
47_05_stomach,Organic_C,stomach,0.0,BLOD,no,0.379748277242312,-0.4619165454493143,False,False
28_13_muscle,Organic_C,muscle,0.0,BLOD,no,0.06379460739106096,-0.06587345374796702,False,False
28_13_liver,Organic_C,liver,0.0,BLOD,no,0.06379460739106096,-0.06587345374796702,False,False
28_13_stomach,Organic_C,stomach,0.0,BLOD,no,0.06379460739106096,-0.06587345374796702,False,False
28_01_muscle,Organic_C,muscle,0.0,BLOD,no,0.06379460739106096,-0.06587345374796702,False,False
28_01_liver,Organic_C,liver,0.0,BLOD,no,0.06379460739106096,-0.06587345374796702,False,False
28_01_stomach,Organic_C,stomach,0.0,BLOD,no,0.06379460739106096,-0.06587345374796702,False,False
26_12_muscle,Organic_C,muscle,0.0,BLOD,no,0.36733673877074036,-0.44388404900094636,False,False
26_12_liver,Organic_C,liver,0.0,BLOD,no,0.36733673877074036,-0.44388404900094636,False,False
26_12_stomach,Organic_C,stomach,0.0,BLOD,no,0.36733673877074036,-0.44388404900094636,False,False
47_06_muscle,Organic_C,muscle,0.0,BLOD,no,0.379748277242312,-0.4619165454493143,False,False
47_06_liver,Organic_C,liver,0.0,BLOD,no,0.379748277242312,-0.4619165454493143,False,False
47_06_inksac,Organic_C,inksac,0.0,BLOD,no,0.379748277242312,-0.4619165454493143,False,False
47_06_stomach,Organic_C,stomach,0.0,BLOD,no,0.379748277242312,-0.4619165454493143,False,False
26_05_muscle,Organic_C,muscle,0.0,BLOD,no,0.36733673877074036,-0.44388404900094636,False,False
26_05_liver,Organic_C,liver,0.0,BLOD,no,0.36733673877074036,-0.44388404900094636,False,False
26_05_stomach,Organic_C,stomach,0.0,BLOD,no,0.36733673877074036,-0.44388404900094636,False,False
28_07_muscle,Organic_C,muscle,0.0,BLOD,no,0.06379460739106096,-0.06587345374796702,False,False
28_07_liver,Organic_C,liver,0.0,BLOD,no,0.06379460739106096,-0.06587345374796702,False,False
28_07_stomach,Organic_C,stomach,0.045,Detected,no,0.06379460739106096,-0.020873453747967022,False,False
47_08_muscle,Organic_C,muscle,0.0,BLOD,no,0.379748277242312,-0.4619165454493143,False,False
47_09_muscle,Organic_C,muscle,0.0,BLOD,no,0.379748277242312,-0.4619165454493143,False,False
47_08_liver,Organic_C,liver,0.0,BLOD,no,0.379748277242312,-0.4619165454493143,False,False
47_09_liver,Organic_C,liver,0.0,BLOD,no,0.379748277242312,-0.4619165454493143,False,False
47_08_inksac,Organic_C,inksac,5.0,BLOQ,no,0.379748277242312,4.538083454550685,False,False
47_09_inksac,Organic_C,inksac,5.0,BLOQ,no,0.379748277242312,4.538083454550685,False,False
47_08_stomach,Organic_C,stomach,0.0,BLOD,no,0.379748277242312,-0.4619165454493143,False,False
47_09_stomach,Organic_C,stomach,2.5,BLOQ,no,0.379748277242312,2.038083454550686,False,False
26_13_muscle,Organic_C,muscle,0.0,BLOD,no,0.36733673877074036,-0.44388404900094636,False,False
26_13_liver,Organic_C,liver,0.0,BLOD,no,0.36733673877074036,-0.44388404900094636,False,False
26_13_stomach,Organic_C,stomach,0.0,BLOD,no,0.36733673877074036,-0.44388404900094636,False,False
47_15_muscle,Organic_C,muscle,0.0,BLOD,no,0.379748277242312,-0.4619165454493143,False,False
47_15_liver,Organic_C,liver,0.0,BLOD,no,0.379748277242312,-0.4619165454493143,False,False
47_15_inksac,Organic_C,inksac,0.0,BLOD,no,0.379748277242312,-0.4619165454493143,False,False
47_15_stomach,Organic_C,stomach,0.0,BLOD,no,0.379748277242312,-0.4619165454493143,False,False
26_14_muscle,Organic_C,muscle,0.0,BLOD,no,0.36733673877074036,-0.44388404900094636,False,False
26_14_liver,Organic_C,liver,0.0,BLOD,no,0.36733673877074036,-0.44388404900094636,False,False
26_14_stomach,Organic_C,stomach,0.029,Detected,no,0.36733673877074036,-0.41488404900094633,False,False
47_10_muscle,Organic_C,muscle,0.0,BLOD,no,0.379748277242312,-0.4619165454493143,False,False
47_10_liver,Organic_C,liver,0.0,BLOD,no,0.379748277242312,-0.4619165454493143,False,False
47_10_inksac,Organic_C,inksac,0.0,BLOD,no,0.379748277242312,-0.4619165454493143,False,False
47_10_stomach,Organic_C,stomach,0.0,BLOD,no,0.379748277242312,-0.4619165454493143,False,False
26_02_muscle,Organic_C,muscle,0.0,BLOD,no,0.36733673877074036,-0.44388404900094636,False,False
26_02_liver,Organic_C,liver,0.0,BLOD,no,0.36733673877074036,-0.44388404900094636,False,False
26_02_stomach,Organic_C,stomach,0.0,BLOD,no,0.36733673877074036,-0.44388404900094636,False,False
26_10_muscle,Organic_C,muscle,0.0,BLOD,no,0.36733673877074036,-0.44388404900094636,False,False
26_10_liver,Organic_C,liver,0.0,BLOD,no,0.36733673877074036,-0.44388404900094636,False,False
26_10_stomach,Organic_C,stomach,0.0,BLOD,no,0.36733673877074036,-0.44388404900094636,False,False
26_11_muscle,Organic_C,muscle,0.0,BLOD,no,0.36733673877074036,-0.44388404900094636,False,False
26_11_liver,Organic_C,liver,0.0,BLOD,no,0.36733673877074036,-0.44388404900094636,False,False
26_11_stomach,Organic_C,stomach,0.0,BLOD,no,0.36733673877074036,-0.44388404900094636,False,False
28_15_muscle,Organic_C,muscle,0.0,BLOD,no,0.06379460739106096,-0.06587345374796702,False,False
28_15_liver,Organic_C,liver,0.0,BLOD,no,0.06379460739106096,-0.06587345374796702,False,False
28_15_stomach,Organic_C,stomach,0.0,BLOD,no,0.06379460739106096,-0.06587345374796702,False,False
47_01_muscle,Organic_C,muscle,0.0,BLOD,no,0.379748277242312,-0.4619165454493143,False,False
47_01_liver,Organic_C,liver,0.0,BLOD,no,0.379748277242312,-0.4619165454493143,False,False
47_01_inksac,Organic_C,inksac,0.0,BLOD,no,0.379748277242312,-0.4619165454493143,False,False
47_01_stomach,Organic_C,stomach,0.0,BLOD,no,0.379748277242312,-0.4619165454493143,False,False
49_04_muscle,Organic_C,muscle,0.0,BLOD,no,0.23431073091642934,-0.2640372066299787,False,False
49_04_liver,Organic_C,liver,0.0,BLOD,no,0.23431073091642934,-0.2640372066299787,False,False
49_04_inksac,Organic_C,inksac,0.0,BLOD,no,0.23431073091642934,-0.2640372066299787,False,False
49_04_stomach,Organic_C,stomach,0.0,BLOD,no,0.23431073091642934,-0.2640372066299787,False,False
26_01_muscle,Organic_C,muscle,0.0,BLOD,no,0.36733673877074036,-0.44388404900094636,False,False
26_01_liver,Organic_C,liver,0.0,BLOD,no,0.36733673877074036,-0.44388404900094636,False,False
26_01_stomach,Organic_C,stomach,0.0,BLOD,no,0.36733673877074036,-0.44388404900094636,False,False
49_03_muscle,Organic_C,muscle,10.0,BLOQ,no,0.23431073091642934,9.735962793370021,False,False
49_03_liver,Organic_C,liver,0.0,BLOD,no,0.23431073091642934,-0.2640372066299787,False,False
49_03_inksac,Organic_C,inksac,0.0,BLOD,no,0.23431073091642934,-0.2640372066299787,False,False
49_03_stomach,Organic_C,stomach,0.0,BLOD,no,0.23431073091642934,-0.2640372066299787,False,False
47_04_muscle,Organic_C,muscle,0.0,BLOD,no,0.379748277242312,-0.4619165454493143,False,False
47_11_muscle,Organic_C,muscle,0.0,BLOD,no,0.379748277242312,-0.4619165454493143,False,False
47_04_liver,Organic_C,liver,0.0,BLOD,no,0.379748277242312,-0.4619165454493143,False,False
47_11_liver,Organic_C,liver,0.0,BLOD,no,0.379748277242312,-0.4619165454493143,False,False
47_04_inksac,Organic_C,inksac,5.0,BLOQ,no,0.379748277242312,4.538083454550685,False,False
47_11_inksac,Organic_C,inksac,0.0,BLOD,no,0.379748277242312,-0.4619165454493143,False,False
47_04_stomach,Organic_C,stomach,0.0,BLOD,no,0.379748277242312,-0.4619165454493143,False,False
47_11_stomach,Organic_C,stomach,2.5,BLOQ,no,0.379748277242312,2.038083454550686,False,False
60_10_inksac,Organic_C,inksac,5.0,BLOQ,no,0.7801280787305187,3.8182483164099965,False,False
65_08_inksac,Organic_C,inksac,5.0,BLOQ,no,0.8117435162372294,3.748169330612157,False,False
65_01_inksac,Organic_C,inksac,5.0,BLOQ,no,0.8117435162372294,3.748169330612157,False,False
60_15_inksac,Organic_C,inksac,5.0,BLOQ,no,0.8217395544209931,3.7255470671219633,False,False
60_07_inksac,Organic_C,inksac,5.0,BLOQ,no,0.7801280787305187,3.8182483164099965,False,False
65_14_inksac,Organic_C,inksac,5.0,BLOQ,no,0.8117435162372294,3.748169330612157,False,False
60_03_inksac,Organic_C,inksac,5.0,BLOQ,no,0.7801280787305187,3.8182483164099965,False,False
49_01_inksac,Organic_C,inksac,0.0,BLOD,no,0.23431073091642934,-0.2640372066299787,False,False
65_05_inksac,Organic_C,inksac,5.0,BLOQ,no,0.8117435162372294,3.748169330612157,False,False
49_14_muscle,Organic_D,muscle,0.725,Detected,no,1.4739505830075479,-2.641451139731766,False,False
49_14_liver,Organic_D,liver,6.337,Detected,no,1.4739505830075479,2.9705488602682335,False,False
49_14_inksac,Organic_D,inksac,0.507,Detected,no,1.4739505830075479,-2.859451139731766,False,False
49_14_stomach,Organic_D,stomach,2.864,Detected,no,1.4739505830075479,-0.5024511397317664,False,False
49_07_muscle,Organic_D,muscle,0.257,Detected,no,1.4739505830075479,-3.109451139731766,False,False
49_07_liver,Organic_D,liver,1.929,Detected,no,1.4739505830075479,-1.4374511397317662,False,False
49_07_inksac,Organic_D,inksac,6.462,Detected,yes,1.4739505830075479,3.0955488602682335,False,True
49_07_stomach,Organic_D,stomach,2.169,Detected,no,1.4739505830075479,-1.1974511397317662,False,False
49_11_muscle,Organic_D,muscle,0.647,Detected,no,1.4739505830075479,-2.719451139731766,False,False
49_11_liver,Organic_D,liver,41.556,Detected,no,1.4739505830075479,38.18954886026823,True,True
49_11_inksac,Organic_D,inksac,1.337,Detected,no,1.4739505830075479,-2.0294511397317665,False,False
49_11_stomach,Organic_D,stomach,2.359,Detected,no,1.4739505830075479,-1.0074511397317663,False,False
49_12_muscle,Organic_D,muscle,0.59,Detected,no,1.4739505830075479,-2.7764511397317664,False,False
49_12_liver,Organic_D,liver,3.968,Detected,no,1.4739505830075479,0.6015488602682337,False,False
49_12_inksac,Organic_D,inksac,0.898,Detected,no,1.4739505830075479,-2.468451139731766,False,False
49_12_stomach,Organic_D,stomach,4.196,Detected,no,1.4739505830075479,0.8295488602682335,False,False
49_15_muscle,Organic_D,muscle,0.43,Detected,no,1.4739505830075479,-2.936451139731766,False,False
49_15_liver,Organic_D,liver,4.466,Detected,no,1.4739505830075479,1.099548860268234,False,False
49_15_inksac,Organic_D,inksac,1.364,Detected,no,1.4739505830075479,-2.0024511397317664,False,False
49_15_stomach,Organic_D,stomach,4.146,Detected,no,1.4739505830075479,0.7795488602682337,False,False
49_10_muscle,Organic_D,muscle,0.249,Detected,no,1.4739505830075479,-3.117451139731766,False,False
49_13_muscle,Organic_D,muscle,0.222,Detected,no,1.4739505830075479,-3.1444511397317663,False,False
49_10_liver,Organic_D,liver,18.202,Detected,no,1.4739505830075479,14.835548860268236,False,False
49_13_liver,Organic_D,liver,11.484,Detected,no,1.4739505830075479,8.117548860268233,False,False
49_10_inksac,Organic_D,inksac,0.225,Detected,no,1.4739505830075479,-3.141451139731766,False,False
49_13_inksac,Organic_D,inksac,0.486,Detected,no,1.4739505830075479,-2.8804511397317665,False,False
49_10_stomach,Organic_D,stomach,0.956,Detected,no,1.4739505830075479,-2.4104511397317663,False,False
49_13_stomach,Organic_D,stomach,1.992,Detected,no,1.4739505830075479,-1.3744511397317662,False,False
49_08_muscle,Organic_D,muscle,0.392,Detected,no,1.4739505830075479,-2.9744511397317663,False,False
49_08_liver,Organic_D,liver,36.215,Detected,no,1.4739505830075479,32.84854886026824,True,True
49_08_inksac,Organic_D,inksac,1.417,Detected,no,1.4739505830075479,-1.9494511397317662,False,False
49_08_stomach,Organic_D,stomach,2.44,Detected,no,1.4739505830075479,-0.9264511397317663,False,False
60_10_muscle,Organic_D,muscle,10.0,BLOQ,no,1.74830893254545,5.255120521684819,False,False
60_10_liver,Organic_D,liver,14.699,Detected,no,1.74830893254545,9.954120521684818,False,False
60_10_stomach,Organic_D,stomach,3.106,Detected,no,1.74830893254545,-1.6388794783151814,False,False
49_06_muscle,Organic_D,muscle,0.198,Detected,no,1.4739505830075479,-3.1684511397317663,False,False
49_06_liver,Organic_D,liver,8.9,Detected,no,1.4739505830075479,5.533548860268234,False,False
49_06_inksac,Organic_D,inksac,1.379,Detected,no,1.4739505830075479,-1.9874511397317662,False,False
49_06_stomach,Organic_D,stomach,1.896,Detected,no,1.4739505830075479,-1.4704511397317663,False,False
60_09_muscle,Organic_D,muscle,10.0,BLOQ,no,1.74830893254545,5.255120521684819,False,False
60_09_liver,Organic_D,liver,20.887,Detected,no,1.74830893254545,16.14212052168482,False,False
60_09_inksac,Organic_D,inksac,2.267,Detected,no,1.74830893254545,-2.4778794783151814,False,False
60_09_stomach,Organic_D,stomach,2.686,Detected,no,1.74830893254545,-2.0588794783151814,False,False
49_09_muscle,Organic_D,muscle,0.237,Detected,no,1.4739505830075479,-3.129451139731766,False,False
49_09_liver,Organic_D,liver,4.733,Detected,no,1.4739505830075479,1.3665488602682334,False,False
49_09_inksac,Organic_D,inksac,1.164,Detected,no,1.4739505830075479,-2.2024511397317665,False,False
49_09_stomach,Organic_D,stomach,5.103,Detected,no,1.4739505830075479,1.7365488602682335,False,False
65_07_muscle,Organic_D,muscle,10.0,BLOQ,no,1.5164048921069397,6.444182935572975,False,False
65_07_liver,Organic_D,liver,8.033,Detected,no,1.5164048921069397,4.477182935572975,False,False
65_07_stomach,Organic_D,stomach,1.337,Detected,no,1.5164048921069397,-2.218817064427025,False,False
65_06_muscle,Organic_D,muscle,10.0,BLOQ,no,1.5164048921069397,6.444182935572975,False,False
65_06_liver,Organic_D,liver,4.627,Detected,no,1.5164048921069397,1.071182935572975,False,False
65_06_inksac,Organic_D,inksac,0.4,Detected,no,1.5164048921069397,-3.155817064427025,False,False
65_06_stomach,Organic_D,stomach,0.681,Detected,no,1.5164048921069397,-2.874817064427025,False,False
65_08_muscle,Organic_D,muscle,10.0,BLOQ,no,1.5164048921069397,6.444182935572975,False,False
65_08_liver,Organic_D,liver,5.529,Detected,no,1.5164048921069397,1.973182935572975,False,False
65_08_stomach,Organic_D,stomach,1.487,Detected,no,1.5164048921069397,-2.0688170644270247,False,False
60_08_muscle,Organic_D,muscle,0.133,Detected,no,1.74830893254545,-4.611879478315181,False,False
60_08_liver,Organic_D,liver,12.533,Detected,no,1.74830893254545,7.788120521684818,False,False
60_08_stomach,Organic_D,stomach,4.273,Detected,no,1.74830893254545,-0.4718794783151816,False,False
60_12_muscle,Organic_D,muscle,10.0,BLOQ,no,1.74830893254545,5.255120521684819,False,False
60_12_liver,Organic_D,liver,16.194,Detected,no,1.74830893254545,11.449120521684819,False,False
60_12_inksac,Organic_D,inksac,5.0,BLOQ,no,1.74830893254545,0.2551205216848187,False,False
60_12_stomach,Organic_D,stomach,5.05,Detected,no,1.74830893254545,0.3051205216848185,False,False
60_01_muscle,Organic_D,muscle,0.118,Detected,no,1.74830893254545,-4.626879478315181,False,False
60_01_liver,Organic_D,liver,8.971,Detected,no,1.74830893254545,4.226120521684819,False,False
60_01_inksac,Organic_D,inksac,2.455,Detected,no,1.74830893254545,-2.2898794783151812,False,False
60_01_stomach,Organic_D,stomach,1.71,Detected,no,1.74830893254545,-3.0348794783151813,False,False
65_01_muscle,Organic_D,muscle,10.0,BLOQ,,1.5164048921069397,6.444182935572975,False,False
65_01_liver,Organic_D,liver,25.542,Detected,no,1.5164048921069397,21.986182935572977,False,False
65_01_stomach,Organic_D,stomach,0.475,Detected,no,1.5164048921069397,-3.0808170644270247,False,False
28_12_muscle,Organic_D,muscle,0.621,Detected,no,1.4118302623879166,-2.4824589418166374,False,False
28_12_liver,Organic_D,liver,24.762,Detected,no,1.4118302623879166,21.658541058183364,False,False
28_12_stomach,Organic_D,stomach,1.681,Detected,no,1.4118302623879166,-1.4224589418166373,False,False
65_15_muscle,Organic_D,muscle,0.172,Detected,no,1.5164048921069397,-3.3838170644270247,False,False
65_15_liver,Organic_D,liver,14.882,Detected,no,1.5164048921069397,11.326182935572975,False,False
65_15_inksac,Organic_D,inksac,2.305,Detected,no,1.5164048921069397,-1.2508170644270247,False,False
65_15_stomach,Organic_D,stomach,0.982,Detected,no,1.5164048921069397,-2.5738170644270246,False,False
65_09_muscle,Organic_D,muscle,10.0,BLOQ,no,1.5164048921069397,6.444182935572975,False,False
65_09_liver,Organic_D,liver,9.69,Detected,no,1.5164048921069397,6.134182935572975,False,False
65_09_stomach,Organic_D,stomach,0.899,Detected,no,1.5164048921069397,-2.656817064427025,False,False
65_02_muscle,Organic_D,muscle,10.0,BLOQ,,1.5164048921069397,6.444182935572975,False,False
65_12_muscle,Organic_D,muscle,10.0,BLOQ,no,1.5164048921069397,6.444182935572975,False,False
65_02_liver,Organic_D,liver,11.897,Detected,no,1.5164048921069397,8.341182935572975,False,False
65_12_liver,Organic_D,liver,8.856,Detected,no,1.5164048921069397,5.300182935572975,False,False
65_02_inksac,Organic_D,inksac,2.99,Detected,no,1.5164048921069397,-0.5658170644270246,False,False
65_12_inksac,Organic_D,inksac,2.745,Detected,no,1.5164048921069397,-0.8108170644270247,False,False
65_02_stomach,Organic_D,stomach,0.424,Detected,no,1.5164048921069397,-3.131817064427025,False,False
65_12_stomach,Organic_D,stomach,0.629,Detected,no,1.5164048921069397,-2.926817064427025,False,False
60_11_muscle,Organic_D,muscle,10.0,BLOQ,no,1.74830893254545,5.255120521684819,False,False
60_11_liver,Organic_D,liver,15.111,Detected,no,1.74830893254545,10.36612052168482,False,False
60_11_stomach,Organic_D,stomach,0.23,Detected,no,1.74830893254545,-4.514879478315181,False,False
60_14_muscle,Organic_D,muscle,10.0,BLOQ,,1.74830893254545,5.255120521684819,False,False
60_14_liver,Organic_D,liver,2.303,Detected,no,1.74830893254545,-2.4418794783151814,False,False
60_14_inksac,Organic_D,inksac,6.813,Detected,no,1.74830893254545,2.0681205216848184,False,False
60_14_stomach,Organic_D,stomach,11.235,Detected,yes,1.74830893254545,6.490120521684818,False,True
60_05_muscle,Organic_D,muscle,10.0,BLOQ,no,1.74830893254545,5.255120521684819,False,False
60_05_liver,Organic_D,liver,12.376,Detected,no,1.74830893254545,7.631120521684818,False,False
60_05_inksac,Organic_D,inksac,3.275,Detected,no,1.74830893254545,-1.4698794783151814,False,False
60_05_stomach,Organic_D,stomach,5.142,Detected,no,1.74830893254545,0.39712052168481904,False,False
65_11_muscle,Organic_D,muscle,10.0,BLOQ,no,1.5164048921069397,6.444182935572975,False,False
65_11_liver,Organic_D,liver,7.505,Detected,no,1.5164048921069397,3.949182935572975,False,False
65_11_inksac,Organic_D,inksac,1.724,Detected,no,1.5164048921069397,-1.8318170644270249,False,False
65_11_stomach,Organic_D,stomach,0.531,Detected,no,1.5164048921069397,-3.0248170644270247,False,False
60_13_muscle,Organic_D,muscle,10.0,BLOQ,no,1.74830893254545,5.255120521684819,False,False
65_10_muscle,Organic_D,muscle,10.0,BLOQ,no,1.5164048921069397,6.444182935572975,False,False
60_13_liver,Organic_D,liver,3.348,Detected,no,1.74830893254545,-1.3968794783151814,False,False
65_10_liver,Organic_D,liver,3.01,Detected,no,1.5164048921069397,-0.545817064427025,False,False
65_10_inksac,Organic_D,inksac,0.818,Detected,no,1.5164048921069397,-2.7378170644270248,False,False
60_13_stomach,Organic_D,stomach,3.322,Detected,no,1.74830893254545,-1.4228794783151812,False,False
65_10_stomach,Organic_D,stomach,0.763,Detected,no,1.5164048921069397,-2.792817064427025,False,False
60_07_muscle,Organic_D,muscle,10.0,BLOQ,no,1.74830893254545,5.255120521684819,False,False
60_07_liver,Organic_D,liver,12.879,Detected,no,1.74830893254545,8.134120521684817,False,False
60_07_stomach,Organic_D,stomach,2.456,Detected,no,1.74830893254545,-2.2888794783151813,False,False
65_14_muscle,Organic_D,muscle,0.154,Detected,no,1.5164048921069397,-3.401817064427025,False,False
65_14_liver,Organic_D,liver,10.408,Detected,no,1.5164048921069397,6.852182935572975,False,False
65_14_stomach,Organic_D,stomach,1.031,Detected,no,1.5164048921069397,-2.524817064427025,False,False
28_04_muscle,Organic_D,muscle,0.882,Detected,no,1.4118302623879166,-2.2214589418166373,False,False
28_04_liver,Organic_D,liver,11.031,Detected,no,1.4118302623879166,7.927541058183364,False,False
28_04_stomach,Organic_D,stomach,21.974,Detected,yes,1.4118302623879166,18.870541058183363,False,True
60_02_muscle,Organic_D,muscle,10.0,BLOQ,no,1.74830893254545,5.255120521684819,False,False
60_02_liver,Organic_D,liver,7.746,Detected,no,1.74830893254545,3.001120521684819,False,False
60_02_stomach,Organic_D,stomach,2.4,Detected,no,1.74830893254545,-2.3448794783151814,False,False
60_03_muscle,Organic_D,muscle,10.0,BLOQ,no,1.74830893254545,5.255120521684819,False,False
60_04_muscle,Organic_D,muscle,10.0,BLOQ,no,1.74830893254545,5.255120521684819,False,False
60_03_liver,Organic_D,liver,7.719,Detected,no,1.74830893254545,2.974120521684819,False,False
60_04_liver,Organic_D,liver,29.643,Detected,no,1.74830893254545,24.89812052168482,False,False
60_04_inksac,Organic_D,inksac,1.734,Detected,no,1.74830893254545,-3.0108794783151813,False,False
60_03_stomach,Organic_D,stomach,1.613,Detected,no,1.74830893254545,-3.1318794783151813,False,False
60_04_stomach,Organic_D,stomach,2.164,Detected,no,1.74830893254545,-2.580879478315181,False,False
47_12_muscle,Organic_D,muscle,0.53,Detected,no,1.5106680304999118,-2.9997557988348893,False,False
47_12_liver,Organic_D,liver,46.923,Detected,no,1.5106680304999118,43.39324420116511,True,True
47_12_inksac,Organic_D,inksac,1.7,Detected,no,1.5106680304999118,-1.8297557988348891,False,False
47_12_stomach,Organic_D,stomach,26.02,Detected,yes,1.5106680304999118,22.490244201165112,False,True
65_13_muscle,Organic_D,muscle,0.118,Detected,no,1.5164048921069397,-3.437817064427025,False,False
65_13_liver,Organic_D,liver,7.657,Detected,no,1.5164048921069397,4.101182935572975,False,False
65_13_inksac,Organic_D,inksac,2.87,Detected,no,1.5164048921069397,-0.6858170644270247,False,False
65_13_stomach,Organic_D,stomach,0.411,Detected,no,1.5164048921069397,-3.144817064427025,False,False
60_06_muscle,Organic_D,muscle,10.0,BLOQ,no,1.74830893254545,5.255120521684819,False,False
60_06_liver,Organic_D,liver,7.6,Detected,no,1.74830893254545,2.8551205216848183,False,False
60_06_inksac,Organic_D,inksac,1.946,Detected,no,1.74830893254545,-2.7988794783151816,False,False
60_06_stomach,Organic_D,stomach,2.639,Detected,no,1.74830893254545,-2.1058794783151815,False,False
49_01_muscle,Organic_D,muscle,0.686,Detected,no,1.4739505830075479,-2.6804511397317663,False,False
49_01_liver,Organic_D,liver,11.067,Detected,no,1.4739505830075479,7.700548860268234,False,False
49_01_stomach,Organic_D,stomach,10.19,Detected,no,1.4739505830075479,6.823548860268233,False,False
26_15_muscle,Organic_D,muscle,0.501,Detected,no,1.5172979417774033,-3.058887452613994,False,False
26_15_liver,Organic_D,liver,26.404,Detected,no,1.5172979417774033,22.844112547386004,False,False
26_15_stomach,Organic_D,stomach,13.375,Detected,yes,1.5172979417774033,9.815112547386006,False,True
28_10_muscle,Organic_D,muscle,0.363,Detected,no,1.4118302623879166,-2.7404589418166374,False,False
28_10_liver,Organic_D,liver,5.63,Detected,no,1.4118302623879166,2.5265410581833625,False,False
28_10_stomach,Organic_D,stomach,2.314,Detected,no,1.4118302623879166,-0.7894589418166373,False,False
60_15_muscle,Organic_D,muscle,10.0,BLOQ,no,1.74830893254545,5.255120521684819,False,False
60_15_liver,Organic_D,liver,10.689,Detected,no,1.74830893254545,5.944120521684819,False,False
60_15_stomach,Organic_D,stomach,1.176,Detected,no,1.74830893254545,-3.568879478315181,False,False
47_03_muscle,Organic_D,muscle,0.347,Detected,no,1.5106680304999118,-3.182755798834889,False,False
47_03_liver,Organic_D,liver,13.506,Detected,no,1.5106680304999118,9.97624420116511,False,False
47_03_inksac,Organic_D,inksac,4.409,Detected,no,1.5106680304999118,0.8792442011651107,False,False
47_03_stomach,Organic_D,stomach,1.974,Detected,no,1.5106680304999118,-1.5557557988348891,False,False
28_08_muscle,Organic_D,muscle,0.38,Detected,no,1.4118302623879166,-2.7234589418166375,False,False
28_08_liver,Organic_D,liver,1.93,Detected,no,1.4118302623879166,-1.1734589418166375,False,False
28_08_stomach,Organic_D,stomach,1.691,Detected,no,1.4118302623879166,-1.4124589418166373,False,False
26_07_muscle,Organic_D,muscle,0.282,Detected,no,1.5172979417774033,-3.277887452613994,False,False
26_07_liver,Organic_D,liver,25.261,Detected,no,1.5172979417774033,21.701112547386003,False,False
26_07_stomach,Organic_D,stomach,1.119,Detected,no,1.5172979417774033,-2.4408874526139943,False,False
65_03_muscle,Organic_D,muscle,0.102,Detected,no,1.5164048921069397,-3.453817064427025,False,False
65_03_liver,Organic_D,liver,12.715,Detected,no,1.5164048921069397,9.159182935572975,False,False
65_03_inksac,Organic_D,inksac,5.0,BLOQ,no,1.5164048921069397,1.4441829355729752,False,False
65_03_stomach,Organic_D,stomach,0.868,Detected,no,1.5164048921069397,-2.687817064427025,False,False
65_04_muscle,Organic_D,muscle,10.0,BLOQ,,1.5164048921069397,6.444182935572975,False,False
65_04_liver,Organic_D,liver,2.948,Detected,no,1.5164048921069397,-0.6078170644270249,False,False
65_04_inksac,Organic_D,inksac,3.661,Detected,no,1.5164048921069397,0.1051829355729752,False,False
65_04_stomach,Organic_D,stomach,1.441,Detected,no,1.5164048921069397,-2.114817064427025,False,False
26_03_muscle,Organic_D,muscle,0.311,Detected,no,1.5172979417774033,-3.248887452613994,False,False
26_03_liver,Organic_D,liver,16.463,Detected,no,1.5172979417774033,12.903112547386007,False,False
26_03_stomach,Organic_D,stomach,0.533,Detected,no,1.5172979417774033,-3.026887452613994,False,False
28_11_muscle,Organic_D,muscle,0.58,Detected,no,1.4118302623879166,-2.5234589418166373,False,False
28_11_liver,Organic_D,liver,1.658,Detected,no,1.4118302623879166,-1.4454589418166375,False,False
28_11_stomach,Organic_D,stomach,1.216,Detected,no,1.4118302623879166,-1.8874589418166374,False,False
47_07_muscle,Organic_D,muscle,0.57,Detected,no,1.5106680304999118,-2.9597557988348893,False,False
47_07_liver,Organic_D,liver,9.224,Detected,no,1.5106680304999118,5.694244201165111,False,False
47_07_inksac,Organic_D,inksac,1.068,Detected,no,1.5106680304999118,-2.461755798834889,False,False
47_07_stomach,Organic_D,stomach,1.129,Detected,no,1.5106680304999118,-2.400755798834889,False,False
26_09_muscle,Organic_D,muscle,0.383,Detected,no,1.5172979417774033,-3.176887452613994,False,False
26_09_liver,Organic_D,liver,3.915,Detected,no,1.5172979417774033,0.35511254738600595,False,False
26_09_stomach,Organic_D,stomach,0.649,Detected,no,1.5172979417774033,-2.910887452613994,False,False
65_05_muscle,Organic_D,muscle,10.0,BLOQ,no,1.5164048921069397,6.444182935572975,False,False
65_05_liver,Organic_D,liver,12.924,Detected,no,1.5164048921069397,9.368182935572975,False,False
65_05_stomach,Organic_D,stomach,10.035,Detected,yes,1.5164048921069397,6.479182935572975,False,True
26_08_muscle,Organic_D,muscle,0.409,Detected,no,1.5172979417774033,-3.1508874526139943,False,False
26_08_liver,Organic_D,liver,6.481,Detected,no,1.5172979417774033,2.921112547386006,False,False
26_08_stomach,Organic_D,stomach,0.864,Detected,no,1.5172979417774033,-2.695887452613994,False,False
47_02_muscle,Organic_D,muscle,0.468,Detected,no,1.5106680304999118,-3.061755798834889,False,False
47_02_liver,Organic_D,liver,7.54,Detected,no,1.5106680304999118,4.010244201165111,False,False
47_02_inksac,Organic_D,inksac,0.607,Detected,no,1.5106680304999118,-2.9227557988348893,False,False
47_02_stomach,Organic_D,stomach,3.647,Detected,no,1.5106680304999118,0.1172442011651107,False,False
28_05_muscle,Organic_D,muscle,0.52,Detected,no,1.4118302623879166,-2.5834589418166374,False,False
28_05_liver,Organic_D,liver,27.737,Detected,no,1.4118302623879166,24.63354105818336,False,False
28_05_stomach,Organic_D,stomach,2.093,Detected,no,1.4118302623879166,-1.0104589418166374,False,False
26_04_muscle,Organic_D,muscle,0.656,Detected,no,1.5172979417774033,-2.903887452613994,False,False
26_04_liver,Organic_D,liver,1.789,Detected,no,1.5172979417774033,-1.7708874526139942,False,False
26_04_stomach,Organic_D,stomach,0.448,Detected,no,1.5172979417774033,-3.111887452613994,False,False
47_13_muscle,Organic_D,muscle,0.54,Detected,no,1.5106680304999118,-2.989755798834889,False,False
47_14_muscle,Organic_D,muscle,0.496,Detected,no,1.5106680304999118,-3.033755798834889,False,False
47_13_liver,Organic_D,liver,33.19,Detected,no,1.5106680304999118,29.66024420116511,True,True
47_14_liver,Organic_D,liver,9.03,Detected,no,1.5106680304999118,5.50024420116511,False,False
47_13_inksac,Organic_D,inksac,2.028,Detected,no,1.5106680304999118,-1.501755798834889,False,False
47_14_inksac,Organic_D,inksac,2.189,Detected,no,1.5106680304999118,-1.340755798834889,False,False
47_13_stomach,Organic_D,stomach,21.597,Detected,yes,1.5106680304999118,18.067244201165114,False,True
47_14_stomach,Organic_D,stomach,27.499,Detected,yes,1.5106680304999118,23.96924420116511,False,True
28_03_muscle,Organic_D,muscle,0.773,Detected,no,1.4118302623879166,-2.3304589418166373,False,False
28_03_liver,Organic_D,liver,6.591,Detected,no,1.4118302623879166,3.487541058183363,False,False
28_03_stomach,Organic_D,stomach,14.23,Detected,yes,1.4118302623879166,11.126541058183363,False,True
28_02_muscle,Organic_D,muscle,0.862,Detected,no,1.4118302623879166,-2.2414589418166373,False,False
28_02_liver,Organic_D,liver,15.155,Detected,no,1.4118302623879166,12.051541058183362,False,False
28_02_stomach,Organic_D,stomach,12.134,Detected,no,1.4118302623879166,9.030541058183363,False,False
49_05_muscle,Organic_D,muscle,0.367,Detected,no,1.4739505830075479,-2.9994511397317662,False,False
49_05_liver,Organic_D,liver,44.865,Detected,no,1.4739505830075479,41.49854886026824,True,True
49_05_inksac,Organic_D,inksac,1.943,Detected,no,1.4739505830075479,-1.4234511397317662,False,False
49_05_stomach,Organic_D,stomach,18.818,Detected,yes,1.4739505830075479,15.451548860268236,False,True
28_06_muscle,Organic_D,muscle,0.58,Detected,no,1.4118302623879166,-2.5234589418166373,False,False
28_06_liver,Organic_D,liver,21.293,Detected,no,1.4118302623879166,18.189541058183362,False,False
28_06_stomach,Organic_D,stomach,1.013,Detected,no,1.4118302623879166,-2.0904589418166375,False,False
28_09_muscle,Organic_D,muscle,0.38,Detected,no,1.4118302623879166,-2.7234589418166375,False,False
28_09_liver,Organic_D,liver,9.049,Detected,no,1.4118302623879166,5.9455410581833625,False,False
28_09_stomach,Organic_D,stomach,1.467,Detected,no,1.4118302623879166,-1.6364589418166373,False,False
49_02_muscle,Organic_D,muscle,0.454,Detected,no,1.4739505830075479,-2.912451139731766,False,False
49_02_liver,Organic_D,liver,60.361,Detected,yes,1.4739505830075479,56.99454886026823,True,True
49_02_inksac,Organic_D,inksac,2.1,Detected,no,1.4739505830075479,-1.2664511397317662,False,False
49_02_stomach,Organic_D,stomach,10.723,Detected,no,1.4739505830075479,7.3565488602682345,False,False
28_14_muscle,Organic_D,muscle,0.598,Detected,no,1.4118302623879166,-2.5054589418166375,False,False
28_14_liver,Organic_D,liver,2.279,Detected,no,1.4118302623879166,-0.8244589418166375,False,False
28_14_stomach,Organic_D,stomach,1.857,Detected,no,1.4118302623879166,-1.2464589418166374,False,False
26_06_muscle,Organic_D,muscle,0.773,Detected,no,1.5172979417774033,-2.786887452613994,False,False
26_06_liver,Organic_D,liver,16.291,Detected,no,1.5172979417774033,12.731112547386006,False,False
26_06_stomach,Organic_D,stomach,1.394,Detected,no,1.5172979417774033,-2.165887452613994,False,False
47_05_muscle,Organic_D,muscle,0.875,Detected,no,1.5106680304999118,-2.654755798834889,False,False
47_05_liver,Organic_D,liver,15.393,Detected,no,1.5106680304999118,11.863244201165111,False,False
47_05_inksac,Organic_D,inksac,2.074,Detected,no,1.5106680304999118,-1.4557557988348893,False,False
47_05_stomach,Organic_D,stomach,1.624,Detected,no,1.5106680304999118,-1.905755798834889,False,False
28_13_muscle,Organic_D,muscle,0.373,Detected,no,1.4118302623879166,-2.7304589418166376,False,False
28_13_liver,Organic_D,liver,9.324,Detected,no,1.4118302623879166,6.220541058183363,False,False
28_13_stomach,Organic_D,stomach,2.334,Detected,no,1.4118302623879166,-0.7694589418166373,False,False
28_01_muscle,Organic_D,muscle,0.523,Detected,no,1.4118302623879166,-2.5804589418166373,False,False
28_01_liver,Organic_D,liver,14.887,Detected,no,1.4118302623879166,11.783541058183364,False,False
28_01_stomach,Organic_D,stomach,11.11,Detected,no,1.4118302623879166,8.006541058183362,False,False
26_12_muscle,Organic_D,muscle,0.414,Detected,no,1.5172979417774033,-3.145887452613994,False,False
26_12_liver,Organic_D,liver,18.907,Detected,no,1.5172979417774033,15.347112547386006,False,False
26_12_stomach,Organic_D,stomach,2.294,Detected,no,1.5172979417774033,-1.265887452613994,False,False
47_06_muscle,Organic_D,muscle,1.127,Detected,no,1.5106680304999118,-2.402755798834889,False,False
47_06_liver,Organic_D,liver,5.596,Detected,no,1.5106680304999118,2.066244201165111,False,False
47_06_inksac,Organic_D,inksac,1.785,Detected,no,1.5106680304999118,-1.7447557988348892,False,False
47_06_stomach,Organic_D,stomach,1.304,Detected,no,1.5106680304999118,-2.2257557988348893,False,False
26_05_muscle,Organic_D,muscle,0.865,Detected,no,1.5172979417774033,-2.694887452613994,False,False
26_05_liver,Organic_D,liver,8.365,Detected,no,1.5172979417774033,4.805112547386006,False,False
26_05_stomach,Organic_D,stomach,1.175,Detected,no,1.5172979417774033,-2.3848874526139943,False,False
28_07_muscle,Organic_D,muscle,0.752,Detected,no,1.4118302623879166,-2.351458941816637,False,False
28_07_liver,Organic_D,liver,29.94,Detected,no,1.4118302623879166,26.836541058183364,True,True
28_07_stomach,Organic_D,stomach,0.889,Detected,no,1.4118302623879166,-2.2144589418166376,False,False
47_08_muscle,Organic_D,muscle,0.492,Detected,no,1.5106680304999118,-3.037755798834889,False,False
47_09_muscle,Organic_D,muscle,0.596,Detected,no,1.5106680304999118,-2.933755798834889,False,False
47_08_liver,Organic_D,liver,15.124,Detected,no,1.5106680304999118,11.594244201165111,False,False
47_09_liver,Organic_D,liver,17.013,Detected,no,1.5106680304999118,13.483244201165112,False,False
47_08_inksac,Organic_D,inksac,4.07,Detected,no,1.5106680304999118,0.5402442011651112,False,False
47_09_inksac,Organic_D,inksac,5.769,Detected,no,1.5106680304999118,2.239244201165111,False,False
47_08_stomach,Organic_D,stomach,5.629,Detected,no,1.5106680304999118,2.0992442011651105,False,False
47_09_stomach,Organic_D,stomach,0.792,Detected,no,1.5106680304999118,-2.737755798834889,False,False
26_13_muscle,Organic_D,muscle,0.626,Detected,no,1.5172979417774033,-2.933887452613994,False,False
26_13_liver,Organic_D,liver,8.154,Detected,no,1.5172979417774033,4.594112547386006,False,False
26_13_stomach,Organic_D,stomach,8.197,Detected,no,1.5172979417774033,4.637112547386005,False,False
47_15_muscle,Organic_D,muscle,0.404,Detected,no,1.5106680304999118,-3.125755798834889,False,False
47_15_liver,Organic_D,liver,29.413,Detected,no,1.5106680304999118,25.883244201165112,False,False
47_15_inksac,Organic_D,inksac,8.386,Detected,yes,1.5106680304999118,4.85624420116511,False,True
47_15_stomach,Organic_D,stomach,6.752,Detected,no,1.5106680304999118,3.2222442011651107,False,False
26_14_muscle,Organic_D,muscle,0.468,Detected,no,1.5172979417774033,-3.091887452613994,False,False
26_14_liver,Organic_D,liver,7.536,Detected,no,1.5172979417774033,3.9761125473860055,False,False
26_14_stomach,Organic_D,stomach,9.284,Detected,no,1.5172979417774033,5.724112547386007,False,False
47_10_muscle,Organic_D,muscle,0.489,Detected,no,1.5106680304999118,-3.0407557988348892,False,False
47_10_liver,Organic_D,liver,14.543,Detected,no,1.5106680304999118,11.01324420116511,False,False
47_10_inksac,Organic_D,inksac,3.072,Detected,no,1.5106680304999118,-0.45775579883488904,False,False
47_10_stomach,Organic_D,stomach,7.762,Detected,no,1.5106680304999118,4.232244201165111,False,False
26_02_muscle,Organic_D,muscle,1.536,Detected,no,1.5172979417774033,-2.023887452613994,False,False
26_02_liver,Organic_D,liver,7.568,Detected,no,1.5172979417774033,4.0081125473860055,False,False
26_02_stomach,Organic_D,stomach,0.674,Detected,no,1.5172979417774033,-2.885887452613994,False,False
26_10_muscle,Organic_D,muscle,0.725,Detected,no,1.5172979417774033,-2.834887452613994,False,False
26_10_liver,Organic_D,liver,18.726,Detected,no,1.5172979417774033,15.166112547386005,False,False
26_10_stomach,Organic_D,stomach,1.69,Detected,no,1.5172979417774033,-1.8698874526139941,False,False
26_11_muscle,Organic_D,muscle,0.668,Detected,no,1.5172979417774033,-2.891887452613994,False,False
26_11_liver,Organic_D,liver,29.467,Detected,no,1.5172979417774033,25.907112547386006,False,False
26_11_stomach,Organic_D,stomach,14.428,Detected,yes,1.5172979417774033,10.868112547386007,False,True
28_15_muscle,Organic_D,muscle,0.836,Detected,no,1.4118302623879166,-2.2674589418166375,False,False
28_15_liver,Organic_D,liver,33.413,Detected,no,1.4118302623879166,30.30954105818336,True,True
28_15_stomach,Organic_D,stomach,1.227,Detected,no,1.4118302623879166,-1.8764589418166373,False,False
47_01_muscle,Organic_D,muscle,0.611,Detected,no,1.5106680304999118,-2.918755798834889,False,False
47_01_liver,Organic_D,liver,9.835,Detected,no,1.5106680304999118,6.305244201165111,False,False
47_01_inksac,Organic_D,inksac,2.245,Detected,no,1.5106680304999118,-1.284755798834889,False,False
47_01_stomach,Organic_D,stomach,2.434,Detected,no,1.5106680304999118,-1.095755798834889,False,False
49_04_muscle,Organic_D,muscle,0.395,Detected,no,1.4739505830075479,-2.9714511397317662,False,False
49_04_liver,Organic_D,liver,17.961,Detected,no,1.4739505830075479,14.594548860268233,False,False
49_04_inksac,Organic_D,inksac,2.028,Detected,no,1.4739505830075479,-1.3384511397317662,False,False
49_04_stomach,Organic_D,stomach,4.198,Detected,no,1.4739505830075479,0.8315488602682342,False,False
26_01_muscle,Organic_D,muscle,0.445,Detected,no,1.5172979417774033,-3.1148874526139942,False,False
26_01_liver,Organic_D,liver,4.179,Detected,no,1.5172979417774033,0.6191125473860062,False,False
26_01_stomach,Organic_D,stomach,3.526,Detected,no,1.5172979417774033,-0.033887452613994284,False,False
49_03_muscle,Organic_D,muscle,0.272,Detected,no,1.4739505830075479,-3.094451139731766,False,False
49_03_liver,Organic_D,liver,38.69,Detected,no,1.4739505830075479,35.32354886026823,True,True
49_03_inksac,Organic_D,inksac,1.613,Detected,no,1.4739505830075479,-1.7534511397317663,False,False
49_03_stomach,Organic_D,stomach,5.393,Detected,no,1.4739505830075479,2.0265488602682336,False,False
47_04_muscle,Organic_D,muscle,0.802,Detected,no,1.5106680304999118,-2.727755798834889,False,False
47_11_muscle,Organic_D,muscle,0.386,Detected,no,1.5106680304999118,-3.143755798834889,False,False
47_04_liver,Organic_D,liver,7.853,Detected,no,1.5106680304999118,4.32324420116511,False,False
47_11_liver,Organic_D,liver,37.747,Detected,no,1.5106680304999118,34.21724420116511,True,True
47_04_inksac,Organic_D,inksac,0.925,Detected,no,1.5106680304999118,-2.604755798834889,False,False
47_11_inksac,Organic_D,inksac,1.656,Detected,no,1.5106680304999118,-1.8737557988348892,False,False
47_04_stomach,Organic_D,stomach,0.665,Detected,no,1.5106680304999118,-2.864755798834889,False,False
47_11_stomach,Organic_D,stomach,9.576,Detected,no,1.5106680304999118,6.046244201165111,False,False
60_10_inksac,Organic_D,inksac,11.127,Detected,no,1.74830893254545,6.382120521684819,False,False
65_08_inksac,Organic_D,inksac,1.125,Detected,no,1.5164048921069397,-2.430817064427025,False,False
65_01_inksac,Organic_D,inksac,6.397,Detected,no,1.5164048921069397,2.8411829355729754,False,False
60_15_inksac,Organic_D,inksac,1.254,Detected,no,1.5198508129234631,-2.3175431291110113,False,False
60_07_inksac,Organic_D,inksac,10.304,Detected,no,1.74830893254545,5.559120521684819,False,False
65_14_inksac,Organic_D,inksac,12.215,Detected,yes,1.5164048921069397,8.659182935572975,False,True
60_03_inksac,Organic_D,inksac,5.43,Detected,no,1.74830893254545,0.6851205216848184,False,False
49_01_inksac,Organic_D,inksac,1.758,Detected,no,1.4739505830075479,-1.6084511397317662,False,False
65_05_inksac,Organic_D,inksac,5.797,Detected,no,1.5164048921069397,2.241182935572975,False,False
